<?xml version="1.0" encoding="utf-8"?>
<COLLADA xmlns="http://www.collada.org/2005/11/COLLADASchema" version="1.4.1" xmlns:xsi="http://www.w3.org/2001/XMLSchema-instance">
  <asset>
    <contributor>
      <author>Blender User</author>
      <authoring_tool>Blender 2.90.1 commit date:2020-09-23</authoring_tool>
    </contributor>
    <created>2020-11-25T02:40:39</created>
    <modified>2020-11-25T02:40:39</modified>
    <unit name="meter" meter="1"/>
    <up_axis>Z_UP</up_axis>
  </asset>
  <library_effects>
    <effect id="Material_001-effect">
      <profile_COMMON>
        <technique sid="common">
          <lambert>
            <emission>
              <color sid="emission">0.05 0.05 0.05 1</color>
            </emission>
            <diffuse>
              <color sid="diffuse">0.26 0.54 0.22 1</color>
            </diffuse>
            <reflectivity>
              <float sid="specular">0.5</float>
            </reflectivity>
          </lambert>
        </technique>
      </profile_COMMON>
    </effect>
  </library_effects>
  <library_materials>
    <material id="Material_001-material" name="Material.001">
      <instance_effect url="#Material_001-effect"/>
    </material>
  </library_materials>
  <library_geometries>
    <geometry id="Terrain-mesh" name="Terrain">
      <mesh>
        <source id="Terrain-mesh-positions">
          <float_array id="Terrain-mesh-positions-array" count="19683">-45.000 -45.000 35.235 -43.875 -45.000 33.454 -42.750 -45.000 31.746 -41.625 -45.000 30.110 -40.500 -45.000 28.542 -39.375 -45.000 27.041 -38.250 -45.000 25.605 -37.125 -45.000 24.230 -36.000 -45.000 22.914 -34.875 -45.000 21.654 -33.750 -45.000 20.448 -32.625 -45.000 19.292 -31.500 -45.000 18.185 -30.375 -45.000 17.125 -29.250 -45.000 16.109 -28.125 -45.000 15.136 -27.000 -45.000 14.206 -25.875 -45.000 13.318 -24.750 -45.000 12.471 -23.625 -45.000 11.666 -22.500 -45.000 10.903 -21.375 -45.000 10.182 -20.250 -45.000 9.504 -19.125 -45.000 8.871 -18.000 -45.000 8.282 -16.875 -45.000 7.740 -15.750 -45.000 7.243 -14.625 -45.000 6.794 -13.500 -45.000 6.391 -12.375 -45.000 6.035 -11.250 -45.000 5.725 -10.125 -45.000 5.460 -9.000 -45.000 5.240 -7.875 -45.000 5.061 -6.750 -45.000 4.923 -5.625 -45.000 4.822 -4.500 -45.000 4.756 -3.375 -45.000 4.724 -2.250 -45.000 4.721 -1.125 -45.000 4.746 0.000 -45.000 4.795 1.125 -45.000 4.867 2.250 -45.000 4.959 3.375 -45.000 5.070 4.500 -45.000 5.199 5.625 -45.000 5.345 6.750 -45.000 5.508 7.875 -45.000 5.688 9.000 -45.000 5.886 10.125 -45.000 6.105 11.250 -45.000 6.346 12.375 -45.000 6.611 13.500 -45.000 6.903 14.625 -45.000 7.226 15.750 -45.000 7.583 16.875 -45.000 7.978 18.000 -45.000 8.413 19.125 -45.000 8.893 20.250 -45.000 9.420 21.375 -45.000 9.999 22.500 -45.000 10.630 23.625 -45.000 11.317 24.750 -45.000 12.062 25.875 -45.000 12.866 27.000 -45.000 13.730 28.125 -45.000 14.655 29.250 -45.000 15.641 30.375 -45.000 16.687 31.500 -45.000 17.794 32.625 -45.000 18.960 33.750 -45.000 20.185 34.875 -45.000 21.468 36.000 -45.000 22.808 37.125 -45.000 24.204 38.250 -45.000 25.655 39.375 -45.000 27.161 40.500 -45.000 28.722 41.625 -45.000 30.337 42.750 -45.000 32.007 43.875 -45.000 33.734 45.000 -45.000 35.517 -45.000 -43.875 33.391 -43.875 -43.875 31.626 -42.750 -43.875 29.935 -41.625 -43.875 28.316 -40.500 -43.875 26.769 -39.375 -43.875 25.289 -38.250 -43.875 23.875 -37.125 -43.875 22.524 -36.000 -43.875 21.234 -34.875 -43.875 20.001 -33.750 -43.875 18.823 -32.625 -43.875 17.696 -31.500 -43.875 16.620 -30.375 -43.875 15.591 -29.250 -43.875 14.607 -28.125 -43.875 13.667 -27.000 -43.875 12.770 -25.875 -43.875 11.915 -24.750 -43.875 11.101 -23.625 -43.875 10.329 -22.500 -43.875 9.598 -21.375 -43.875 8.909 -20.250 -43.875 8.263 -19.125 -43.875 7.659 -18.000 -43.875 7.099 -16.875 -43.875 6.584 -15.750 -43.875 6.113 -14.625 -43.875 5.687 -13.500 -43.875 5.307 -12.375 -43.875 4.971 -11.250 -43.875 4.678 -10.125 -43.875 4.429 -9.000 -43.875 4.221 -7.875 -43.875 4.053 -6.750 -43.875 3.922 -5.625 -43.875 3.827 -4.500 -43.875 3.765 -3.375 -43.875 3.732 -2.250 -43.875 3.728 -1.125 -43.875 3.748 0.000 -43.875 3.791 1.125 -43.875 3.855 2.250 -43.875 3.937 3.375 -43.875 4.036 4.500 -43.875 4.151 5.625 -43.875 4.282 6.750 -43.875 4.428 7.875 -43.875 4.591 9.000 -43.875 4.771 10.125 -43.875 4.971 11.250 -43.875 5.192 12.375 -43.875 5.437 13.500 -43.875 5.710 14.625 -43.875 6.012 15.750 -43.875 6.349 16.875 -43.875 6.724 18.000 -43.875 7.139 19.125 -43.875 7.599 20.250 -43.875 8.107 21.375 -43.875 8.666 22.500 -43.875 9.279 23.625 -43.875 9.947 24.750 -43.875 10.673 25.875 -43.875 11.459 27.000 -43.875 12.304 28.125 -43.875 13.211 29.250 -43.875 14.178 30.375 -43.875 15.206 31.500 -43.875 16.294 32.625 -43.875 17.441 33.750 -43.875 18.647 34.875 -43.875 19.910 36.000 -43.875 21.229 37.125 -43.875 22.604 38.250 -43.875 24.034 39.375 -43.875 25.518 40.500 -43.875 27.057 41.625 -43.875 28.649 42.750 -43.875 30.296 43.875 -43.875 31.999 45.000 -43.875 33.758 -45.000 -42.750 31.611 -43.875 -42.750 29.862 -42.750 -42.750 28.189 -41.625 -42.750 26.589 -40.500 -42.750 25.061 -39.375 -42.750 23.603 -38.250 -42.750 22.213 -37.125 -42.750 20.887 -36.000 -42.750 19.623 -34.875 -42.750 18.418 -33.750 -42.750 17.269 -32.625 -42.750 16.173 -31.500 -42.750 15.128 -30.375 -42.750 14.131 -29.250 -42.750 13.181 -28.125 -42.750 12.275 -27.000 -42.750 11.412 -25.875 -42.750 10.591 -24.750 -42.750 9.812 -23.625 -42.750 9.075 -22.500 -42.750 8.378 -21.375 -42.750 7.723 -20.250 -42.750 7.109 -19.125 -42.750 6.537 -18.000 -42.750 6.008 -16.875 -42.750 5.521 -15.750 -42.750 5.078 -14.625 -42.750 4.678 -13.500 -42.750 4.320 -12.375 -42.750 4.006 -11.250 -42.750 3.733 -10.125 -42.750 3.500 -9.000 -42.750 3.306 -7.875 -42.750 3.149 -6.750 -42.750 3.028 -5.625 -42.750 2.939 -4.500 -42.750 2.880 -3.375 -42.750 2.849 -2.250 -42.750 2.843 -1.125 -42.750 2.860 0.000 -42.750 2.896 1.125 -42.750 2.951 2.250 -42.750 3.022 3.375 -42.750 3.109 4.500 -42.750 3.209 5.625 -42.750 3.324 6.750 -42.750 3.453 7.875 -42.750 3.597 9.000 -42.750 3.758 10.125 -42.750 3.937 11.250 -42.750 4.138 12.375 -42.750 4.361 13.500 -42.750 4.612 14.625 -42.750 4.893 15.750 -42.750 5.208 16.875 -42.750 5.561 18.000 -42.750 5.955 19.125 -42.750 6.394 20.250 -42.750 6.881 21.375 -42.750 7.419 22.500 -42.750 8.011 23.625 -42.750 8.659 24.750 -42.750 9.366 25.875 -42.750 10.131 27.000 -42.750 10.957 28.125 -42.750 11.844 29.250 -42.750 12.792 30.375 -42.750 13.800 31.500 -42.750 14.868 32.625 -42.750 15.995 33.750 -42.750 17.181 34.875 -42.750 18.423 36.000 -42.750 19.721 37.125 -42.750 21.075 38.250 -42.750 22.482 39.375 -42.750 23.944 40.500 -42.750 25.459 41.625 -42.750 27.028 42.750 -42.750 28.651 43.875 -42.750 30.330 45.000 -42.750 32.065 -45.000 -41.625 29.896 -43.875 -41.625 28.163 -42.750 -41.625 26.507 -41.625 -41.625 24.927 -40.500 -41.625 23.420 -39.375 -41.625 21.985 -38.250 -41.625 20.619 -37.125 -41.625 19.319 -36.000 -41.625 18.082 -34.875 -41.625 16.905 -33.750 -41.625 15.786 -32.625 -41.625 14.722 -31.500 -41.625 13.709 -30.375 -41.625 12.746 -29.250 -41.625 11.830 -28.125 -41.625 10.959 -27.000 -41.625 10.132 -25.875 -41.625 9.348 -24.750 -41.625 8.605 -23.625 -41.625 7.903 -22.500 -41.625 7.242 -21.375 -41.625 6.622 -20.250 -41.625 6.043 -19.125 -41.625 5.505 -18.000 -41.625 5.008 -16.875 -41.625 4.552 -15.750 -41.625 4.138 -14.625 -41.625 3.765 -13.500 -41.625 3.433 -12.375 -41.625 3.141 -11.250 -41.625 2.889 -10.125 -41.625 2.675 -9.000 -41.625 2.497 -7.875 -41.625 2.353 -6.750 -41.625 2.242 -5.625 -41.625 2.160 -4.500 -41.625 2.106 -3.375 -41.625 2.077 -2.250 -41.625 2.070 -1.125 -41.625 2.083 0.000 -41.625 2.113 1.125 -41.625 2.159 2.250 -41.625 2.219 3.375 -41.625 2.293 4.500 -41.625 2.378 5.625 -41.625 2.476 6.750 -41.625 2.586 7.875 -41.625 2.711 9.000 -41.625 2.851 10.125 -41.625 3.008 11.250 -41.625 3.186 12.375 -41.625 3.386 13.500 -41.625 3.614 14.625 -41.625 3.871 15.750 -41.625 4.163 16.875 -41.625 4.492 18.000 -41.625 4.862 19.125 -41.625 5.278 20.250 -41.625 5.742 21.375 -41.625 6.258 22.500 -41.625 6.828 23.625 -41.625 7.454 24.750 -41.625 8.139 25.875 -41.625 8.884 27.000 -41.625 9.689 28.125 -41.625 10.555 29.250 -41.625 11.481 30.375 -41.625 12.469 31.500 -41.625 13.516 32.625 -41.625 14.622 33.750 -41.625 15.786 34.875 -41.625 17.006 36.000 -41.625 18.283 37.125 -41.625 19.614 38.250 -41.625 20.998 39.375 -41.625 22.437 40.500 -41.625 23.928 41.625 -41.625 25.473 42.750 -41.625 27.072 43.875 -41.625 28.725 45.000 -41.625 30.435 -45.000 -40.500 28.244 -43.875 -40.500 26.529 -42.750 -40.500 24.892 -41.625 -40.500 23.331 -40.500 -40.500 21.846 -39.375 -40.500 20.434 -38.250 -40.500 19.093 -37.125 -40.500 17.819 -36.000 -40.500 16.610 -34.875 -40.500 15.463 -33.750 -40.500 14.375 -32.625 -40.500 13.343 -31.500 -40.500 12.364 -30.375 -40.500 11.436 -29.250 -40.500 10.556 -28.125 -40.500 9.721 -27.000 -40.500 8.931 -25.875 -40.500 8.184 -24.750 -40.500 7.479 -23.625 -40.500 6.815 -22.500 -40.500 6.192 -21.375 -40.500 5.608 -20.250 -40.500 5.065 -19.125 -40.500 4.562 -18.000 -40.500 4.099 -16.875 -40.500 3.677 -15.750 -40.500 3.294 -14.625 -40.500 2.950 -13.500 -40.500 2.646 -12.375 -40.500 2.379 -11.250 -40.500 2.150 -10.125 -40.500 1.955 -9.000 -40.500 1.795 -7.875 -40.500 1.666 -6.750 -40.500 1.567 -5.625 -40.500 1.494 -4.500 -40.500 1.446 -3.375 -40.500 1.419 -2.250 -40.500 1.412 -1.125 -40.500 1.422 0.000 -40.500 1.446 1.125 -40.500 1.484 2.250 -40.500 1.533 3.375 -40.500 1.592 4.500 -40.500 1.661 5.625 -40.500 1.741 6.750 -40.500 1.832 7.875 -40.500 1.935 9.000 -40.500 2.052 10.125 -40.500 2.186 11.250 -40.500 2.339 12.375 -40.500 2.515 13.500 -40.500 2.717 14.625 -40.500 2.949 15.750 -40.500 3.215 16.875 -40.500 3.518 18.000 -40.500 3.863 19.125 -40.500 4.254 20.250 -40.500 4.693 21.375 -40.500 5.184 22.500 -40.500 5.730 23.625 -40.500 6.333 24.750 -40.500 6.995 25.875 -40.500 7.716 27.000 -40.500 8.498 28.125 -40.500 9.342 29.250 -40.500 10.246 30.375 -40.500 11.211 31.500 -40.500 12.236 32.625 -40.500 13.320 33.750 -40.500 14.461 34.875 -40.500 15.659 36.000 -40.500 16.912 37.125 -40.500 18.220 38.250 -40.500 19.581 39.375 -40.500 20.995 40.500 -40.500 22.462 41.625 -40.500 23.982 42.750 -40.500 25.556 43.875 -40.500 27.184 45.000 -40.500 28.868 -45.000 -39.375 26.657 -43.875 -39.375 24.959 -42.750 -39.375 23.341 -41.625 -39.375 21.802 -40.500 -39.375 20.339 -39.375 -39.375 18.951 -38.250 -39.375 17.635 -37.125 -39.375 16.388 -36.000 -39.375 15.209 -34.875 -39.375 14.092 -33.750 -39.375 13.036 -32.625 -39.375 12.037 -31.500 -39.375 11.093 -30.375 -39.375 10.200 -29.250 -39.375 9.357 -28.125 -39.375 8.560 -27.000 -39.375 7.809 -25.875 -39.375 7.101 -24.750 -39.375 6.435 -23.625 -39.375 5.810 -22.500 -39.375 5.225 -21.375 -39.375 4.681 -20.250 -39.375 4.176 -19.125 -39.375 3.711 -18.000 -39.375 3.284 -16.875 -39.375 2.896 -15.750 -39.375 2.547 -14.625 -39.375 2.235 -13.500 -39.375 1.960 -12.375 -39.375 1.721 -11.250 -39.375 1.517 -10.125 -39.375 1.345 -9.000 -39.375 1.204 -7.875 -39.375 1.092 -6.750 -39.375 1.006 -5.625 -39.375 0.945 -4.500 -39.375 0.904 -3.375 -39.375 0.881 -2.250 -39.375 0.875 -1.125 -39.375 0.882 0.000 -39.375 0.901 1.125 -39.375 0.930 2.250 -39.375 0.967 3.375 -39.375 1.012 4.500 -39.375 1.065 5.625 -39.375 1.125 6.750 -39.375 1.195 7.875 -39.375 1.275 9.000 -39.375 1.368 10.125 -39.375 1.476 11.250 -39.375 1.603 12.375 -39.375 1.751 13.500 -39.375 1.925 14.625 -39.375 2.129 15.750 -39.375 2.366 16.875 -39.375 2.642 18.000 -39.375 2.959 19.125 -39.375 3.322 20.250 -39.375 3.734 21.375 -39.375 4.199 22.500 -39.375 4.719 23.625 -39.375 5.296 24.750 -39.375 5.932 25.875 -39.375 6.628 27.000 -39.375 7.386 28.125 -39.375 8.205 29.250 -39.375 9.085 30.375 -39.375 10.027 31.500 -39.375 11.028 32.625 -39.375 12.087 33.750 -39.375 13.205 34.875 -39.375 14.379 36.000 -39.375 15.608 37.125 -39.375 16.891 38.250 -39.375 18.228 39.375 -39.375 19.617 40.500 -39.375 21.059 41.625 -39.375 22.554 42.750 -39.375 24.102 43.875 -39.375 25.704 45.000 -39.375 27.362 -45.000 -38.250 25.134 -43.875 -38.250 23.455 -42.750 -38.250 21.857 -41.625 -38.250 20.338 -40.500 -38.250 18.899 -39.375 -38.250 17.535 -38.250 -38.250 16.245 -37.125 -38.250 15.027 -36.000 -38.250 13.877 -34.875 -38.250 12.792 -33.750 -38.250 11.768 -32.625 -38.250 10.804 -31.500 -38.250 9.895 -30.375 -38.250 9.040 -29.250 -38.250 8.234 -28.125 -38.250 7.476 -27.000 -38.250 6.764 -25.875 -38.250 6.097 -24.750 -38.250 5.471 -23.625 -38.250 4.888 -22.500 -38.250 4.344 -21.375 -38.250 3.840 -20.250 -38.250 3.376 -19.125 -38.250 2.950 -18.000 -38.250 2.562 -16.875 -38.250 2.212 -15.750 -38.250 1.898 -14.625 -38.250 1.621 -13.500 -38.250 1.379 -12.375 -38.250 1.170 -11.250 -38.250 0.993 -10.125 -38.250 0.847 -9.000 -38.250 0.728 -7.875 -38.250 0.636 -6.750 -38.250 0.566 -5.625 -38.250 0.517 -4.500 -38.250 0.486 -3.375 -38.250 0.469 -2.250 -38.250 0.465 -1.125 -38.250 0.471 0.000 -38.250 0.485 1.125 -38.250 0.505 2.250 -38.250 0.530 3.375 -38.250 0.560 4.500 -38.250 0.595 5.625 -38.250 0.635 6.750 -38.250 0.681 7.875 -38.250 0.737 9.000 -38.250 0.803 10.125 -38.250 0.883 11.250 -38.250 0.980 12.375 -38.250 1.098 13.500 -38.250 1.242 14.625 -38.250 1.415 15.750 -38.250 1.621 16.875 -38.250 1.866 18.000 -38.250 2.153 19.125 -38.250 2.485 20.250 -38.250 2.868 21.375 -38.250 3.303 22.500 -38.250 3.794 23.625 -38.250 4.343 24.750 -38.250 4.951 25.875 -38.250 5.620 27.000 -38.250 6.351 28.125 -38.250 7.144 29.250 -38.250 7.999 30.375 -38.250 8.914 31.500 -38.250 9.890 32.625 -38.250 10.924 33.750 -38.250 12.017 34.875 -38.250 13.165 36.000 -38.250 14.369 37.125 -38.250 15.627 38.250 -38.250 16.938 39.375 -38.250 18.302 40.500 -38.250 19.718 41.625 -38.250 21.187 42.750 -38.250 22.709 43.875 -38.250 24.285 45.000 -38.250 25.917 -45.000 -37.125 23.676 -43.875 -37.125 22.015 -42.750 -37.125 20.437 -41.625 -37.125 18.941 -40.500 -37.125 17.525 -39.375 -37.125 16.187 -38.250 -37.125 14.925 -37.125 -37.125 13.735 -36.000 -37.125 12.615 -34.875 -37.125 11.562 -33.750 -37.125 10.573 -32.625 -37.125 9.643 -31.500 -37.125 8.771 -30.375 -37.125 7.953 -29.250 -37.125 7.187 -28.125 -37.125 6.469 -27.000 -37.125 5.798 -25.875 -37.125 5.172 -24.750 -37.125 4.590 -23.625 -37.125 4.048 -22.500 -37.125 3.548 -21.375 -37.125 3.087 -20.250 -37.125 2.665 -19.125 -37.125 2.281 -18.000 -37.125 1.935 -16.875 -37.125 1.625 -15.750 -37.125 1.351 -14.625 -37.125 1.111 -13.500 -37.125 0.904 -12.375 -37.125 0.729 -11.250 -37.125 0.584 -10.125 -37.125 0.466 -9.000 -37.125 0.374 -7.875 -37.125 0.304 -6.750 -37.125 0.254 -5.625 -37.125 0.221 -4.500 -37.125 0.202 -3.375 -37.125 0.194 -2.250 -37.125 0.194 -1.125 -37.125 0.199 0.000 -37.125 0.209 1.125 -37.125 0.220 2.250 -37.125 0.233 3.375 -37.125 0.247 4.500 -37.125 0.262 5.625 -37.125 0.279 6.750 -37.125 0.300 7.875 -37.125 0.327 9.000 -37.125 0.363 10.125 -37.125 0.412 11.250 -37.125 0.477 12.375 -37.125 0.562 13.500 -37.125 0.671 14.625 -37.125 0.810 15.750 -37.125 0.982 16.875 -37.125 1.193 18.000 -37.125 1.445 19.125 -37.125 1.745 20.250 -37.125 2.094 21.375 -37.125 2.497 22.500 -37.125 2.957 23.625 -37.125 3.474 24.750 -37.125 4.053 25.875 -37.125 4.692 27.000 -37.125 5.394 28.125 -37.125 6.159 29.250 -37.125 6.985 30.375 -37.125 7.873 31.500 -37.125 8.821 32.625 -37.125 9.829 33.750 -37.125 10.895 34.875 -37.125 12.017 36.000 -37.125 13.194 37.125 -37.125 14.426 38.250 -37.125 15.711 39.375 -37.125 17.048 40.500 -37.125 18.438 41.625 -37.125 19.880 42.750 -37.125 21.376 43.875 -37.125 22.926 45.000 -37.125 24.531 -45.000 -36.000 22.281 -43.875 -36.000 20.640 -42.750 -36.000 19.084 -41.625 -36.000 17.610 -40.500 -36.000 16.219 -39.375 -36.000 14.907 -38.250 -36.000 13.672 -37.125 -36.000 12.512 -36.000 -36.000 11.423 -34.875 -36.000 10.403 -33.750 -36.000 9.448 -32.625 -36.000 8.555 -31.500 -36.000 7.720 -30.375 -36.000 6.941 -29.250 -36.000 6.215 -28.125 -36.000 5.539 -27.000 -36.000 4.910 -25.875 -36.000 4.328 -24.750 -36.000 3.789 -23.625 -36.000 3.293 -22.500 -36.000 2.837 -21.375 -36.000 2.422 -20.250 -36.000 2.045 -19.125 -36.000 1.707 -18.000 -36.000 1.405 -16.875 -36.000 1.139 -15.750 -36.000 0.907 -14.625 -36.000 0.709 -13.500 -36.000 0.542 -12.375 -36.000 0.405 -11.250 -36.000 0.296 -10.125 -36.000 0.212 -9.000 -36.000 0.151 -7.875 -36.000 0.109 -6.750 -36.000 0.084 -5.625 -36.000 0.072 -4.500 -36.000 0.070 -3.375 -36.000 0.075 -2.250 -36.000 0.083 -1.125 -36.000 0.091 0.000 -36.000 0.098 1.125 -36.000 0.101 2.250 -36.000 0.099 3.375 -36.000 0.093 4.500 -36.000 0.085 5.625 -36.000 0.074 6.750 -36.000 0.065 7.875 -36.000 0.060 9.000 -36.000 0.061 10.125 -36.000 0.074 11.250 -36.000 0.101 12.375 -36.000 0.148 13.500 -36.000 0.219 14.625 -36.000 0.319 15.750 -36.000 0.453 16.875 -36.000 0.625 18.000 -36.000 0.840 19.125 -36.000 1.102 20.250 -36.000 1.416 21.375 -36.000 1.783 22.500 -36.000 2.207 23.625 -36.000 2.691 24.750 -36.000 3.236 25.875 -36.000 3.844 27.000 -36.000 4.514 28.125 -36.000 5.248 29.250 -36.000 6.044 30.375 -36.000 6.902 31.500 -36.000 7.821 32.625 -36.000 8.800 33.750 -36.000 9.838 34.875 -36.000 10.932 36.000 -36.000 12.082 37.125 -36.000 13.286 38.250 -36.000 14.543 39.375 -36.000 15.854 40.500 -36.000 17.216 41.625 -36.000 18.632 42.750 -36.000 20.101 43.875 -36.000 21.624 45.000 -36.000 23.203 -45.000 -34.875 20.950 -43.875 -34.875 19.330 -42.750 -34.875 17.795 -41.625 -34.875 16.346 -40.500 -34.875 14.979 -39.375 -34.875 13.694 -38.250 -34.875 12.488 -37.125 -34.875 11.358 -36.000 -34.875 10.301 -34.875 -34.875 9.315 -33.750 -34.875 8.395 -32.625 -34.875 7.538 -31.500 -34.875 6.742 -30.375 -34.875 6.003 -29.250 -34.875 5.318 -28.125 -34.875 4.685 -27.000 -34.875 4.100 -25.875 -34.875 3.563 -24.750 -34.875 3.070 -23.625 -34.875 2.621 -22.500 -34.875 2.213 -21.375 -34.875 1.846 -20.250 -34.875 1.518 -19.125 -34.875 1.228 -18.000 -34.875 0.974 -16.875 -34.875 0.757 -15.750 -34.875 0.573 -14.625 -34.875 0.421 -13.500 -34.875 0.300 -12.375 -34.875 0.208 -11.250 -34.875 0.142 -10.125 -34.875 0.100 -9.000 -34.875 0.081 -7.875 -34.875 0.076 -6.750 -34.875 0.076 -5.625 -34.875 0.078 -4.500 -34.875 0.082 -3.375 -34.875 0.088 -2.250 -34.875 0.093 -1.125 -34.875 0.097 0.000 -34.875 0.098 1.125 -34.875 0.096 2.250 -34.875 0.088 3.375 -34.875 0.075 4.500 -34.875 0.056 5.625 -34.875 0.030 6.750 -34.875 -0.002 7.875 -34.875 -0.039 9.000 -34.875 -0.082 10.125 -34.875 -0.116 11.250 -34.875 -0.135 12.375 -34.875 -0.133 13.500 -34.875 -0.107 14.625 -34.875 -0.052 15.750 -34.875 0.038 16.875 -34.875 0.167 18.000 -34.875 0.340 19.125 -34.875 0.561 20.250 -34.875 0.833 21.375 -34.875 1.161 22.500 -34.875 1.547 23.625 -34.875 1.994 24.750 -34.875 2.503 25.875 -34.875 3.075 27.000 -34.875 3.711 28.125 -34.875 4.411 29.250 -34.875 5.174 30.375 -34.875 6.001 31.500 -34.875 6.889 32.625 -34.875 7.837 33.750 -34.875 8.845 34.875 -34.875 9.909 36.000 -34.875 11.030 37.125 -34.875 12.206 38.250 -34.875 13.435 39.375 -34.875 14.717 40.500 -34.875 16.052 41.625 -34.875 17.440 42.750 -34.875 18.882 43.875 -34.875 20.378 45.000 -34.875 21.931 -45.000 -33.750 19.682 -43.875 -33.750 18.083 -42.750 -33.750 16.571 -41.625 -33.750 15.146 -40.500 -33.750 13.806 -39.375 -33.750 12.548 -38.250 -33.750 11.371 -37.125 -33.750 10.272 -36.000 -33.750 9.248 -34.875 -33.750 8.296 -33.750 -33.750 7.412 -32.625 -33.750 6.593 -31.500 -33.750 5.836 -30.375 -33.750 5.138 -29.250 -33.750 4.496 -28.125 -33.750 3.907 -27.000 -33.750 3.368 -25.875 -33.750 2.877 -24.750 -33.750 2.433 -23.625 -33.750 2.033 -22.500 -33.750 1.676 -21.375 -33.750 1.361 -20.250 -33.750 1.085 -19.125 -33.750 0.848 -18.000 -33.750 0.649 -16.875 -33.750 0.485 -15.750 -33.750 0.355 -14.625 -33.750 0.258 -13.500 -33.750 0.193 -12.375 -33.750 0.160 -11.250 -33.750 0.143 -10.125 -33.750 0.129 -9.000 -33.750 0.117 -7.875 -33.750 0.110 -6.750 -33.750 0.105 -5.625 -33.750 0.103 -4.500 -33.750 0.103 -3.375 -33.750 0.103 -2.250 -33.750 0.104 -1.125 -33.750 0.103 0.000 -33.750 0.099 1.125 -33.750 0.091 2.250 -33.750 0.079 3.375 -33.750 0.062 4.500 -33.750 0.038 5.625 -33.750 0.009 6.750 -33.750 -0.027 7.875 -33.750 -0.067 9.000 -33.750 -0.112 10.125 -33.750 -0.160 11.250 -33.750 -0.210 12.375 -33.750 -0.259 13.500 -33.750 -0.293 14.625 -33.750 -0.292 15.750 -33.750 -0.255 16.875 -33.750 -0.176 18.000 -33.750 -0.052 19.125 -33.750 0.122 20.250 -33.750 0.349 21.375 -33.750 0.633 22.500 -33.750 0.977 23.625 -33.750 1.382 24.750 -33.750 1.851 25.875 -33.750 2.385 27.000 -33.750 2.983 28.125 -33.750 3.647 29.250 -33.750 4.375 30.375 -33.750 5.167 31.500 -33.750 6.022 32.625 -33.750 6.938 33.750 -33.750 7.914 34.875 -33.750 8.948 36.000 -33.750 10.038 37.125 -33.750 11.184 38.250 -33.750 12.384 39.375 -33.750 13.637 40.500 -33.750 14.944 41.625 -33.750 16.304 42.750 -33.750 17.718 43.875 -33.750 19.188 45.000 -33.750 20.713 -45.000 -32.625 18.476 -43.875 -32.625 16.900 -42.750 -32.625 15.412 -41.625 -32.625 14.012 -40.500 -32.625 12.698 -39.375 -32.625 11.469 -38.250 -32.625 10.322 -37.125 -32.625 9.255 -36.000 -32.625 8.264 -34.875 -32.625 7.347 -33.750 -32.625 6.500 -32.625 -32.625 5.719 -31.500 -32.625 5.003 -30.375 -32.625 4.347 -29.250 -32.625 3.748 -28.125 -32.625 3.205 -27.000 -32.625 2.713 -25.875 -32.625 2.272 -24.750 -32.625 1.878 -23.625 -32.625 1.531 -22.500 -32.625 1.228 -21.375 -32.625 0.969 -20.250 -32.625 0.751 -19.125 -32.625 0.573 -18.000 -32.625 0.434 -16.875 -32.625 0.333 -15.750 -32.625 0.270 -14.625 -32.625 0.244 -13.500 -32.625 0.224 -12.375 -32.625 0.204 -11.250 -32.625 0.185 -10.125 -32.625 0.168 -9.000 -32.625 0.154 -7.875 -32.625 0.142 -6.750 -32.625 0.133 -5.625 -32.625 0.127 -4.500 -32.625 0.122 -3.375 -32.625 0.118 -2.250 -32.625 0.114 -1.125 -32.625 0.108 0.000 -32.625 0.100 1.125 -32.625 0.088 2.250 -32.625 0.072 3.375 -32.625 0.051 4.500 -32.625 0.023 5.625 -32.625 -0.009 6.750 -32.625 -0.048 7.875 -32.625 -0.091 9.000 -32.625 -0.138 10.125 -32.625 -0.188 11.250 -32.625 -0.239 12.375 -32.625 -0.290 13.500 -32.625 -0.338 14.625 -32.625 -0.381 15.750 -32.625 -0.411 16.875 -32.625 -0.395 18.000 -32.625 -0.328 19.125 -32.625 -0.209 20.250 -32.625 -0.033 21.375 -32.625 0.201 22.500 -32.625 0.498 23.625 -32.625 0.857 24.750 -32.625 1.282 25.875 -32.625 1.773 27.000 -32.625 2.331 28.125 -32.625 2.956 29.250 -32.625 3.646 30.375 -32.625 4.401 31.500 -32.625 5.220 32.625 -32.625 6.102 33.750 -32.625 7.044 34.875 -32.625 8.045 36.000 -32.625 9.104 37.125 -32.625 10.218 38.250 -32.625 11.388 39.375 -32.625 12.612 40.500 -32.625 13.890 41.625 -32.625 15.222 42.750 -32.625 16.609 43.875 -32.625 18.051 45.000 -32.625 19.550 -45.000 -31.500 17.333 -43.875 -31.500 15.780 -42.750 -31.500 14.316 -41.625 -31.500 12.942 -40.500 -31.500 11.656 -39.375 -31.500 10.456 -38.250 -31.500 9.339 -37.125 -31.500 8.304 -36.000 -31.500 7.347 -34.875 -31.500 6.466 -33.750 -31.500 5.656 -32.625 -31.500 4.916 -31.500 -31.500 4.240 -30.375 -31.500 3.627 -29.250 -31.500 3.074 -28.125 -31.500 2.578 -27.000 -31.500 2.136 -25.875 -31.500 1.746 -24.750 -31.500 1.407 -23.625 -31.500 1.116 -22.500 -31.500 0.872 -21.375 -31.500 0.674 -20.250 -31.500 0.521 -19.125 -31.500 0.411 -18.000 -31.500 0.345 -16.875 -31.500 0.325 -15.750 -31.500 0.309 -14.625 -31.500 0.291 -13.500 -31.500 0.271 -12.375 -31.500 0.250 -11.250 -31.500 0.229 -10.125 -31.500 0.209 -9.000 -31.500 0.191 -7.875 -31.500 0.175 -6.750 -31.500 0.161 -5.625 -31.500 0.150 -4.500 -31.500 0.140 -3.375 -31.500 0.132 -2.250 -31.500 0.123 -1.125 -31.500 0.113 0.000 -31.500 0.102 1.125 -31.500 0.086 2.250 -31.500 0.066 3.375 -31.500 0.042 4.500 -31.500 0.011 5.625 -31.500 -0.024 6.750 -31.500 -0.066 7.875 -31.500 -0.111 9.000 -31.500 -0.161 10.125 -31.500 -0.212 11.250 -31.500 -0.265 12.375 -31.500 -0.316 13.500 -31.500 -0.364 14.625 -31.500 -0.407 15.750 -31.500 -0.444 16.875 -31.500 -0.471 18.000 -31.500 -0.479 19.125 -31.500 -0.426 20.250 -31.500 -0.311 21.375 -31.500 -0.133 22.500 -31.500 0.110 23.625 -31.500 0.419 24.750 -31.500 0.796 25.875 -31.500 1.241 27.000 -31.500 1.754 28.125 -31.500 2.336 29.250 -31.500 2.985 30.375 -31.500 3.701 31.500 -31.500 4.482 32.625 -31.500 5.327 33.750 -31.500 6.233 34.875 -31.500 7.200 36.000 -31.500 8.226 37.125 -31.500 9.308 38.250 -31.500 10.447 39.375 -31.500 11.641 40.500 -31.500 12.889 41.625 -31.500 14.193 42.750 -31.500 15.551 43.875 -31.500 16.966 45.000 -31.500 18.439 -45.000 -30.375 16.251 -43.875 -30.375 14.722 -42.750 -30.375 13.284 -41.625 -30.375 11.936 -40.500 -30.375 10.678 -39.375 -30.375 9.507 -38.250 -30.375 8.422 -37.125 -30.375 7.420 -36.000 -30.375 6.498 -34.875 -30.375 5.653 -33.750 -30.375 4.882 -32.625 -30.375 4.181 -31.500 -30.375 3.548 -30.375 -30.375 2.980 -29.250 -30.375 2.473 -28.125 -30.375 2.026 -27.000 -30.375 1.636 -25.875 -30.375 1.301 -24.750 -30.375 1.019 -23.625 -30.375 0.790 -22.500 -30.375 0.611 -21.375 -30.375 0.482 -20.250 -30.375 0.404 -19.125 -30.375 0.382 -18.000 -30.375 0.380 -16.875 -30.375 0.372 -15.750 -30.375 0.360 -14.625 -30.375 0.344 -13.500 -30.375 0.324 -12.375 -30.375 0.302 -11.250 -30.375 0.278 -10.125 -30.375 0.255 -9.000 -30.375 0.232 -7.875 -30.375 0.210 -6.750 -30.375 0.191 -5.625 -30.375 0.174 -4.500 -30.375 0.159 -3.375 -30.375 0.146 -2.250 -30.375 0.133 -1.125 -30.375 0.119 0.000 -30.375 0.104 1.125 -30.375 0.085 2.250 -30.375 0.063 3.375 -30.375 0.035 4.500 -30.375 0.002 5.625 -30.375 -0.036 6.750 -30.375 -0.080 7.875 -30.375 -0.128 9.000 -30.375 -0.179 10.125 -30.375 -0.233 11.250 -30.375 -0.287 12.375 -30.375 -0.339 13.500 -30.375 -0.388 14.625 -30.375 -0.431 15.750 -30.375 -0.466 16.875 -30.375 -0.493 18.000 -30.375 -0.508 19.125 -30.375 -0.511 20.250 -30.375 -0.475 21.375 -30.375 -0.364 22.500 -30.375 -0.183 23.625 -30.375 0.070 24.750 -30.375 0.393 25.875 -30.375 0.787 27.000 -30.375 1.252 28.125 -30.375 1.787 29.250 -30.375 2.392 30.375 -30.375 3.066 31.500 -30.375 3.806 32.625 -30.375 4.612 33.750 -30.375 5.481 34.875 -30.375 6.412 36.000 -30.375 7.403 37.125 -30.375 8.452 38.250 -30.375 9.558 39.375 -30.375 10.721 40.500 -30.375 11.940 41.625 -30.375 13.214 42.750 -30.375 14.545 43.875 -30.375 15.933 45.000 -30.375 17.380 -45.000 -29.250 15.230 -43.875 -29.250 13.725 -42.750 -29.250 12.313 -41.625 -29.250 10.993 -40.500 -29.250 9.763 -39.375 -29.250 8.623 -38.250 -29.250 7.570 -37.125 -29.250 6.601 -36.000 -29.250 5.714 -34.875 -29.250 4.906 -33.750 -29.250 4.174 -32.625 -29.250 3.515 -31.500 -29.250 2.925 -30.375 -29.250 2.403 -29.250 -29.250 1.945 -28.125 -29.250 1.549 -27.000 -29.250 1.213 -25.875 -29.250 0.937 -24.750 -29.250 0.718 -23.625 -29.250 0.556 -22.500 -29.250 0.451 -21.375 -29.250 0.405 -20.250 -29.250 0.416 -19.125 -29.250 0.427 -18.000 -29.250 0.431 -16.875 -29.250 0.429 -15.750 -29.250 0.421 -14.625 -29.250 0.407 -13.500 -29.250 0.387 -12.375 -29.250 0.363 -11.250 -29.250 0.336 -10.125 -29.250 0.307 -9.000 -29.250 0.278 -7.875 -29.250 0.250 -6.750 -29.250 0.224 -5.625 -29.250 0.201 -4.500 -29.250 0.180 -3.375 -29.250 0.161 -2.250 -29.250 0.143 -1.125 -29.250 0.126 0.000 -29.250 0.107 1.125 -29.250 0.086 2.250 -29.250 0.060 3.375 -29.250 0.030 4.500 -29.250 -0.005 5.625 -29.250 -0.045 6.750 -29.250 -0.091 7.875 -29.250 -0.141 9.000 -29.250 -0.195 10.125 -29.250 -0.250 11.250 -29.250 -0.306 12.375 -29.250 -0.359 13.500 -29.250 -0.409 14.625 -29.250 -0.452 15.750 -29.250 -0.487 16.875 -29.250 -0.513 18.000 -29.250 -0.527 19.125 -29.250 -0.528 20.250 -29.250 -0.516 21.375 -29.250 -0.485 22.500 -29.250 -0.377 23.625 -29.250 -0.191 24.750 -29.250 0.072 25.875 -29.250 0.410 27.000 -29.250 0.822 28.125 -29.250 1.308 29.250 -29.250 1.865 30.375 -29.250 2.494 31.500 -29.250 3.191 32.625 -29.250 3.955 33.750 -29.250 4.785 34.875 -29.250 5.678 36.000 -29.250 6.633 37.125 -29.250 7.648 38.250 -29.250 8.721 39.375 -29.250 9.852 40.500 -29.250 11.040 41.625 -29.250 12.285 42.750 -29.250 13.588 43.875 -29.250 14.949 45.000 -29.250 16.370 -45.000 -28.125 14.268 -43.875 -28.125 12.789 -42.750 -28.125 11.403 -41.625 -28.125 10.111 -40.500 -28.125 8.911 -39.375 -28.125 7.802 -38.250 -28.125 6.781 -37.125 -28.125 5.846 -36.000 -28.125 4.995 -34.875 -28.125 4.225 -33.750 -28.125 3.533 -32.625 -28.125 2.915 -31.500 -28.125 2.370 -30.375 -28.125 1.895 -29.250 -28.125 1.487 -28.125 -28.125 1.146 -27.000 -28.125 0.868 -25.875 -28.125 0.655 -24.750 -28.125 0.505 -23.625 -28.125 0.420 -22.500 -28.125 0.405 -21.375 -28.125 0.436 -20.250 -28.125 0.462 -19.125 -28.125 0.481 -18.000 -28.125 0.493 -16.875 -28.125 0.498 -15.750 -28.125 0.494 -14.625 -28.125 0.483 -13.500 -28.125 0.463 -12.375 -28.125 0.437 -11.250 -28.125 0.405 -10.125 -28.125 0.370 -9.000 -28.125 0.333 -7.875 -28.125 0.297 -6.750 -28.125 0.262 -5.625 -28.125 0.231 -4.500 -28.125 0.203 -3.375 -28.125 0.178 -2.250 -28.125 0.155 -1.125 -28.125 0.134 0.000 -28.125 0.111 1.125 -28.125 0.087 2.250 -28.125 0.060 3.375 -28.125 0.028 4.500 -28.125 -0.009 5.625 -28.125 -0.052 6.750 -28.125 -0.100 7.875 -28.125 -0.152 9.000 -28.125 -0.208 10.125 -28.125 -0.265 11.250 -28.125 -0.323 12.375 -28.125 -0.378 13.500 -28.125 -0.428 14.625 -28.125 -0.472 15.750 -28.125 -0.507 16.875 -28.125 -0.532 18.000 -28.125 -0.545 19.125 -28.125 -0.545 20.250 -28.125 -0.531 21.375 -28.125 -0.503 22.500 -28.125 -0.462 23.625 -28.125 -0.357 24.750 -28.125 -0.163 25.875 -28.125 0.112 27.000 -28.125 0.466 28.125 -28.125 0.898 29.250 -28.125 1.404 30.375 -28.125 1.984 31.500 -28.125 2.635 32.625 -28.125 3.356 33.750 -28.125 4.144 34.875 -28.125 4.998 36.000 -28.125 5.915 37.125 -28.125 6.894 38.250 -28.125 7.934 39.375 -28.125 9.032 40.500 -28.125 10.189 41.625 -28.125 11.405 42.750 -28.125 12.680 43.875 -28.125 14.014 45.000 -28.125 15.409 -45.000 -27.000 13.364 -43.875 -27.000 11.911 -42.750 -27.000 10.553 -41.625 -27.000 9.289 -40.500 -27.000 8.119 -39.375 -27.000 7.041 -38.250 -27.000 6.053 -37.125 -27.000 5.154 -36.000 -27.000 4.339 -34.875 -27.000 3.607 -33.750 -27.000 2.955 -32.625 -27.000 2.381 -31.500 -27.000 1.882 -30.375 -27.000 1.456 -29.250 -27.000 1.101 -28.125 -27.000 0.816 -27.000 -27.000 0.601 -25.875 -27.000 0.457 -24.750 -27.000 0.385 -23.625 -27.000 0.395 -22.500 -27.000 0.440 -21.375 -27.000 0.481 -20.250 -27.000 0.517 -19.125 -27.000 0.546 -18.000 -27.000 0.568 -16.875 -27.000 0.581 -15.750 -27.000 0.584 -14.625 -27.000 0.576 -13.500 -27.000 0.556 -12.375 -27.000 0.527 -11.250 -27.000 0.489 -10.125 -27.000 0.446 -9.000 -27.000 0.399 -7.875 -27.000 0.352 -6.750 -27.000 0.307 -5.625 -27.000 0.266 -4.500 -27.000 0.229 -3.375 -27.000 0.197 -2.250 -27.000 0.169 -1.125 -27.000 0.143 0.000 -27.000 0.117 1.125 -27.000 0.090 2.250 -27.000 0.061 3.375 -27.000 0.027 4.500 -27.000 -0.012 5.625 -27.000 -0.056 6.750 -27.000 -0.106 7.875 -27.000 -0.161 9.000 -27.000 -0.220 10.125 -27.000 -0.280 11.250 -27.000 -0.339 12.375 -27.000 -0.396 13.500 -27.000 -0.449 14.625 -27.000 -0.493 15.750 -27.000 -0.528 16.875 -27.000 -0.552 18.000 -27.000 -0.564 19.125 -27.000 -0.562 20.250 -27.000 -0.546 21.375 -27.000 -0.516 22.500 -27.000 -0.473 23.625 -27.000 -0.417 24.750 -27.000 -0.310 25.875 -27.000 -0.107 27.000 -27.000 0.183 28.125 -27.000 0.555 29.250 -27.000 1.006 30.375 -27.000 1.534 31.500 -27.000 2.137 32.625 -27.000 2.812 33.750 -27.000 3.557 34.875 -27.000 4.369 36.000 -27.000 5.247 37.125 -27.000 6.190 38.250 -27.000 7.194 39.375 -27.000 8.260 40.500 -27.000 9.386 41.625 -27.000 10.572 42.750 -27.000 11.818 43.875 -27.000 13.126 45.000 -27.000 14.496 -45.000 -25.875 12.518 -43.875 -25.875 11.091 -42.750 -25.875 9.761 -41.625 -25.875 8.527 -40.500 -25.875 7.387 -39.375 -25.875 6.341 -38.250 -25.875 5.387 -37.125 -25.875 4.522 -36.000 -25.875 3.744 -34.875 -25.875 3.051 -33.750 -25.875 2.441 -32.625 -25.875 1.911 -31.500 -25.875 1.459 -30.375 -25.875 1.083 -29.250 -25.875 0.784 -28.125 -25.875 0.560 -27.000 -25.875 0.413 -25.875 -25.875 0.346 -24.750 -25.875 0.371 -23.625 -25.875 0.428 -22.500 -25.875 0.482 -21.375 -25.875 0.534 -20.250 -25.875 0.582 -19.125 -25.875 0.624 -18.000 -25.875 0.658 -16.875 -25.875 0.681 -15.750 -25.875 0.691 -14.625 -25.875 0.687 -13.500 -25.875 0.668 -12.375 -25.875 0.634 -11.250 -25.875 0.589 -10.125 -25.875 0.535 -9.000 -25.875 0.477 -7.875 -25.875 0.417 -6.750 -25.875 0.359 -5.625 -25.875 0.307 -4.500 -25.875 0.260 -3.375 -25.875 0.219 -2.250 -25.875 0.184 -1.125 -25.875 0.153 0.000 -25.875 0.124 1.125 -25.875 0.095 2.250 -25.875 0.063 3.375 -25.875 0.028 4.500 -25.875 -0.013 5.625 -25.875 -0.059 6.750 -25.875 -0.112 7.875 -25.875 -0.169 9.000 -25.875 -0.231 10.125 -25.875 -0.294 11.250 -25.875 -0.357 12.375 -25.875 -0.416 13.500 -25.875 -0.470 14.625 -25.875 -0.516 15.750 -25.875 -0.551 16.875 -25.875 -0.575 18.000 -25.875 -0.585 19.125 -25.875 -0.581 20.250 -25.875 -0.563 21.375 -25.875 -0.530 22.500 -25.875 -0.485 23.625 -25.875 -0.427 24.750 -25.875 -0.358 25.875 -25.875 -0.243 27.000 -25.875 -0.027 28.125 -25.875 0.280 29.250 -25.875 0.671 30.375 -25.875 1.144 31.500 -25.875 1.695 32.625 -25.875 2.321 33.750 -25.875 3.021 34.875 -25.875 3.790 36.000 -25.875 4.628 37.125 -25.875 5.533 38.250 -25.875 6.502 39.375 -25.875 7.534 40.500 -25.875 8.628 41.625 -25.875 9.784 42.750 -25.875 11.003 43.875 -25.875 12.284 45.000 -25.875 13.630 -45.000 -24.750 11.727 -43.875 -24.750 10.328 -42.750 -24.750 9.026 -41.625 -24.750 7.821 -40.500 -24.750 6.713 -39.375 -24.750 5.699 -38.250 -24.750 4.778 -37.125 -24.750 3.949 -36.000 -24.750 3.208 -34.875 -24.750 2.555 -33.750 -24.750 1.987 -32.625 -24.750 1.502 -31.500 -24.750 1.099 -30.375 -24.750 0.776 -29.250 -24.750 0.535 -28.125 -24.750 0.376 -27.000 -24.750 0.305 -25.875 -24.750 0.333 -24.750 -24.750 0.399 -23.625 -24.750 0.465 -22.500 -24.750 0.531 -21.375 -24.750 0.596 -20.250 -24.750 0.658 -19.125 -24.750 0.715 -18.000 -24.750 0.762 -16.875 -24.750 0.797 -15.750 -24.750 0.816 -14.625 -24.750 0.816 -13.500 -24.750 0.797 -12.375 -24.750 0.759 -11.250 -24.750 0.705 -10.125 -24.750 0.639 -9.000 -24.750 0.567 -7.875 -24.750 0.492 -6.750 -24.750 0.419 -5.625 -24.750 0.353 -4.500 -24.750 0.294 -3.375 -24.750 0.244 -2.250 -24.750 0.202 -1.125 -24.750 0.165 0.000 -24.750 0.132 1.125 -24.750 0.100 2.250 -24.750 0.067 3.375 -24.750 0.030 4.500 -24.750 -0.013 5.625 -24.750 -0.061 6.750 -24.750 -0.117 7.875 -24.750 -0.177 9.000 -24.750 -0.242 10.125 -24.750 -0.309 11.250 -24.750 -0.375 12.375 -24.750 -0.438 13.500 -24.750 -0.494 14.625 -24.750 -0.542 15.750 -24.750 -0.578 16.875 -24.750 -0.600 18.000 -24.750 -0.609 19.125 -24.750 -0.603 20.250 -24.750 -0.582 21.375 -24.750 -0.547 22.500 -24.750 -0.499 23.625 -24.750 -0.439 24.750 -24.750 -0.368 25.875 -24.750 -0.288 27.000 -24.750 -0.161 28.125 -24.750 0.072 29.250 -24.750 0.398 30.375 -24.750 0.812 31.500 -24.750 1.308 32.625 -24.750 1.883 33.750 -24.750 2.535 34.875 -24.750 3.260 36.000 -24.750 4.056 37.125 -24.750 4.922 38.250 -24.750 5.854 39.375 -24.750 6.852 40.500 -24.750 7.915 41.625 -24.750 9.041 42.750 -24.750 10.232 43.875 -24.750 11.488 45.000 -24.750 12.809 -45.000 -23.625 10.990 -43.875 -23.625 9.619 -42.750 -23.625 8.346 -41.625 -23.625 7.171 -40.500 -23.625 6.094 -39.375 -23.625 5.112 -38.250 -23.625 4.226 -37.125 -23.625 3.432 -36.000 -23.625 2.730 -34.875 -23.625 2.117 -33.750 -23.625 1.592 -32.625 -23.625 1.153 -31.500 -23.625 0.799 -30.375 -23.625 0.532 -29.250 -23.625 0.353 -28.125 -23.625 0.267 -27.000 -23.625 0.286 -25.875 -23.625 0.358 -24.750 -23.625 0.431 -23.625 -23.625 0.507 -22.500 -23.625 0.585 -21.375 -23.625 0.665 -20.250 -23.625 0.743 -19.125 -23.625 0.816 -18.000 -23.625 0.879 -16.875 -23.625 0.927 -15.750 -23.625 0.955 -14.625 -23.625 0.961 -13.500 -23.625 0.941 -12.375 -23.625 0.898 -11.250 -23.625 0.834 -10.125 -23.625 0.755 -9.000 -23.625 0.666 -7.875 -23.625 0.574 -6.750 -23.625 0.485 -5.625 -23.625 0.403 -4.500 -23.625 0.332 -3.375 -23.625 0.271 -2.250 -23.625 0.220 -1.125 -23.625 0.178 0.000 -23.625 0.142 1.125 -23.625 0.107 2.250 -23.625 0.072 3.375 -23.625 0.033 4.500 -23.625 -0.011 5.625 -23.625 -0.063 6.750 -23.625 -0.121 7.875 -23.625 -0.185 9.000 -23.625 -0.254 10.125 -23.625 -0.325 11.250 -23.625 -0.396 12.375 -23.625 -0.463 13.500 -23.625 -0.522 14.625 -23.625 -0.571 15.750 -23.625 -0.607 16.875 -23.625 -0.630 18.000 -23.625 -0.636 19.125 -23.625 -0.628 20.250 -23.625 -0.604 21.375 -23.625 -0.566 22.500 -23.625 -0.515 23.625 -23.625 -0.453 24.750 -23.625 -0.380 25.875 -23.625 -0.299 27.000 -23.625 -0.212 28.125 -23.625 -0.068 29.250 -23.625 0.186 30.375 -23.625 0.535 31.500 -23.625 0.973 32.625 -23.625 1.495 33.750 -23.625 2.097 34.875 -23.625 2.776 36.000 -23.625 3.530 37.125 -23.625 4.355 38.250 -23.625 5.251 39.375 -23.625 6.214 40.500 -23.625 7.245 41.625 -23.625 8.342 42.750 -23.625 9.505 43.875 -23.625 10.735 45.000 -23.625 12.032 -45.000 -22.500 10.306 -43.875 -22.500 8.963 -42.750 -22.500 7.719 -41.625 -22.500 6.574 -40.500 -22.500 5.528 -39.375 -22.500 4.580 -38.250 -22.500 3.728 -37.125 -22.500 2.970 -36.000 -22.500 2.306 -34.875 -22.500 1.734 -33.750 -22.500 1.252 -32.625 -22.500 0.861 -31.500 -22.500 0.559 -30.375 -22.500 0.350 -29.250 -22.500 0.238 -28.125 -22.500 0.236 -27.000 -22.500 0.309 -25.875 -22.500 0.385 -24.750 -22.500 0.466 -23.625 -22.500 0.551 -22.500 -22.500 0.642 -21.375 -22.500 0.737 -20.250 -22.500 0.832 -19.125 -22.500 0.922 -18.000 -22.500 1.002 -16.875 -22.500 1.064 -15.750 -22.500 1.103 -14.625 -22.500 1.113 -13.500 -22.500 1.094 -12.375 -22.500 1.045 -11.250 -22.500 0.970 -10.125 -22.500 0.876 -9.000 -22.500 0.770 -7.875 -22.500 0.660 -6.750 -22.500 0.554 -5.625 -22.500 0.456 -4.500 -22.500 0.370 -3.375 -22.500 0.299 -2.250 -22.500 0.240 -1.125 -22.500 0.192 0.000 -22.500 0.151 1.125 -22.500 0.114 2.250 -22.500 0.077 3.375 -22.500 0.037 4.500 -22.500 -0.009 5.625 -22.500 -0.063 6.750 -22.500 -0.124 7.875 -22.500 -0.193 9.000 -22.500 -0.267 10.125 -22.500 -0.343 11.250 -22.500 -0.419 12.375 -22.500 -0.490 13.500 -22.500 -0.552 14.625 -22.500 -0.604 15.750 -22.500 -0.641 16.875 -22.500 -0.662 18.000 -22.500 -0.667 19.125 -22.500 -0.655 20.250 -22.500 -0.628 21.375 -22.500 -0.587 22.500 -22.500 -0.533 23.625 -22.500 -0.468 24.750 -22.500 -0.394 25.875 -22.500 -0.313 27.000 -22.500 -0.226 28.125 -22.500 -0.134 29.250 -22.500 0.035 30.375 -22.500 0.314 31.500 -22.500 0.690 32.625 -22.500 1.156 33.750 -22.500 1.706 34.875 -22.500 2.338 36.000 -22.500 3.047 37.125 -22.500 3.832 38.250 -22.500 4.690 39.375 -22.500 5.619 40.500 -22.500 6.617 41.625 -22.500 7.684 42.750 -22.500 8.820 43.875 -22.500 10.025 45.000 -22.500 11.299 -45.000 -21.375 9.673 -43.875 -21.375 8.358 -42.750 -21.375 7.143 -41.625 -21.375 6.029 -40.500 -21.375 5.015 -39.375 -21.375 4.099 -38.250 -21.375 3.281 -37.125 -21.375 2.560 -36.000 -21.375 1.935 -34.875 -21.375 1.403 -33.750 -21.375 0.966 -32.625 -21.375 0.623 -31.500 -21.375 0.376 -30.375 -21.375 0.228 -29.250 -21.375 0.191 -28.125 -21.375 0.257 -27.000 -21.375 0.332 -25.875 -21.375 0.413 -24.750 -21.375 0.500 -23.625 -21.375 0.595 -22.500 -21.375 0.698 -21.375 -21.375 0.808 -20.250 -21.375 0.920 -19.125 -21.375 1.027 -18.000 -21.375 1.123 -16.875 -21.375 1.200 -15.750 -21.375 1.249 -14.625 -21.375 1.265 -13.500 -21.375 1.245 -12.375 -21.375 1.190 -11.250 -21.375 1.105 -10.125 -21.375 0.996 -9.000 -21.375 0.873 -7.875 -21.375 0.745 -6.750 -21.375 0.620 -5.625 -21.375 0.506 -4.500 -21.375 0.407 -3.375 -21.375 0.325 -2.250 -21.375 0.258 -1.125 -21.375 0.205 0.000 -21.375 0.161 1.125 -21.375 0.122 2.250 -21.375 0.083 3.375 -21.375 0.042 4.500 -21.375 -0.006 5.625 -21.375 -0.062 6.750 -21.375 -0.127 7.875 -21.375 -0.200 9.000 -21.375 -0.279 10.125 -21.375 -0.361 11.250 -21.375 -0.442 12.375 -21.375 -0.518 13.500 -21.375 -0.584 14.625 -21.375 -0.638 15.750 -21.375 -0.676 16.875 -21.375 -0.697 18.000 -21.375 -0.700 19.125 -21.375 -0.685 20.250 -21.375 -0.654 21.375 -21.375 -0.609 22.500 -21.375 -0.552 23.625 -21.375 -0.485 24.750 -21.375 -0.410 25.875 -21.375 -0.328 27.000 -21.375 -0.241 28.125 -21.375 -0.151 29.250 -21.375 -0.053 30.375 -21.375 0.148 31.500 -21.375 0.457 32.625 -21.375 0.863 33.750 -21.375 1.360 34.875 -21.375 1.942 36.000 -21.375 2.607 37.125 -21.375 3.350 38.250 -21.375 4.170 39.375 -21.375 5.064 40.500 -21.375 6.030 41.625 -21.375 7.068 42.750 -21.375 8.177 43.875 -21.375 9.357 45.000 -21.375 10.609 -45.000 -20.250 9.088 -43.875 -20.250 7.802 -42.750 -20.250 6.617 -41.625 -20.250 5.533 -40.500 -20.250 4.550 -39.375 -20.250 3.668 -38.250 -20.250 2.884 -37.125 -20.250 2.200 -36.000 -20.250 1.613 -34.875 -20.250 1.123 -33.750 -20.250 0.730 -32.625 -20.250 0.437 -31.500 -20.250 0.246 -30.375 -20.250 0.166 -29.250 -20.250 0.208 -28.125 -20.250 0.280 -27.000 -20.250 0.355 -25.875 -20.250 0.438 -24.750 -20.250 0.531 -23.625 -20.250 0.635 -22.500 -20.250 0.749 -21.375 -20.250 0.872 -20.250 -20.250 0.999 -19.125 -20.250 1.122 -18.000 -20.250 1.234 -16.875 -20.250 1.323 -15.750 -20.250 1.381 -14.625 -20.250 1.402 -13.500 -20.250 1.382 -12.375 -20.250 1.322 -11.250 -20.250 1.226 -10.125 -20.250 1.104 -9.000 -20.250 0.965 -7.875 -20.250 0.820 -6.750 -20.250 0.679 -5.625 -20.250 0.550 -4.500 -20.250 0.439 -3.375 -20.250 0.347 -2.250 -20.250 0.274 -1.125 -20.250 0.216 0.000 -20.250 0.169 1.125 -20.250 0.129 2.250 -20.250 0.090 3.375 -20.250 0.048 4.500 -20.250 -0.002 5.625 -20.250 -0.060 6.750 -20.250 -0.128 7.875 -20.250 -0.206 9.000 -20.250 -0.290 10.125 -20.250 -0.377 11.250 -20.250 -0.464 12.375 -20.250 -0.545 13.500 -20.250 -0.615 14.625 -20.250 -0.672 15.750 -20.250 -0.711 16.875 -20.250 -0.731 18.000 -20.250 -0.732 19.125 -20.250 -0.714 20.250 -20.250 -0.680 21.375 -20.250 -0.632 22.500 -20.250 -0.572 23.625 -20.250 -0.502 24.750 -20.250 -0.425 25.875 -20.250 -0.343 27.000 -20.250 -0.257 28.125 -20.250 -0.169 29.250 -20.250 -0.080 30.375 -20.250 0.036 31.500 -20.250 0.272 32.625 -20.250 0.615 33.750 -20.250 1.056 34.875 -20.250 1.588 36.000 -20.250 2.206 37.125 -20.250 2.908 38.250 -20.250 3.689 39.375 -20.250 4.548 40.500 -20.250 5.483 41.625 -20.250 6.491 42.750 -20.250 7.574 43.875 -20.250 8.730 45.000 -20.250 9.960 -45.000 -19.125 8.551 -43.875 -19.125 7.293 -42.750 -19.125 6.137 -41.625 -19.125 5.084 -40.500 -19.125 4.132 -39.375 -19.125 3.282 -38.250 -19.125 2.534 -37.125 -19.125 1.885 -36.000 -19.125 1.337 -34.875 -19.125 0.889 -33.750 -19.125 0.542 -32.625 -19.125 0.300 -31.500 -19.125 0.168 -30.375 -19.125 0.166 -29.250 -19.125 0.232 -28.125 -19.125 0.301 -27.000 -19.125 0.376 -25.875 -19.125 0.461 -24.750 -19.125 0.557 -23.625 -19.125 0.666 -22.500 -19.125 0.789 -21.375 -19.125 0.923 -20.250 -19.125 1.062 -19.125 -19.125 1.198 -18.000 -19.125 1.322 -16.875 -19.125 1.421 -15.750 -19.125 1.488 -14.625 -19.125 1.512 -13.500 -19.125 1.492 -12.375 -19.125 1.427 -11.250 -19.125 1.323 -10.125 -19.125 1.189 -9.000 -19.125 1.036 -7.875 -19.125 0.877 -6.750 -19.125 0.723 -5.625 -19.125 0.582 -4.500 -19.125 0.462 -3.375 -19.125 0.362 -2.250 -19.125 0.284 -1.125 -19.125 0.224 0.000 -19.125 0.176 1.125 -19.125 0.136 2.250 -19.125 0.097 3.375 -19.125 0.055 4.500 -19.125 0.005 5.625 -19.125 -0.055 6.750 -19.125 -0.126 7.875 -19.125 -0.208 9.000 -19.125 -0.297 10.125 -19.125 -0.389 11.250 -19.125 -0.481 12.375 -19.125 -0.567 13.500 -19.125 -0.642 14.625 -19.125 -0.701 15.750 -19.125 -0.741 16.875 -19.125 -0.761 18.000 -19.125 -0.760 19.125 -19.125 -0.740 20.250 -19.125 -0.703 21.375 -19.125 -0.651 22.500 -19.125 -0.589 23.625 -19.125 -0.517 24.750 -19.125 -0.440 25.875 -19.125 -0.359 27.000 -19.125 -0.274 28.125 -19.125 -0.189 29.250 -19.125 -0.102 30.375 -19.125 -0.017 31.500 -19.125 0.134 32.625 -19.125 0.410 33.750 -19.125 0.793 34.875 -19.125 1.273 36.000 -19.125 1.845 37.125 -19.125 2.504 38.250 -19.125 3.247 39.375 -19.125 4.071 40.500 -19.125 4.974 41.625 -19.125 5.954 42.750 -19.125 7.010 43.875 -19.125 8.142 45.000 -19.125 9.351 -45.000 -18.000 8.059 -43.875 -18.000 6.829 -42.750 -18.000 5.703 -41.625 -18.000 4.679 -40.500 -18.000 3.759 -39.375 -18.000 2.941 -38.250 -18.000 2.226 -37.125 -18.000 1.614 -36.000 -18.000 1.104 -34.875 -18.000 0.698 -33.750 -18.000 0.398 -32.625 -18.000 0.209 -31.500 -18.000 0.142 -30.375 -18.000 0.193 -29.250 -18.000 0.255 -28.125 -18.000 0.321 -27.000 -18.000 0.394 -25.875 -18.000 0.477 -24.750 -18.000 0.574 -23.625 -18.000 0.686 -22.500 -18.000 0.813 -21.375 -18.000 0.953 -20.250 -18.000 1.100 -19.125 -18.000 1.245 -18.000 -18.000 1.377 -16.875 -18.000 1.484 -15.750 -18.000 1.555 -14.625 -18.000 1.582 -13.500 -18.000 1.561 -12.375 -18.000 1.492 -11.250 -18.000 1.382 -10.125 -18.000 1.240 -9.000 -18.000 1.078 -7.875 -18.000 0.909 -6.750 -18.000 0.746 -5.625 -18.000 0.598 -4.500 -18.000 0.471 -3.375 -18.000 0.368 -2.250 -18.000 0.288 -1.125 -18.000 0.228 0.000 -18.000 0.181 1.125 -18.000 0.142 2.250 -18.000 0.105 3.375 -18.000 0.064 4.500 -18.000 0.014 5.625 -18.000 -0.047 6.750 -18.000 -0.119 7.875 -18.000 -0.204 9.000 -18.000 -0.297 10.125 -18.000 -0.394 11.250 -18.000 -0.491 12.375 -18.000 -0.581 13.500 -18.000 -0.659 14.625 -18.000 -0.721 15.750 -18.000 -0.762 16.875 -18.000 -0.782 18.000 -18.000 -0.780 19.125 -18.000 -0.759 20.250 -18.000 -0.719 21.375 -18.000 -0.666 22.500 -18.000 -0.602 23.625 -18.000 -0.530 24.750 -18.000 -0.453 25.875 -18.000 -0.372 27.000 -18.000 -0.291 28.125 -18.000 -0.208 29.250 -18.000 -0.126 30.375 -18.000 -0.044 31.500 -18.000 0.044 32.625 -18.000 0.247 33.750 -18.000 0.569 34.875 -18.000 0.996 36.000 -18.000 1.520 37.125 -18.000 2.137 38.250 -18.000 2.841 39.375 -18.000 3.630 40.500 -18.000 4.502 41.625 -18.000 5.453 42.750 -18.000 6.485 43.875 -18.000 7.594 45.000 -18.000 8.783 -45.000 -16.875 7.611 -43.875 -16.875 6.408 -42.750 -16.875 5.310 -41.625 -16.875 4.316 -40.500 -16.875 3.426 -39.375 -16.875 2.641 -38.250 -16.875 1.960 -37.125 -16.875 1.383 -36.000 -16.875 0.912 -34.875 -16.875 0.548 -33.750 -16.875 0.295 -32.625 -16.875 0.160 -31.500 -16.875 0.165 -30.375 -16.875 0.220 -29.250 -16.875 0.277 -28.125 -16.875 0.338 -27.000 -16.875 0.406 -25.875 -16.875 0.486 -24.750 -16.875 0.580 -23.625 -16.875 0.691 -22.500 -16.875 0.818 -21.375 -16.875 0.959 -20.250 -16.875 1.108 -19.125 -16.875 1.256 -18.000 -16.875 1.391 -16.875 -16.875 1.500 -15.750 -16.875 1.573 -14.625 -16.875 1.601 -13.500 -16.875 1.580 -12.375 -16.875 1.509 -11.250 -16.875 1.395 -10.125 -16.875 1.249 -9.000 -16.875 1.082 -7.875 -16.875 0.910 -6.750 -16.875 0.743 -5.625 -16.875 0.593 -4.500 -16.875 0.465 -3.375 -16.875 0.363 -2.250 -16.875 0.284 -1.125 -16.875 0.226 0.000 -16.875 0.183 1.125 -16.875 0.147 2.250 -16.875 0.113 3.375 -16.875 0.075 4.500 -16.875 0.027 5.625 -16.875 -0.033 6.750 -16.875 -0.106 7.875 -16.875 -0.192 9.000 -16.875 -0.288 10.125 -16.875 -0.388 11.250 -16.875 -0.489 12.375 -16.875 -0.582 13.500 -16.875 -0.664 14.625 -16.875 -0.727 15.750 -16.875 -0.770 16.875 -16.875 -0.791 18.000 -16.875 -0.789 19.125 -16.875 -0.766 20.250 -16.875 -0.726 21.375 -16.875 -0.672 22.500 -16.875 -0.608 23.625 -16.875 -0.537 24.750 -16.875 -0.461 25.875 -16.875 -0.384 27.000 -16.875 -0.305 28.125 -16.875 -0.227 29.250 -16.875 -0.149 30.375 -16.875 -0.073 31.500 -16.875 0.002 32.625 -16.875 0.124 33.750 -16.875 0.382 34.875 -16.875 0.754 36.000 -16.875 1.231 37.125 -16.875 1.804 38.250 -16.875 2.470 39.375 -16.875 3.225 40.500 -16.875 4.066 41.625 -16.875 4.990 42.750 -16.875 5.996 43.875 -16.875 7.084 45.000 -16.875 8.253 -45.000 -15.750 7.203 -43.875 -15.750 6.028 -42.750 -15.750 4.958 -41.625 -15.750 3.992 -40.500 -15.750 3.133 -39.375 -15.750 2.378 -38.250 -15.750 1.730 -37.125 -15.750 1.189 -36.000 -15.750 0.756 -34.875 -15.750 0.434 -33.750 -15.750 0.228 -32.625 -15.750 0.154 -31.500 -15.750 0.198 -30.375 -15.750 0.247 -29.250 -15.750 0.297 -28.125 -15.750 0.352 -27.000 -15.750 0.413 -25.875 -15.750 0.486 -24.750 -15.750 0.574 -23.625 -15.750 0.679 -22.500 -15.750 0.801 -21.375 -15.750 0.937 -20.250 -15.750 1.082 -19.125 -15.750 1.226 -18.000 -15.750 1.358 -16.875 -15.750 1.466 -15.750 -15.750 1.537 -14.625 -15.750 1.564 -13.500 -15.750 1.541 -12.375 -15.750 1.470 -11.250 -15.750 1.357 -10.125 -15.750 1.211 -9.000 -15.750 1.046 -7.875 -15.750 0.875 -6.750 -15.750 0.712 -5.625 -15.750 0.565 -4.500 -15.750 0.442 -3.375 -15.750 0.344 -2.250 -15.750 0.271 -1.125 -15.750 0.219 0.000 -15.750 0.181 1.125 -15.750 0.152 2.250 -15.750 0.123 3.375 -15.750 0.089 4.500 -15.750 0.045 5.625 -15.750 -0.013 6.750 -15.750 -0.085 7.875 -15.750 -0.170 9.000 -15.750 -0.267 10.125 -15.750 -0.369 11.250 -15.750 -0.471 12.375 -15.750 -0.567 13.500 -15.750 -0.650 14.625 -15.750 -0.716 15.750 -15.750 -0.761 16.875 -15.750 -0.783 18.000 -15.750 -0.782 19.125 -15.750 -0.760 20.250 -15.750 -0.721 21.375 -15.750 -0.668 22.500 -15.750 -0.606 23.625 -15.750 -0.537 24.750 -15.750 -0.465 25.875 -15.750 -0.391 27.000 -15.750 -0.318 28.125 -15.750 -0.244 29.250 -15.750 -0.172 30.375 -15.750 -0.101 31.500 -15.750 -0.032 32.625 -15.750 0.040 33.750 -15.750 0.230 34.875 -15.750 0.546 36.000 -15.750 0.974 37.125 -15.750 1.505 38.250 -15.750 2.133 39.375 -15.750 2.854 40.500 -15.750 3.665 41.625 -15.750 4.562 42.750 -15.750 5.545 43.875 -15.750 6.611 45.000 -15.750 7.762 -45.000 -14.625 6.835 -43.875 -14.625 5.686 -42.750 -14.625 4.643 -41.625 -14.625 3.706 -40.500 -14.625 2.875 -39.375 -14.625 2.151 -38.250 -14.625 1.535 -37.125 -14.625 1.029 -36.000 -14.625 0.633 -34.875 -14.625 0.353 -33.750 -14.625 0.196 -32.625 -14.625 0.186 -31.500 -14.625 0.230 -30.375 -14.625 0.273 -29.250 -14.625 0.316 -28.125 -14.625 0.362 -27.000 -14.625 0.415 -25.875 -14.625 0.478 -24.750 -14.625 0.556 -23.625 -14.625 0.650 -22.500 -14.625 0.762 -21.375 -14.625 0.887 -20.250 -14.625 1.022 -19.125 -14.625 1.156 -18.000 -14.625 1.279 -16.875 -14.625 1.379 -15.750 -14.625 1.445 -14.625 -14.625 1.469 -13.500 -14.625 1.445 -12.375 -14.625 1.376 -11.250 -14.625 1.266 -10.125 -14.625 1.125 -9.000 -14.625 0.968 -7.875 -14.625 0.805 -6.750 -14.625 0.651 -5.625 -14.625 0.514 -4.500 -14.625 0.401 -3.375 -14.625 0.313 -2.250 -14.625 0.249 -1.125 -14.625 0.206 0.000 -14.625 0.177 1.125 -14.625 0.155 2.250 -14.625 0.133 3.375 -14.625 0.106 4.500 -14.625 0.067 5.625 -14.625 0.014 6.750 -14.625 -0.055 7.875 -14.625 -0.138 9.000 -14.625 -0.232 10.125 -14.625 -0.334 11.250 -14.625 -0.436 12.375 -14.625 -0.533 13.500 -14.625 -0.617 14.625 -14.625 -0.684 15.750 -14.625 -0.731 16.875 -14.625 -0.754 18.000 -14.625 -0.756 19.125 -14.625 -0.737 20.250 -14.625 -0.701 21.375 -14.625 -0.652 22.500 -14.625 -0.593 23.625 -14.625 -0.529 24.750 -14.625 -0.462 25.875 -14.625 -0.395 27.000 -14.625 -0.327 28.125 -14.625 -0.260 29.250 -14.625 -0.194 30.375 -14.625 -0.129 31.500 -14.625 -0.066 32.625 -14.625 -0.005 33.750 -14.625 0.110 34.875 -14.625 0.370 36.000 -14.625 0.749 37.125 -14.625 1.238 38.250 -14.625 1.829 39.375 -14.625 2.517 40.500 -14.625 3.298 41.625 -14.625 4.169 42.750 -14.625 5.129 43.875 -14.625 6.175 45.000 -14.625 7.308 -45.000 -13.500 6.504 -43.875 -13.500 5.380 -42.750 -13.500 4.363 -41.625 -13.500 3.453 -40.500 -13.500 2.651 -39.375 -13.500 1.956 -38.250 -13.500 1.372 -37.125 -13.500 0.898 -36.000 -13.500 0.539 -34.875 -13.500 0.301 -33.750 -13.500 0.195 -32.625 -13.500 0.223 -31.500 -13.500 0.261 -30.375 -13.500 0.297 -29.250 -13.500 0.331 -28.125 -13.500 0.368 -27.000 -13.500 0.410 -25.875 -13.500 0.462 -24.750 -13.500 0.526 -23.625 -13.500 0.606 -22.500 -13.500 0.702 -21.375 -13.500 0.812 -20.250 -13.500 0.930 -19.125 -13.500 1.048 -18.000 -13.500 1.157 -16.875 -13.500 1.246 -15.750 -13.500 1.303 -14.625 -13.500 1.321 -13.500 -13.500 1.296 -12.375 -13.500 1.230 -11.250 -13.500 1.127 -10.125 -13.500 0.997 -9.000 -13.500 0.851 -7.875 -13.500 0.704 -6.750 -13.500 0.564 -5.625 -13.500 0.443 -4.500 -13.500 0.344 -3.375 -13.500 0.270 -2.250 -13.500 0.220 -1.125 -13.500 0.188 0.000 -13.500 0.170 1.125 -13.500 0.158 2.250 -13.500 0.145 3.375 -13.500 0.126 4.500 -13.500 0.094 5.625 -13.500 0.048 6.750 -13.500 -0.015 7.875 -13.500 -0.093 9.000 -13.500 -0.184 10.125 -13.500 -0.282 11.250 -13.500 -0.383 12.375 -13.500 -0.478 13.500 -13.500 -0.562 14.625 -13.500 -0.631 15.750 -13.500 -0.679 16.875 -13.500 -0.705 18.000 -13.500 -0.710 19.125 -13.500 -0.696 20.250 -13.500 -0.665 21.375 -13.500 -0.622 22.500 -13.500 -0.570 23.625 -13.500 -0.513 24.750 -13.500 -0.453 25.875 -13.500 -0.393 27.000 -13.500 -0.332 28.125 -13.500 -0.273 29.250 -13.500 -0.214 30.375 -13.500 -0.156 31.500 -13.500 -0.099 32.625 -13.500 -0.044 33.750 -13.500 0.022 34.875 -13.500 0.222 36.000 -13.500 0.553 37.125 -13.500 1.000 38.250 -13.500 1.554 39.375 -13.500 2.210 40.500 -13.500 2.963 41.625 -13.500 3.810 42.750 -13.500 4.747 43.875 -13.500 5.775 45.000 -13.500 6.891 -45.000 -12.375 6.208 -43.875 -12.375 5.109 -42.750 -12.375 4.117 -41.625 -12.375 3.232 -40.500 -12.375 2.457 -39.375 -12.375 1.791 -38.250 -12.375 1.236 -37.125 -12.375 0.795 -36.000 -12.375 0.472 -34.875 -12.375 0.275 -33.750 -12.375 0.225 -32.625 -12.375 0.261 -31.500 -12.375 0.292 -30.375 -12.375 0.320 -29.250 -12.375 0.345 -28.125 -12.375 0.371 -27.000 -12.375 0.401 -25.875 -12.375 0.439 -24.750 -12.375 0.488 -23.625 -12.375 0.550 -22.500 -12.375 0.626 -21.375 -12.375 0.715 -20.250 -12.375 0.812 -19.125 -12.375 0.911 -18.000 -12.375 1.001 -16.875 -12.375 1.073 -15.750 -12.375 1.119 -14.625 -12.375 1.130 -13.500 -12.375 1.105 -12.375 -12.375 1.042 -11.250 -12.375 0.949 -10.125 -12.375 0.833 -9.000 -12.375 0.705 -7.875 -12.375 0.576 -6.750 -12.375 0.456 -5.625 -12.375 0.354 -4.500 -12.375 0.275 -3.375 -12.375 0.218 -2.250 -12.375 0.184 -1.125 -12.375 0.167 0.000 -12.375 0.161 1.125 -12.375 0.161 2.250 -12.375 0.159 3.375 -12.375 0.149 4.500 -12.375 0.127 5.625 -12.375 0.089 6.750 -12.375 0.034 7.875 -12.375 -0.038 9.000 -12.375 -0.122 10.125 -12.375 -0.215 11.250 -12.375 -0.311 12.375 -12.375 -0.404 13.500 -12.375 -0.487 14.625 -12.375 -0.555 15.750 -12.375 -0.605 16.875 -12.375 -0.635 18.000 -12.375 -0.645 19.125 -12.375 -0.637 20.250 -12.375 -0.614 21.375 -12.375 -0.579 22.500 -12.375 -0.536 23.625 -12.375 -0.488 24.750 -12.375 -0.437 25.875 -12.375 -0.386 27.000 -12.375 -0.334 28.125 -12.375 -0.283 29.250 -12.375 -0.232 30.375 -12.375 -0.181 31.500 -12.375 -0.131 32.625 -12.375 -0.082 33.750 -12.375 -0.034 34.875 -12.375 0.101 36.000 -12.375 0.384 37.125 -12.375 0.790 38.250 -12.375 1.309 39.375 -12.375 1.934 40.500 -12.375 2.660 41.625 -12.375 3.483 42.750 -12.375 4.400 43.875 -12.375 5.409 45.000 -12.375 6.510 -45.000 -11.250 5.945 -43.875 -11.250 4.869 -42.750 -11.250 3.900 -41.625 -11.250 3.040 -40.500 -11.250 2.290 -39.375 -11.250 1.651 -38.250 -11.250 1.125 -37.125 -11.250 0.715 -36.000 -11.250 0.427 -34.875 -11.250 0.271 -33.750 -11.250 0.266 -32.625 -11.250 0.296 -31.500 -11.250 0.321 -30.375 -11.250 0.341 -29.250 -11.250 0.357 -28.125 -11.250 0.372 -27.000 -11.250 0.389 -25.875 -11.250 0.411 -24.750 -11.250 0.443 -23.625 -11.250 0.485 -22.500 -11.250 0.539 -21.375 -11.250 0.605 -20.250 -11.250 0.678 -19.125 -11.250 0.752 -18.000 -11.250 0.821 -16.875 -11.250 0.875 -15.750 -11.250 0.906 -14.625 -11.250 0.910 -13.500 -11.250 0.883 -12.375 -11.250 0.827 -11.250 -11.250 0.745 -10.125 -11.250 0.645 -9.000 -11.250 0.537 -7.875 -11.250 0.430 -6.750 -11.250 0.334 -5.625 -11.250 0.255 -4.500 -11.250 0.197 -3.375 -11.250 0.160 -2.250 -11.250 0.144 -1.125 -11.250 0.142 0.000 -11.250 0.151 1.125 -11.250 0.164 2.250 -11.250 0.173 3.375 -11.250 0.175 4.500 -11.250 0.163 5.625 -11.250 0.135 6.750 -11.250 0.090 7.875 -11.250 0.028 9.000 -11.250 -0.048 10.125 -11.250 -0.134 11.250 -11.250 -0.224 12.375 -11.250 -0.312 13.500 -11.250 -0.393 14.625 -11.250 -0.461 15.750 -11.250 -0.513 16.875 -11.250 -0.547 18.000 -11.250 -0.563 19.125 -11.250 -0.563 20.250 -11.250 -0.549 21.375 -11.250 -0.524 22.500 -11.250 -0.492 23.625 -11.250 -0.455 24.750 -11.250 -0.415 25.875 -11.250 -0.374 27.000 -11.250 -0.332 28.125 -11.250 -0.290 29.250 -11.250 -0.248 30.375 -11.250 -0.205 31.500 -11.250 -0.162 32.625 -11.250 -0.118 33.750 -11.250 -0.076 34.875 -11.250 0.005 36.000 -11.250 0.240 37.125 -11.250 0.607 38.250 -11.250 1.092 39.375 -11.250 1.688 40.500 -11.250 2.388 41.625 -11.250 3.188 42.750 -11.250 4.086 43.875 -11.250 5.078 45.000 -11.250 6.164 -45.000 -10.125 5.713 -43.875 -10.125 4.659 -42.750 -10.125 3.712 -41.625 -10.125 2.875 -40.500 -10.125 2.149 -39.375 -10.125 1.535 -38.250 -10.125 1.036 -37.125 -10.125 0.655 -36.000 -10.125 0.400 -34.875 -10.125 0.285 -33.750 -10.125 0.305 -32.625 -10.125 0.331 -31.500 -10.125 0.349 -30.375 -10.125 0.360 -29.250 -10.125 0.367 -28.125 -10.125 0.371 -27.000 -10.125 0.375 -25.875 -10.125 0.382 -24.750 -10.125 0.394 -23.625 -10.125 0.416 -22.500 -10.125 0.447 -21.375 -10.125 0.488 -20.250 -10.125 0.535 -19.125 -10.125 0.584 -18.000 -10.125 0.629 -16.875 -10.125 0.663 -15.750 -10.125 0.680 -14.625 -10.125 0.676 -13.500 -10.125 0.648 -12.375 -10.125 0.597 -11.250 -10.125 0.527 -10.125 -10.125 0.445 -9.000 -10.125 0.359 -7.875 -10.125 0.276 -6.750 -10.125 0.205 -5.625 -10.125 0.150 -4.500 -10.125 0.115 -3.375 -10.125 0.100 -2.250 -10.125 0.102 -1.125 -10.125 0.117 0.000 -10.125 0.141 1.125 -10.125 0.166 2.250 -10.125 0.189 3.375 -10.125 0.202 4.500 -10.125 0.202 5.625 -10.125 0.185 6.750 -10.125 0.151 7.875 -10.125 0.100 9.000 -10.125 0.034 10.125 -10.125 -0.042 11.250 -10.125 -0.124 12.375 -10.125 -0.207 13.500 -10.125 -0.284 14.625 -10.125 -0.352 15.750 -10.125 -0.406 16.875 -10.125 -0.445 18.000 -10.125 -0.468 19.125 -10.125 -0.477 20.250 -10.125 -0.473 21.375 -10.125 -0.460 22.500 -10.125 -0.440 23.625 -10.125 -0.416 24.750 -10.125 -0.388 25.875 -10.125 -0.358 27.000 -10.125 -0.327 28.125 -10.125 -0.295 29.250 -10.125 -0.261 30.375 -10.125 -0.226 31.500 -10.125 -0.190 32.625 -10.125 -0.153 33.750 -10.125 -0.116 34.875 -10.125 -0.068 36.000 -10.125 0.119 37.125 -10.125 0.448 38.250 -10.125 0.901 39.375 -10.125 1.469 40.500 -10.125 2.145 41.625 -10.125 2.925 42.750 -10.125 3.804 43.875 -10.125 4.781 45.000 -10.125 5.853 -45.000 -9.000 5.512 -43.875 -9.000 4.477 -42.750 -9.000 3.551 -41.625 -9.000 2.735 -40.500 -9.000 2.030 -39.375 -9.000 1.439 -38.250 -9.000 0.965 -37.125 -9.000 0.612 -36.000 -9.000 0.388 -34.875 -9.000 0.315 -33.750 -9.000 0.343 -32.625 -9.000 0.363 -31.500 -9.000 0.374 -30.375 -9.000 0.379 -29.250 -9.000 0.376 -28.125 -9.000 0.369 -27.000 -9.000 0.360 -25.875 -9.000 0.352 -24.750 -9.000 0.346 -23.625 -9.000 0.347 -22.500 -9.000 0.355 -21.375 -9.000 0.371 -20.250 -9.000 0.392 -19.125 -9.000 0.416 -18.000 -9.000 0.437 -16.875 -9.000 0.452 -15.750 -9.000 0.454 -14.625 -9.000 0.442 -13.500 -9.000 0.413 -12.375 -9.000 0.368 -11.250 -9.000 0.310 -10.125 -9.000 0.246 -9.000 -9.000 0.182 -7.875 -9.000 0.123 -6.750 -9.000 0.077 -5.625 -9.000 0.047 -4.500 -9.000 0.035 -3.375 -9.000 0.040 -2.250 -9.000 0.060 -1.125 -9.000 0.092 0.000 -9.000 0.130 1.125 -9.000 0.169 2.250 -9.000 0.203 3.375 -9.000 0.229 4.500 -9.000 0.242 5.625 -9.000 0.238 6.750 -9.000 0.216 7.875 -9.000 0.177 9.000 -9.000 0.123 10.125 -9.000 0.056 11.250 -9.000 -0.017 12.375 -9.000 -0.093 13.500 -9.000 -0.166 14.625 -9.000 -0.232 15.750 -9.000 -0.288 16.875 -9.000 -0.332 18.000 -9.000 -0.363 19.125 -9.000 -0.382 20.250 -9.000 -0.390 21.375 -9.000 -0.390 22.500 -9.000 -0.384 23.625 -9.000 -0.372 24.750 -9.000 -0.357 25.875 -9.000 -0.340 27.000 -9.000 -0.320 28.125 -9.000 -0.298 29.250 -9.000 -0.273 30.375 -9.000 -0.246 31.500 -9.000 -0.216 32.625 -9.000 -0.185 33.750 -9.000 -0.153 34.875 -9.000 -0.121 36.000 -9.000 0.019 37.125 -9.000 0.312 38.250 -9.000 0.735 39.375 -9.000 1.277 40.500 -9.000 1.931 41.625 -9.000 2.691 42.750 -9.000 3.554 43.875 -9.000 4.516 45.000 -9.000 5.577 -45.000 -7.875 5.338 -43.875 -7.875 4.321 -42.750 -7.875 3.413 -41.625 -7.875 2.616 -40.500 -7.875 1.931 -39.375 -7.875 1.362 -38.250 -7.875 0.910 -37.125 -7.875 0.582 -36.000 -7.875 0.388 -34.875 -7.875 0.353 -33.750 -7.875 0.377 -32.625 -7.875 0.392 -31.500 -7.875 0.398 -30.375 -7.875 0.395 -29.250 -7.875 0.385 -28.125 -7.875 0.368 -27.000 -7.875 0.346 -25.875 -7.875 0.323 -24.750 -7.875 0.301 -23.625 -7.875 0.283 -22.500 -7.875 0.269 -21.375 -7.875 0.261 -20.250 -7.875 0.258 -19.125 -7.875 0.258 -18.000 -7.875 0.257 -16.875 -7.875 0.253 -15.750 -7.875 0.242 -14.625 -7.875 0.221 -13.500 -7.875 0.191 -12.375 -7.875 0.151 -11.250 -7.875 0.106 -10.125 -7.875 0.058 -9.000 -7.875 0.015 -7.875 -7.875 -0.021 -6.750 -7.875 -0.043 -5.625 -7.875 -0.050 -4.500 -7.875 -0.040 -3.375 -7.875 -0.015 -2.250 -7.875 0.022 -1.125 -7.875 0.068 0.000 -7.875 0.118 1.125 -7.875 0.169 2.250 -7.875 0.215 3.375 -7.875 0.254 4.500 -7.875 0.280 5.625 -7.875 0.289 6.750 -7.875 0.281 7.875 -7.875 0.255 9.000 -7.875 0.213 10.125 -7.875 0.158 11.250 -7.875 0.094 12.375 -7.875 0.025 13.500 -7.875 -0.043 14.625 -7.875 -0.108 15.750 -7.875 -0.166 16.875 -7.875 -0.215 18.000 -7.875 -0.254 19.125 -7.875 -0.283 20.250 -7.875 -0.303 21.375 -7.875 -0.317 22.500 -7.875 -0.324 23.625 -7.875 -0.326 24.750 -7.875 -0.324 25.875 -7.875 -0.319 27.000 -7.875 -0.310 28.125 -7.875 -0.298 29.250 -7.875 -0.282 30.375 -7.875 -0.263 31.500 -7.875 -0.240 32.625 -7.875 -0.214 33.750 -7.875 -0.187 34.875 -7.875 -0.159 36.000 -7.875 -0.063 37.125 -7.875 0.196 38.250 -7.875 0.592 39.375 -7.875 1.110 40.500 -7.875 1.744 41.625 -7.875 2.487 42.750 -7.875 3.335 43.875 -7.875 4.285 45.000 -7.875 5.334 -45.000 -6.750 5.190 -43.875 -6.750 4.189 -42.750 -6.750 3.298 -41.625 -6.750 2.518 -40.500 -6.750 1.851 -39.375 -6.750 1.300 -38.250 -6.750 0.869 -37.125 -6.750 0.564 -36.000 -6.750 0.397 -34.875 -6.750 0.387 -33.750 -6.750 0.408 -32.625 -6.750 0.419 -31.500 -6.750 0.420 -30.375 -6.750 0.411 -29.250 -6.750 0.393 -28.125 -6.750 0.367 -27.000 -6.750 0.335 -25.875 -6.750 0.299 -24.750 -6.750 0.262 -23.625 -6.750 0.226 -22.500 -6.750 0.193 -21.375 -6.750 0.164 -20.250 -6.750 0.139 -19.125 -6.750 0.117 -18.000 -6.750 0.096 -16.875 -6.750 0.075 -15.750 -6.750 0.051 -14.625 -6.750 0.024 -13.500 -6.750 -0.008 -12.375 -6.750 -0.043 -11.250 -6.750 -0.078 -10.125 -6.750 -0.110 -9.000 -6.750 -0.135 -7.875 -6.750 -0.150 -6.750 -6.750 -0.150 -5.625 -6.750 -0.135 -4.500 -6.750 -0.105 -3.375 -6.750 -0.062 -2.250 -6.750 -0.010 -1.125 -6.750 0.046 0.000 -6.750 0.105 1.125 -6.750 0.164 2.250 -6.750 0.221 3.375 -6.750 0.272 4.500 -6.750 0.312 5.625 -6.750 0.337 6.750 -6.750 0.343 7.875 -6.750 0.331 9.000 -6.750 0.302 10.125 -6.750 0.258 11.250 -6.750 0.204 12.375 -6.750 0.143 13.500 -6.750 0.079 14.625 -6.750 0.016 15.750 -6.750 -0.043 16.875 -6.750 -0.097 18.000 -6.750 -0.143 19.125 -6.750 -0.183 20.250 -6.750 -0.216 21.375 -6.750 -0.242 22.500 -6.750 -0.263 23.625 -6.750 -0.279 24.750 -6.750 -0.290 25.875 -6.750 -0.297 27.000 -6.750 -0.299 28.125 -6.750 -0.296 29.250 -6.750 -0.289 30.375 -6.750 -0.277 31.500 -6.750 -0.260 32.625 -6.750 -0.240 33.750 -6.750 -0.217 34.875 -6.750 -0.192 36.000 -6.750 -0.128 37.125 -6.750 0.100 38.250 -6.750 0.471 39.375 -6.750 0.968 40.500 -6.750 1.584 41.625 -6.750 2.311 42.750 -6.750 3.146 43.875 -6.750 4.085 45.000 -6.750 5.125 -45.000 -5.625 5.068 -43.875 -5.625 4.080 -42.750 -5.625 3.203 -41.625 -5.625 2.438 -40.500 -5.625 1.786 -39.375 -5.625 1.252 -38.250 -5.625 0.838 -37.125 -5.625 0.553 -36.000 -5.625 0.410 -34.875 -5.625 0.417 -33.750 -5.625 0.435 -32.625 -5.625 0.442 -31.500 -5.625 0.439 -30.375 -5.625 0.425 -29.250 -5.625 0.400 -28.125 -5.625 0.367 -27.000 -5.625 0.326 -25.875 -5.625 0.279 -24.750 -5.625 0.229 -23.625 -5.625 0.179 -22.500 -5.625 0.130 -21.375 -5.625 0.083 -20.250 -5.625 0.039 -19.125 -5.625 -0.002 -18.000 -5.625 -0.039 -16.875 -5.625 -0.075 -15.750 -5.625 -0.110 -14.625 -5.625 -0.144 -13.500 -5.625 -0.177 -12.375 -5.625 -0.208 -11.250 -5.625 -0.234 -10.125 -5.625 -0.253 -9.000 -5.625 -0.262 -7.875 -5.625 -0.258 -6.750 -5.625 -0.239 -5.625 -5.625 -0.204 -4.500 -5.625 -0.154 -3.375 -5.625 -0.096 -2.250 -5.625 -0.033 -1.125 -5.625 0.028 0.000 -5.625 0.089 1.125 -5.625 0.151 2.250 -5.625 0.216 3.375 -5.625 0.279 4.500 -5.625 0.336 5.625 -5.625 0.377 6.750 -5.625 0.400 7.875 -5.625 0.403 9.000 -5.625 0.386 10.125 -5.625 0.355 11.250 -5.625 0.310 12.375 -5.625 0.257 13.500 -5.625 0.199 14.625 -5.625 0.138 15.750 -5.625 0.077 16.875 -5.625 0.019 18.000 -5.625 -0.035 19.125 -5.625 -0.085 20.250 -5.625 -0.129 21.375 -5.625 -0.168 22.500 -5.625 -0.202 23.625 -5.625 -0.231 24.750 -5.625 -0.255 25.875 -5.625 -0.273 27.000 -5.625 -0.286 28.125 -5.625 -0.293 29.250 -5.625 -0.293 30.375 -5.625 -0.288 31.500 -5.625 -0.278 32.625 -5.625 -0.262 33.750 -5.625 -0.243 34.875 -5.625 -0.222 36.000 -5.625 -0.179 37.125 -5.625 0.022 38.250 -5.625 0.371 39.375 -5.625 0.850 40.500 -5.625 1.450 41.625 -5.625 2.164 42.750 -5.625 2.988 43.875 -5.625 3.916 45.000 -5.625 4.948 -45.000 -4.500 4.970 -43.875 -4.500 3.993 -42.750 -4.500 3.128 -41.625 -4.500 2.374 -40.500 -4.500 1.736 -39.375 -4.500 1.215 -38.250 -4.500 0.816 -37.125 -4.500 0.548 -36.000 -4.500 0.426 -34.875 -4.500 0.442 -33.750 -4.500 0.458 -32.625 -4.500 0.462 -31.500 -4.500 0.456 -30.375 -4.500 0.437 -29.250 -4.500 0.408 -28.125 -4.500 0.368 -27.000 -4.500 0.320 -25.875 -4.500 0.265 -24.750 -4.500 0.205 -23.625 -4.500 0.143 -22.500 -4.500 0.081 -21.375 -4.500 0.020 -20.250 -4.500 -0.039 -19.125 -4.500 -0.095 -18.000 -4.500 -0.146 -16.875 -4.500 -0.194 -15.750 -4.500 -0.238 -14.625 -4.500 -0.278 -13.500 -4.500 -0.312 -12.375 -4.500 -0.340 -11.250 -4.500 -0.360 -10.125 -4.500 -0.369 -9.000 -4.500 -0.364 -7.875 -4.500 -0.345 -6.750 -4.500 -0.307 -5.625 -4.500 -0.253 -4.500 -4.500 -0.185 -3.375 -4.500 -0.113 -2.250 -4.500 -0.045 -1.125 -4.500 0.015 0.000 -4.500 0.070 1.125 -4.500 0.128 2.250 -4.500 0.195 3.375 -4.500 0.271 4.500 -4.500 0.346 5.625 -4.500 0.408 6.750 -4.500 0.449 7.875 -4.500 0.468 9.000 -4.500 0.466 10.125 -4.500 0.446 11.250 -4.500 0.412 12.375 -4.500 0.367 13.500 -4.500 0.313 14.625 -4.500 0.254 15.750 -4.500 0.193 16.875 -4.500 0.131 18.000 -4.500 0.070 19.125 -4.500 0.011 20.250 -4.500 -0.044 21.375 -4.500 -0.096 22.500 -4.500 -0.142 23.625 -4.500 -0.184 24.750 -4.500 -0.220 25.875 -4.500 -0.249 27.000 -4.500 -0.271 28.125 -4.500 -0.287 29.250 -4.500 -0.295 30.375 -4.500 -0.296 31.500 -4.500 -0.291 32.625 -4.500 -0.280 33.750 -4.500 -0.265 34.875 -4.500 -0.246 36.000 -4.500 -0.216 37.125 -4.500 -0.039 38.250 -4.500 0.291 39.375 -4.500 0.754 40.500 -4.500 1.342 41.625 -4.500 2.045 42.750 -4.500 2.858 43.875 -4.500 3.779 45.000 -4.500 4.804 -45.000 -3.375 4.894 -43.875 -3.375 3.927 -42.750 -3.375 3.070 -41.625 -3.375 2.327 -40.500 -3.375 1.698 -39.375 -3.375 1.188 -38.250 -3.375 0.801 -37.125 -3.375 0.546 -36.000 -3.375 0.442 -34.875 -3.375 0.463 -33.750 -3.375 0.477 -32.625 -3.375 0.479 -31.500 -3.375 0.470 -30.375 -3.375 0.448 -29.250 -3.375 0.415 -28.125 -3.375 0.372 -27.000 -3.375 0.318 -25.875 -3.375 0.257 -24.750 -3.375 0.191 -23.625 -3.375 0.120 -22.500 -3.375 0.048 -21.375 -3.375 -0.024 -20.250 -3.375 -0.094 -19.125 -3.375 -0.161 -18.000 -3.375 -0.223 -16.875 -3.375 -0.281 -15.750 -3.375 -0.332 -14.625 -3.375 -0.376 -13.500 -3.375 -0.412 -12.375 -3.375 -0.439 -11.250 -3.375 -0.454 -10.125 -3.375 -0.455 -9.000 -3.375 -0.441 -7.875 -3.375 -0.408 -6.750 -3.375 -0.354 -5.625 -3.375 -0.282 -4.500 -3.375 -0.198 -3.375 -3.375 -0.114 -2.250 -3.375 -0.045 -1.125 -3.375 0.007 0.000 -3.375 0.047 1.125 -3.375 0.094 2.250 -3.375 0.161 3.375 -3.375 0.248 4.500 -3.375 0.343 5.625 -3.375 0.427 6.750 -3.375 0.491 7.875 -3.375 0.528 9.000 -3.375 0.540 10.125 -3.375 0.533 11.250 -3.375 0.509 12.375 -3.375 0.471 13.500 -3.375 0.423 14.625 -3.375 0.367 15.750 -3.375 0.305 16.875 -3.375 0.240 18.000 -3.375 0.172 19.125 -3.375 0.105 20.250 -3.375 0.039 21.375 -3.375 -0.024 22.500 -3.375 -0.083 23.625 -3.375 -0.136 24.750 -3.375 -0.183 25.875 -3.375 -0.223 27.000 -3.375 -0.255 28.125 -3.375 -0.278 29.250 -3.375 -0.294 30.375 -3.375 -0.301 31.500 -3.375 -0.300 32.625 -3.375 -0.294 33.750 -3.375 -0.281 34.875 -3.375 -0.265 36.000 -3.375 -0.243 37.125 -3.375 -0.086 38.250 -3.375 0.229 39.375 -3.375 0.681 40.500 -3.375 1.258 41.625 -3.375 1.952 42.750 -3.375 2.758 43.875 -3.375 3.673 45.000 -3.375 4.693 -45.000 -2.250 4.841 -43.875 -2.250 3.880 -42.750 -2.250 3.030 -41.625 -2.250 2.293 -40.500 -2.250 1.672 -39.375 -2.250 1.170 -38.250 -2.250 0.792 -37.125 -2.250 0.547 -36.000 -2.250 0.456 -34.875 -2.250 0.478 -33.750 -2.250 0.491 -32.625 -2.250 0.492 -31.500 -2.250 0.481 -30.375 -2.250 0.458 -29.250 -2.250 0.423 -28.125 -2.250 0.377 -27.000 -2.250 0.321 -25.875 -2.250 0.257 -24.750 -2.250 0.186 -23.625 -2.250 0.111 -22.500 -2.250 0.033 -21.375 -2.250 -0.046 -20.250 -2.250 -0.124 -19.125 -2.250 -0.199 -18.000 -2.250 -0.269 -16.875 -2.250 -0.334 -15.750 -2.250 -0.391 -14.625 -2.250 -0.440 -13.500 -2.250 -0.478 -12.375 -2.250 -0.505 -11.250 -2.250 -0.517 -10.125 -2.250 -0.514 -9.000 -2.250 -0.492 -7.875 -2.250 -0.449 -6.750 -2.250 -0.383 -5.625 -2.250 -0.295 -4.500 -2.250 -0.197 -3.375 -2.250 -0.104 -2.250 -2.250 -0.036 -1.125 -2.250 0.002 0.000 -2.250 0.025 1.125 -2.250 0.057 2.250 -2.250 0.120 3.375 -2.250 0.217 4.500 -2.250 0.332 5.625 -2.250 0.441 6.750 -2.250 0.526 7.875 -2.250 0.583 9.000 -2.250 0.611 10.125 -2.250 0.616 11.250 -2.250 0.602 12.375 -2.250 0.573 13.500 -2.250 0.531 14.625 -2.250 0.478 15.750 -2.250 0.416 16.875 -2.250 0.348 18.000 -2.250 0.275 19.125 -2.250 0.199 20.250 -2.250 0.123 21.375 -2.250 0.049 22.500 -2.250 -0.021 23.625 -2.250 -0.086 24.750 -2.250 -0.144 25.875 -2.250 -0.194 27.000 -2.250 -0.235 28.125 -2.250 -0.267 29.250 -2.250 -0.288 30.375 -2.250 -0.301 31.500 -2.250 -0.305 32.625 -2.250 -0.302 33.750 -2.250 -0.292 34.875 -2.250 -0.278 36.000 -2.250 -0.260 37.125 -2.250 -0.118 38.250 -2.250 0.186 39.375 -2.250 0.629 40.500 -2.250 1.198 41.625 -2.250 1.886 42.750 -2.250 2.687 43.875 -2.250 3.597 45.000 -2.250 4.613 -45.000 -1.125 4.809 -43.875 -1.125 3.852 -42.750 -1.125 3.006 -41.625 -1.125 2.274 -40.500 -1.125 1.657 -39.375 -1.125 1.159 -38.250 -1.125 0.786 -37.125 -1.125 0.548 -36.000 -1.125 0.465 -34.875 -1.125 0.488 -33.750 -1.125 0.500 -32.625 -1.125 0.501 -31.500 -1.125 0.490 -30.375 -1.125 0.467 -29.250 -1.125 0.432 -28.125 -1.125 0.386 -27.000 -1.125 0.330 -25.875 -1.125 0.265 -24.750 -1.125 0.193 -23.625 -1.125 0.116 -22.500 -1.125 0.035 -21.375 -1.125 -0.047 -20.250 -1.125 -0.129 -19.125 -1.125 -0.209 -18.000 -1.125 -0.284 -16.875 -1.125 -0.355 -15.750 -1.125 -0.417 -14.625 -1.125 -0.470 -13.500 -1.125 -0.511 -12.375 -1.125 -0.539 -11.250 -1.125 -0.552 -10.125 -1.125 -0.547 -9.000 -1.125 -0.521 -7.875 -1.125 -0.472 -6.750 -1.125 -0.397 -5.625 -1.125 -0.299 -4.500 -1.125 -0.190 -3.375 -1.125 -0.092 -2.250 -1.125 -0.026 -1.125 -1.125 0.001 0.000 -1.125 0.007 1.125 -1.125 0.026 2.250 -1.125 0.086 3.375 -1.125 0.192 4.500 -1.125 0.325 5.625 -1.125 0.455 6.750 -1.125 0.562 7.875 -1.125 0.636 9.000 -1.125 0.680 10.125 -1.125 0.698 11.250 -1.125 0.695 12.375 -1.125 0.675 13.500 -1.125 0.639 14.625 -1.125 0.590 15.750 -1.125 0.529 16.875 -1.125 0.458 18.000 -1.125 0.380 19.125 -1.125 0.297 20.250 -1.125 0.211 21.375 -1.125 0.126 22.500 -1.125 0.044 23.625 -1.125 -0.032 24.750 -1.125 -0.102 25.875 -1.125 -0.162 27.000 -1.125 -0.211 28.125 -1.125 -0.250 29.250 -1.125 -0.279 30.375 -1.125 -0.296 31.500 -1.125 -0.305 32.625 -1.125 -0.305 33.750 -1.125 -0.298 34.875 -1.125 -0.285 36.000 -1.125 -0.269 37.125 -1.125 -0.137 38.250 -1.125 0.161 39.375 -1.125 0.598 40.500 -1.125 1.163 41.625 -1.125 1.847 42.750 -1.125 2.645 43.875 -1.125 3.552 45.000 -1.125 4.565 -45.000 0.000 4.798 -43.875 0.000 3.843 -42.750 0.000 2.998 -41.625 0.000 2.267 -40.500 0.000 1.652 -39.375 0.000 1.156 -38.250 0.000 0.785 -37.125 0.000 0.548 -36.000 0.000 0.469 -34.875 0.000 0.492 -33.750 0.000 0.505 -32.625 0.000 0.507 -31.500 0.000 0.497 -30.375 0.000 0.475 -29.250 0.000 0.442 -28.125 0.000 0.398 -27.000 0.000 0.344 -25.875 0.000 0.282 -24.750 0.000 0.212 -23.625 0.000 0.136 -22.500 0.000 0.057 -21.375 0.000 -0.025 -20.250 0.000 -0.108 -19.125 0.000 -0.190 -18.000 0.000 -0.269 -16.875 0.000 -0.342 -15.750 0.000 -0.409 -14.625 0.000 -0.466 -13.500 0.000 -0.512 -12.375 0.000 -0.543 -11.250 0.000 -0.558 -10.125 0.000 -0.555 -9.000 0.000 -0.529 -7.875 0.000 -0.479 -6.750 0.000 -0.401 -5.625 0.000 -0.299 -4.500 0.000 -0.187 -3.375 0.000 -0.086 -2.250 0.000 -0.022 -1.125 0.000 0.001 0.000 0.000 0.000 1.125 0.000 0.014 2.250 0.000 0.074 3.375 0.000 0.188 4.500 0.000 0.333 5.625 0.000 0.479 6.750 0.000 0.603 7.875 0.000 0.693 9.000 0.000 0.752 10.125 0.000 0.783 11.250 0.000 0.792 12.375 0.000 0.781 13.500 0.000 0.753 14.625 0.000 0.708 15.750 0.000 0.649 16.875 0.000 0.576 18.000 0.000 0.493 19.125 0.000 0.402 20.250 0.000 0.307 21.375 0.000 0.210 22.500 0.000 0.116 23.625 0.000 0.028 24.750 0.000 -0.053 25.875 0.000 -0.123 27.000 0.000 -0.182 28.125 0.000 -0.229 29.250 0.000 -0.264 30.375 0.000 -0.287 31.500 0.000 -0.299 32.625 0.000 -0.302 33.750 0.000 -0.297 34.875 0.000 -0.286 36.000 0.000 -0.271 37.125 0.000 -0.142 38.250 0.000 0.153 39.375 0.000 0.588 40.500 0.000 1.151 41.625 0.000 1.834 42.750 0.000 2.631 43.875 0.000 3.537 45.000 0.000 4.550 -45.000 1.125 4.809 -43.875 1.125 3.852 -42.750 1.125 3.006 -41.625 1.125 2.274 -40.500 1.125 1.657 -39.375 1.125 1.160 -38.250 1.125 0.787 -37.125 1.125 0.549 -36.000 1.125 0.468 -34.875 1.125 0.492 -33.750 1.125 0.506 -32.625 1.125 0.509 -31.500 1.125 0.502 -30.375 1.125 0.483 -29.250 1.125 0.454 -28.125 1.125 0.414 -27.000 1.125 0.366 -25.875 1.125 0.309 -24.750 1.125 0.244 -23.625 1.125 0.174 -22.500 1.125 0.099 -21.375 1.125 0.021 -20.250 1.125 -0.060 -19.125 1.125 -0.141 -18.000 1.125 -0.221 -16.875 1.125 -0.297 -15.750 1.125 -0.368 -14.625 1.125 -0.430 -13.500 1.125 -0.481 -12.375 1.125 -0.518 -11.250 1.125 -0.538 -10.125 1.125 -0.539 -9.000 1.125 -0.519 -7.875 1.125 -0.472 -6.750 1.125 -0.398 -5.625 1.125 -0.300 -4.500 1.125 -0.191 -3.375 1.125 -0.091 -2.250 1.125 -0.025 -1.125 1.125 0.002 0.000 1.125 0.008 1.125 1.125 0.029 2.250 1.125 0.095 3.375 1.125 0.214 4.500 1.125 0.365 5.625 1.125 0.520 6.750 1.125 0.655 7.875 1.125 0.758 9.000 1.125 0.829 10.125 1.125 0.874 11.250 1.125 0.895 12.375 1.125 0.896 13.500 1.125 0.876 14.625 1.125 0.837 15.750 1.125 0.780 16.875 1.125 0.706 18.000 1.125 0.618 19.125 1.125 0.519 20.250 1.125 0.413 21.375 1.125 0.305 22.500 1.125 0.198 23.625 1.125 0.097 24.750 1.125 0.004 25.875 1.125 -0.078 27.000 1.125 -0.147 28.125 1.125 -0.202 29.250 1.125 -0.243 30.375 1.125 -0.271 31.500 1.125 -0.287 32.625 1.125 -0.293 33.750 1.125 -0.290 34.875 1.125 -0.280 36.000 1.125 -0.266 37.125 1.125 -0.135 38.250 1.125 0.162 39.375 1.125 0.599 40.500 1.125 1.163 41.625 1.125 1.847 42.750 1.125 2.645 43.875 1.125 3.552 45.000 1.125 4.565 -45.000 2.250 4.841 -43.875 2.250 3.880 -42.750 2.250 3.030 -41.625 2.250 2.294 -40.500 2.250 1.673 -39.375 2.250 1.171 -38.250 2.250 0.793 -37.125 2.250 0.550 -36.000 2.250 0.461 -34.875 2.250 0.486 -33.750 2.250 0.502 -32.625 2.250 0.509 -31.500 2.250 0.505 -30.375 2.250 0.492 -29.250 2.250 0.468 -28.125 2.250 0.436 -27.000 2.250 0.395 -25.875 2.250 0.347 -24.750 2.250 0.292 -23.625 2.250 0.231 -22.500 2.250 0.164 -21.375 2.250 0.093 -20.250 2.250 0.017 -19.125 2.250 -0.061 -18.000 2.250 -0.140 -16.875 2.250 -0.218 -15.750 2.250 -0.293 -14.625 2.250 -0.361 -13.500 2.250 -0.419 -12.375 2.250 -0.463 -11.250 2.250 -0.492 -10.125 2.250 -0.502 -9.000 2.250 -0.489 -7.875 2.250 -0.452 -6.750 2.250 -0.388 -5.625 2.250 -0.300 -4.500 2.250 -0.199 -3.375 2.250 -0.103 -2.250 2.250 -0.033 -1.125 2.250 0.007 0.000 2.250 0.031 1.125 2.250 0.069 2.250 2.250 0.147 3.375 2.250 0.270 4.500 2.250 0.422 5.625 2.250 0.579 6.750 2.250 0.719 7.875 2.250 0.831 9.000 2.250 0.915 10.125 2.250 0.974 11.250 2.250 1.009 12.375 2.250 1.022 13.500 2.250 1.013 14.625 2.250 0.980 15.750 2.250 0.926 16.875 2.250 0.851 18.000 2.250 0.758 19.125 2.250 0.651 20.250 2.250 0.534 21.375 2.250 0.413 22.500 2.250 0.292 23.625 2.250 0.176 24.750 2.250 0.070 25.875 2.250 -0.024 27.000 2.250 -0.104 28.125 2.250 -0.167 29.250 2.250 -0.216 30.375 2.250 -0.249 31.500 2.250 -0.269 32.625 2.250 -0.277 33.750 2.250 -0.276 34.875 2.250 -0.268 36.000 2.250 -0.254 37.125 2.250 -0.114 38.250 2.250 0.189 39.375 2.250 0.630 40.500 2.250 1.199 41.625 2.250 1.887 42.750 2.250 2.688 43.875 2.250 3.597 45.000 2.250 4.613 -45.000 3.375 4.894 -43.875 3.375 3.927 -42.750 3.375 3.071 -41.625 3.375 2.327 -40.500 3.375 1.699 -39.375 3.375 1.189 -38.250 3.375 0.804 -37.125 3.375 0.551 -36.000 3.375 0.450 -34.875 3.375 0.475 -33.750 3.375 0.495 -32.625 3.375 0.506 -31.500 3.375 0.508 -30.375 3.375 0.501 -29.250 3.375 0.486 -28.125 3.375 0.463 -27.000 3.375 0.434 -25.875 3.375 0.398 -24.750 3.375 0.355 -23.625 3.375 0.307 -22.500 3.375 0.252 -21.375 3.375 0.191 -20.250 3.375 0.124 -19.125 3.375 0.051 -18.000 3.375 -0.026 -16.875 3.375 -0.106 -15.750 3.375 -0.184 -14.625 3.375 -0.259 -13.500 3.375 -0.326 -12.375 3.375 -0.381 -11.250 3.375 -0.421 -10.125 3.375 -0.442 -9.000 3.375 -0.441 -7.875 3.375 -0.416 -6.750 3.375 -0.366 -5.625 3.375 -0.292 -4.500 3.375 -0.204 -3.375 3.375 -0.114 -2.250 3.375 -0.038 -1.125 3.375 0.019 0.000 3.375 0.067 1.125 3.375 0.127 2.250 3.375 0.219 3.375 3.375 0.346 4.500 3.375 0.497 5.625 3.375 0.651 6.750 3.375 0.793 7.875 3.375 0.914 9.000 3.375 1.011 10.125 3.375 1.085 11.250 3.375 1.135 12.375 3.375 1.163 13.500 3.375 1.165 14.625 3.375 1.140 15.750 3.375 1.090 16.875 3.375 1.014 18.000 3.375 0.916 19.125 3.375 0.800 20.250 3.375 0.671 21.375 3.375 0.535 22.500 3.375 0.399 23.625 3.375 0.267 24.750 3.375 0.146 25.875 3.375 0.038 27.000 3.375 -0.053 28.125 3.375 -0.126 29.250 3.375 -0.182 30.375 3.375 -0.221 31.500 3.375 -0.245 32.625 3.375 -0.256 33.750 3.375 -0.257 34.875 3.375 -0.249 36.000 3.375 -0.233 37.125 3.375 -0.080 38.250 3.375 0.233 39.375 3.375 0.683 40.500 3.375 1.259 41.625 3.375 1.953 42.750 3.375 2.759 43.875 3.375 3.673 45.000 3.375 4.693 -45.000 4.500 4.970 -43.875 4.500 3.994 -42.750 4.500 3.128 -41.625 4.500 2.375 -40.500 4.500 1.737 -39.375 4.500 1.217 -38.250 4.500 0.820 -37.125 4.500 0.554 -36.000 4.500 0.437 -34.875 4.500 0.459 -33.750 4.500 0.483 -32.625 4.500 0.500 -31.500 4.500 0.509 -30.375 4.500 0.511 -29.250 4.500 0.507 -28.125 4.500 0.497 -27.000 4.500 0.482 -25.875 4.500 0.461 -24.750 4.500 0.435 -23.625 4.500 0.403 -22.500 4.500 0.364 -21.375 4.500 0.317 -20.250 4.500 0.260 -19.125 4.500 0.195 -18.000 4.500 0.121 -16.875 4.500 0.041 -15.750 4.500 -0.043 -14.625 4.500 -0.126 -13.500 4.500 -0.204 -12.375 4.500 -0.272 -11.250 4.500 -0.326 -10.125 4.500 -0.361 -9.000 4.500 -0.375 -7.875 4.500 -0.366 -6.750 4.500 -0.331 -5.625 4.500 -0.273 -4.500 4.500 -0.198 -3.375 4.500 -0.116 -2.250 4.500 -0.036 -1.125 4.500 0.037 0.000 4.500 0.108 1.125 4.500 0.191 2.250 4.500 0.297 3.375 4.500 0.428 4.500 4.500 0.577 5.625 4.500 0.730 6.750 4.500 0.875 7.875 4.500 1.004 9.000 4.500 1.115 10.125 4.500 1.205 11.250 4.500 1.274 12.375 4.500 1.317 13.500 4.500 1.332 14.625 4.500 1.317 15.750 4.500 1.271 16.875 4.500 1.194 18.000 4.500 1.091 19.125 4.500 0.965 20.250 4.500 0.823 21.375 4.500 0.671 22.500 4.500 0.518 23.625 4.500 0.369 24.750 4.500 0.232 25.875 4.500 0.110 27.000 4.500 0.006 28.125 4.500 -0.078 29.250 4.500 -0.142 30.375 4.500 -0.187 31.500 4.500 -0.215 32.625 4.500 -0.229 33.750 4.500 -0.231 34.875 4.500 -0.224 36.000 4.500 -0.203 37.125 4.500 -0.031 38.250 4.500 0.296 39.375 4.500 0.757 40.500 4.500 1.343 41.625 4.500 2.045 42.750 4.500 2.859 43.875 4.500 3.780 45.000 4.500 4.804 -45.000 5.625 5.068 -43.875 5.625 4.081 -42.750 5.625 3.204 -41.625 5.625 2.439 -40.500 5.625 1.788 -39.375 5.625 1.255 -38.250 5.625 0.843 -37.125 5.625 0.562 -36.000 5.625 0.424 -34.875 5.625 0.439 -33.750 5.625 0.468 -32.625 5.625 0.492 -31.500 5.625 0.510 -30.375 5.625 0.523 -29.250 5.625 0.532 -28.125 5.625 0.537 -27.000 5.625 0.539 -25.875 5.625 0.537 -24.750 5.625 0.531 -23.625 5.625 0.519 -22.500 5.625 0.499 -21.375 5.625 0.468 -20.250 5.625 0.425 -19.125 5.625 0.369 -18.000 5.625 0.299 -16.875 5.625 0.218 -15.750 5.625 0.129 -14.625 5.625 0.037 -13.500 5.625 -0.054 -12.375 5.625 -0.138 -11.250 5.625 -0.208 -10.125 5.625 -0.261 -9.000 5.625 -0.292 -7.875 5.625 -0.300 -6.750 5.625 -0.282 -5.625 5.625 -0.241 -4.500 5.625 -0.179 -3.375 5.625 -0.105 -2.250 5.625 -0.023 -1.125 5.625 0.061 0.000 5.625 0.150 1.125 5.625 0.250 2.250 5.625 0.368 3.375 5.625 0.504 4.500 5.625 0.653 5.625 5.625 0.807 6.750 5.625 0.958 7.875 5.625 1.098 9.000 5.625 1.225 10.125 5.625 1.334 11.250 5.625 1.421 12.375 5.625 1.482 13.500 5.625 1.511 14.625 5.625 1.506 15.750 5.625 1.465 16.875 5.625 1.389 18.000 5.625 1.280 19.125 5.625 1.144 20.250 5.625 0.987 21.375 5.625 0.819 22.500 5.625 0.648 23.625 5.625 0.481 24.750 5.625 0.326 25.875 5.625 0.188 27.000 5.625 0.071 28.125 5.625 -0.024 29.250 5.625 -0.097 30.375 5.625 -0.148 31.500 5.625 -0.180 32.625 5.625 -0.196 33.750 5.625 -0.200 34.875 5.625 -0.194 36.000 5.625 -0.161 37.125 5.625 0.033 38.250 5.625 0.377 39.375 5.625 0.854 40.500 5.625 1.452 41.625 5.625 2.165 42.750 5.625 2.988 43.875 5.625 3.917 45.000 5.625 4.948 -45.000 6.750 5.190 -43.875 6.750 4.189 -42.750 6.750 3.298 -41.625 6.750 2.519 -40.500 6.750 1.853 -39.375 6.750 1.304 -38.250 6.750 0.875 -37.125 6.750 0.575 -36.000 6.750 0.415 -34.875 6.750 0.415 -33.750 6.750 0.450 -32.625 6.750 0.482 -31.500 6.750 0.510 -30.375 6.750 0.535 -29.250 6.750 0.559 -28.125 6.750 0.582 -27.000 6.750 0.604 -25.875 6.750 0.624 -24.750 6.750 0.641 -23.625 6.750 0.652 -22.500 6.750 0.653 -21.375 6.750 0.641 -20.250 6.750 0.614 -19.125 6.750 0.569 -18.000 6.750 0.505 -16.875 6.750 0.423 -15.750 6.750 0.328 -14.625 6.750 0.225 -13.500 6.750 0.119 -12.375 6.750 0.018 -11.250 6.750 -0.072 -10.125 6.750 -0.144 -9.000 6.750 -0.195 -7.875 6.750 -0.220 -6.750 6.750 -0.220 -5.625 6.750 -0.195 -4.500 6.750 -0.147 -3.375 6.750 -0.081 -2.250 6.750 -0.002 -1.125 6.750 0.088 0.000 6.750 0.187 1.125 6.750 0.299 2.250 6.750 0.426 3.375 6.750 0.567 4.500 6.750 0.720 5.625 6.750 0.879 6.750 6.750 1.038 7.875 6.750 1.193 9.000 6.750 1.337 10.125 6.750 1.466 11.250 6.750 1.573 12.375 6.750 1.652 13.500 6.750 1.697 14.625 6.750 1.703 15.750 6.750 1.668 16.875 6.750 1.591 18.000 6.750 1.476 19.125 6.750 1.330 20.250 6.750 1.159 21.375 6.750 0.974 22.500 6.750 0.783 23.625 6.750 0.598 24.750 6.750 0.425 25.875 6.750 0.271 27.000 6.750 0.140 28.125 6.750 0.034 29.250 6.750 -0.047 30.375 6.750 -0.104 31.500 6.750 -0.141 32.625 6.750 -0.159 33.750 6.750 -0.164 34.875 6.750 -0.158 36.000 6.750 -0.107 37.125 6.750 0.113 38.250 6.750 0.479 39.375 6.750 0.973 40.500 6.750 1.587 41.625 6.750 2.313 42.750 6.750 3.147 43.875 6.750 4.085 45.000 6.750 5.125 -45.000 7.875 5.338 -43.875 7.875 4.321 -42.750 7.875 3.414 -41.625 7.875 2.617 -40.500 7.875 1.934 -39.375 7.875 1.366 -38.250 7.875 0.918 -37.125 7.875 0.596 -36.000 7.875 0.410 -34.875 7.875 0.387 -33.750 7.875 0.429 -32.625 7.875 0.469 -31.500 7.875 0.508 -30.375 7.875 0.548 -29.250 7.875 0.588 -28.125 7.875 0.630 -27.000 7.875 0.674 -25.875 7.875 0.718 -24.750 7.875 0.760 -23.625 7.875 0.796 -22.500 7.875 0.821 -21.375 7.875 0.831 -20.250 7.875 0.821 -19.125 7.875 0.788 -18.000 7.875 0.730 -16.875 7.875 0.648 -15.750 7.875 0.547 -14.625 7.875 0.432 -13.500 7.875 0.310 -12.375 7.875 0.190 -11.250 7.875 0.079 -10.125 7.875 -0.014 -9.000 7.875 -0.086 -7.875 7.875 -0.131 -6.750 7.875 -0.149 -5.625 7.875 -0.140 -4.500 7.875 -0.106 -3.375 7.875 -0.049 -2.250 7.875 0.025 -1.125 7.875 0.115 0.000 7.875 0.219 1.125 7.875 0.337 2.250 7.875 0.469 3.375 7.875 0.616 4.500 7.875 0.774 5.625 7.875 0.941 6.750 7.875 1.112 7.875 7.875 1.282 9.000 7.875 1.445 10.125 7.875 1.595 11.250 7.875 1.722 12.375 7.875 1.820 13.500 7.875 1.880 14.625 7.875 1.897 15.750 7.875 1.868 16.875 7.875 1.791 18.000 7.875 1.672 19.125 7.875 1.515 20.250 7.875 1.330 21.375 7.875 1.127 22.500 7.875 0.919 23.625 7.875 0.715 24.750 7.875 0.524 25.875 7.875 0.354 27.000 7.875 0.210 28.125 7.875 0.094 29.250 7.875 0.005 30.375 7.875 -0.058 31.500 7.875 -0.098 32.625 7.875 -0.118 33.750 7.875 -0.124 34.875 7.875 -0.118 36.000 7.875 -0.037 37.125 7.875 0.212 38.250 7.875 0.601 39.375 7.875 1.116 40.500 7.875 1.747 41.625 7.875 2.489 42.750 7.875 3.336 43.875 7.875 4.285 45.000 7.875 5.334 -45.000 9.000 5.512 -43.875 9.000 4.477 -42.750 9.000 3.551 -41.625 9.000 2.736 -40.500 9.000 2.033 -39.375 9.000 1.445 -38.250 9.000 0.975 -37.125 9.000 0.628 -36.000 9.000 0.414 -34.875 9.000 0.356 -33.750 9.000 0.405 -32.625 9.000 0.454 -31.500 9.000 0.505 -30.375 9.000 0.559 -29.250 9.000 0.617 -28.125 9.000 0.679 -27.000 9.000 0.746 -25.875 9.000 0.815 -24.750 9.000 0.884 -23.625 9.000 0.946 -22.500 9.000 0.997 -21.375 9.000 1.029 -20.250 9.000 1.037 -19.125 9.000 1.016 -18.000 9.000 0.965 -16.875 9.000 0.883 -15.750 9.000 0.776 -14.625 9.000 0.649 -13.500 9.000 0.510 -12.375 9.000 0.370 -11.250 9.000 0.238 -10.125 9.000 0.123 -9.000 9.000 0.030 -7.875 9.000 -0.036 -6.750 9.000 -0.072 -5.625 9.000 -0.079 -4.500 9.000 -0.058 -3.375 9.000 -0.013 -2.250 9.000 0.055 -1.125 9.000 0.141 0.000 9.000 0.245 1.125 9.000 0.365 2.250 9.000 0.501 3.375 9.000 0.652 4.500 9.000 0.817 5.625 9.000 0.993 6.750 9.000 1.176 7.875 9.000 1.362 9.000 9.000 1.543 10.125 9.000 1.712 11.250 9.000 1.859 12.375 9.000 1.974 13.500 9.000 2.050 14.625 9.000 2.077 15.750 9.000 2.054 16.875 9.000 1.978 18.000 9.000 1.854 19.125 9.000 1.687 20.250 9.000 1.489 21.375 9.000 1.272 22.500 9.000 1.046 23.625 9.000 0.825 24.750 9.000 0.618 25.875 9.000 0.434 27.000 9.000 0.278 28.125 9.000 0.152 29.250 9.000 0.057 30.375 9.000 -0.011 31.500 9.000 -0.053 32.625 9.000 -0.075 33.750 9.000 -0.080 34.875 9.000 -0.074 36.000 9.000 0.048 37.125 9.000 0.329 38.250 9.000 0.745 39.375 9.000 1.283 40.500 9.000 1.934 41.625 9.000 2.693 42.750 9.000 3.555 43.875 9.000 4.517 45.000 9.000 5.577 -45.000 10.125 5.714 -43.875 10.125 4.659 -42.750 10.125 3.713 -41.625 10.125 2.877 -40.500 10.125 2.152 -39.375 10.125 1.541 -38.250 10.125 1.047 -37.125 10.125 0.674 -36.000 10.125 0.430 -34.875 10.125 0.332 -33.750 10.125 0.377 -32.625 10.125 0.436 -31.500 10.125 0.499 -30.375 10.125 0.567 -29.250 10.125 0.643 -28.125 10.125 0.726 -27.000 10.125 0.816 -25.875 10.125 0.910 -24.750 10.125 1.005 -23.625 10.125 1.093 -22.500 10.125 1.169 -21.375 10.125 1.224 -20.250 10.125 1.250 -19.125 10.125 1.242 -18.000 10.125 1.197 -16.875 10.125 1.116 -15.750 10.125 1.003 -14.625 10.125 0.864 -13.500 10.125 0.710 -12.375 10.125 0.551 -11.250 10.125 0.398 -10.125 10.125 0.261 -9.000 10.125 0.147 -7.875 10.125 0.062 -6.750 10.125 0.007 -5.625 10.125 -0.016 -4.500 10.125 -0.009 -3.375 10.125 0.026 -2.250 10.125 0.084 -1.125 10.125 0.165 0.000 10.125 0.266 1.125 10.125 0.385 2.250 10.125 0.522 3.375 10.125 0.676 4.500 10.125 0.847 5.625 10.125 1.031 6.750 10.125 1.226 7.875 10.125 1.426 9.000 10.125 1.623 10.125 10.125 1.809 11.250 10.125 1.974 12.375 10.125 2.105 13.500 10.125 2.193 14.625 10.125 2.231 15.750 10.125 2.213 16.875 10.125 2.138 18.000 10.125 2.010 19.125 10.125 1.836 20.250 10.125 1.627 21.375 10.125 1.396 22.500 10.125 1.157 23.625 10.125 0.921 24.750 10.125 0.702 25.875 10.125 0.506 27.000 10.125 0.340 28.125 10.125 0.207 29.250 10.125 0.106 30.375 10.125 0.036 31.500 10.125 -0.008 32.625 10.125 -0.030 33.750 10.125 -0.035 34.875 10.125 -0.016 36.000 10.125 0.152 37.125 10.125 0.468 38.250 10.125 0.913 39.375 10.125 1.476 40.500 10.125 2.149 41.625 10.125 2.927 42.750 10.125 3.805 43.875 10.125 4.781 45.000 10.125 5.853 -45.000 11.250 5.945 -43.875 11.250 4.869 -42.750 11.250 3.901 -41.625 11.250 3.043 -40.500 11.250 2.294 -39.375 11.250 1.658 -38.250 11.250 1.137 -37.125 11.250 0.736 -36.000 11.250 0.460 -34.875 11.250 0.323 -33.750 11.250 0.346 -32.625 11.250 0.414 -31.500 11.250 0.489 -30.375 11.250 0.571 -29.250 11.250 0.663 -28.125 11.250 0.766 -27.000 11.250 0.877 -25.875 11.250 0.996 -24.750 11.250 1.115 -23.625 11.250 1.229 -22.500 11.250 1.328 -21.375 11.250 1.403 -20.250 11.250 1.447 -19.125 11.250 1.452 -18.000 11.250 1.414 -16.875 11.250 1.334 -15.750 11.250 1.215 -14.625 11.250 1.067 -13.500 11.250 0.898 -12.375 11.250 0.722 -11.250 11.250 0.550 -10.125 11.250 0.393 -9.000 11.250 0.259 -7.875 11.250 0.156 -6.750 11.250 0.084 -5.625 11.250 0.046 -4.500 11.250 0.040 -3.375 11.250 0.063 -2.250 11.250 0.113 -1.125 11.250 0.187 0.000 11.250 0.282 1.125 11.250 0.398 2.250 11.250 0.535 3.375 11.250 0.690 4.500 11.250 0.864 5.625 11.250 1.054 6.750 11.250 1.258 7.875 11.250 1.468 9.000 11.250 1.678 10.125 11.250 1.878 11.250 11.250 2.056 12.375 11.250 2.199 13.500 11.250 2.299 14.625 11.250 2.344 15.750 11.250 2.331 16.875 11.250 2.258 18.000 11.250 2.128 19.125 11.250 1.949 20.250 11.250 1.732 21.375 11.250 1.492 22.500 11.250 1.242 23.625 11.250 0.997 24.750 11.250 0.768 25.875 11.250 0.564 27.000 11.250 0.392 28.125 11.250 0.255 29.250 11.250 0.151 30.375 11.250 0.080 31.500 11.250 0.036 32.625 11.250 0.015 33.750 11.250 0.012 34.875 11.250 0.062 36.000 11.250 0.275 37.125 11.250 0.628 38.250 11.250 1.105 39.375 11.250 1.695 40.500 11.250 2.392 41.625 11.250 3.191 42.750 11.250 4.087 43.875 11.250 5.079 45.000 11.250 6.164 -45.000 12.375 6.208 -43.875 12.375 5.109 -42.750 12.375 4.118 -41.625 12.375 3.235 -40.500 12.375 2.461 -39.375 12.375 1.798 -38.250 12.375 1.249 -37.125 12.375 0.817 -36.000 12.375 0.508 -34.875 12.375 0.332 -33.750 12.375 0.311 -32.625 12.375 0.388 -31.500 12.375 0.473 -30.375 12.375 0.569 -29.250 12.375 0.676 -28.125 12.375 0.796 -27.000 12.375 0.927 -25.875 12.375 1.066 -24.750 12.375 1.207 -23.625 12.375 1.342 -22.500 12.375 1.462 -21.375 12.375 1.557 -20.250 12.375 1.615 -19.125 12.375 1.631 -18.000 12.375 1.600 -16.875 12.375 1.521 -15.750 12.375 1.400 -14.625 12.375 1.243 -13.500 12.375 1.063 -12.375 12.375 0.873 -11.250 12.375 0.685 -10.125 12.375 0.511 -9.000 12.375 0.362 -7.875 12.375 0.242 -6.750 12.375 0.156 -5.625 12.375 0.104 -4.500 12.375 0.085 -3.375 12.375 0.098 -2.250 12.375 0.138 -1.125 12.375 0.204 0.000 12.375 0.294 1.125 12.375 0.405 2.250 12.375 0.538 3.375 12.375 0.692 4.500 12.375 0.867 5.625 12.375 1.059 6.750 12.375 1.267 7.875 12.375 1.484 9.000 12.375 1.702 10.125 12.375 1.910 11.250 12.375 2.096 12.375 12.375 2.249 13.500 12.375 2.356 14.625 12.375 2.407 15.750 12.375 2.398 16.875 12.375 2.327 18.000 12.375 2.196 19.125 12.375 2.015 20.250 12.375 1.795 21.375 12.375 1.550 22.500 12.375 1.295 23.625 12.375 1.044 24.750 12.375 0.811 25.875 12.375 0.604 27.000 12.375 0.430 28.125 12.375 0.292 29.250 12.375 0.189 30.375 12.375 0.119 31.500 12.375 0.077 32.625 12.375 0.059 33.750 12.375 0.059 34.875 12.375 0.161 36.000 12.375 0.421 37.125 12.375 0.813 38.250 12.375 1.323 39.375 12.375 1.942 40.500 12.375 2.665 41.625 12.375 3.485 42.750 12.375 4.401 43.875 12.375 5.410 45.000 12.375 6.510 -45.000 13.500 6.504 -43.875 13.500 5.381 -42.750 13.500 4.365 -41.625 13.500 3.456 -40.500 13.500 2.655 -39.375 13.500 1.965 -38.250 13.500 1.386 -37.125 13.500 0.922 -36.000 13.500 0.578 -34.875 13.500 0.361 -33.750 13.500 0.287 -32.625 13.500 0.358 -31.500 13.500 0.452 -30.375 13.500 0.558 -29.250 13.500 0.678 -28.125 13.500 0.813 -27.000 13.500 0.959 -25.875 13.500 1.115 -24.750 13.500 1.274 -23.625 13.500 1.427 -22.500 13.500 1.563 -21.375 13.500 1.673 -20.250 13.500 1.744 -19.125 13.500 1.769 -18.000 13.500 1.744 -16.875 13.500 1.668 -15.750 13.500 1.545 -14.625 13.500 1.383 -13.500 13.500 1.196 -12.375 13.500 0.996 -11.250 13.500 0.796 -10.125 13.500 0.610 -9.000 13.500 0.448 -7.875 13.500 0.316 -6.750 13.500 0.218 -5.625 13.500 0.155 -4.500 13.500 0.126 -3.375 13.500 0.129 -2.250 13.500 0.160 -1.125 13.500 0.218 0.000 13.500 0.300 1.125 13.500 0.405 2.250 13.500 0.532 3.375 13.500 0.682 4.500 13.500 0.853 5.625 13.500 1.044 6.750 13.500 1.252 7.875 13.500 1.469 9.000 13.500 1.689 10.125 13.500 1.900 11.250 13.500 2.090 12.375 13.500 2.246 13.500 13.500 2.356 14.625 13.500 2.412 15.750 13.500 2.405 16.875 13.500 2.336 18.000 13.500 2.208 19.125 13.500 2.027 20.250 13.500 1.808 21.375 13.500 1.564 22.500 13.500 1.309 23.625 13.500 1.060 24.750 13.500 0.828 25.875 13.500 0.624 27.000 13.500 0.453 28.125 13.500 0.317 29.250 13.500 0.218 30.375 13.500 0.152 31.500 13.500 0.115 32.625 13.500 0.101 33.750 13.500 0.118 34.875 13.500 0.283 36.000 13.500 0.591 37.125 13.500 1.023 38.250 13.500 1.568 39.375 13.500 2.218 40.500 13.500 2.968 41.625 13.500 3.812 42.750 13.500 4.749 43.875 13.500 5.776 45.000 13.500 6.891 -45.000 14.625 6.835 -43.875 14.625 5.687 -42.750 14.625 4.644 -41.625 14.625 3.708 -40.500 14.625 2.880 -39.375 14.625 2.160 -38.250 14.625 1.550 -37.125 14.625 1.053 -36.000 14.625 0.672 -34.875 14.625 0.414 -33.750 14.625 0.290 -32.625 14.625 0.322 -31.500 14.625 0.424 -30.375 14.625 0.539 -29.250 14.625 0.669 -28.125 14.625 0.814 -27.000 14.625 0.972 -25.875 14.625 1.140 -24.750 14.625 1.311 -23.625 14.625 1.476 -22.500 14.625 1.624 -21.375 14.625 1.744 -20.250 14.625 1.824 -19.125 14.625 1.857 -18.000 14.625 1.837 -16.875 14.625 1.763 -15.750 14.625 1.641 -14.625 14.625 1.479 -13.500 14.625 1.288 -12.375 14.625 1.083 -11.250 14.625 0.878 -10.125 14.625 0.685 -9.000 14.625 0.515 -7.875 14.625 0.375 -6.750 14.625 0.269 -5.625 14.625 0.197 -4.500 14.625 0.160 -3.375 14.625 0.154 -2.250 14.625 0.178 -1.125 14.625 0.227 0.000 14.625 0.301 1.125 14.625 0.398 2.250 14.625 0.518 3.375 14.625 0.660 4.500 14.625 0.824 5.625 14.625 1.009 6.750 14.625 1.210 7.875 14.625 1.422 9.000 14.625 1.637 10.125 14.625 1.845 11.250 14.625 2.032 12.375 14.625 2.187 13.500 14.625 2.298 14.625 14.625 2.353 15.750 14.625 2.349 16.875 14.625 2.283 18.000 14.625 2.158 19.125 14.625 1.983 20.250 14.625 1.769 21.375 14.625 1.531 22.500 14.625 1.283 23.625 14.625 1.041 24.750 14.625 0.817 25.875 14.625 0.620 27.000 14.625 0.457 28.125 14.625 0.330 29.250 14.625 0.238 30.375 14.625 0.179 31.500 14.625 0.148 32.625 14.625 0.140 33.750 14.625 0.206 34.875 14.625 0.431 36.000 14.625 0.787 37.125 14.625 1.261 38.250 14.625 1.842 39.375 14.625 2.525 40.500 14.625 3.302 41.625 14.625 4.172 42.750 14.625 5.130 43.875 14.625 6.176 45.000 14.625 7.308 -45.000 15.750 7.203 -43.875 15.750 6.029 -42.750 15.750 4.959 -41.625 15.750 3.995 -40.500 15.750 3.137 -39.375 15.750 2.387 -38.250 15.750 1.745 -37.125 15.750 1.213 -36.000 15.750 0.795 -34.875 15.750 0.495 -33.750 15.750 0.321 -32.625 15.750 0.289 -31.500 15.750 0.390 -30.375 15.750 0.511 -29.250 15.750 0.647 -28.125 15.750 0.798 -27.000 15.750 0.963 -25.875 15.750 1.137 -24.750 15.750 1.315 -23.625 15.750 1.486 -22.500 15.750 1.640 -21.375 15.750 1.766 -20.250 15.750 1.851 -19.125 15.750 1.889 -18.000 15.750 1.873 -16.875 15.750 1.804 -15.750 15.750 1.685 -14.625 15.750 1.525 -13.500 15.750 1.336 -12.375 15.750 1.132 -11.250 15.750 0.926 -10.125 15.750 0.732 -9.000 15.750 0.560 -7.875 15.750 0.417 -6.750 15.750 0.306 -5.625 15.750 0.230 -4.500 15.750 0.187 -3.375 15.750 0.174 -2.250 15.750 0.190 -1.125 15.750 0.231 0.000 15.750 0.296 1.125 15.750 0.384 2.250 15.750 0.494 3.375 15.750 0.626 4.500 15.750 0.779 5.625 15.750 0.953 6.750 15.750 1.143 7.875 15.750 1.344 9.000 15.750 1.549 10.125 15.750 1.747 11.250 15.750 1.926 12.375 15.750 2.074 13.500 15.750 2.180 14.625 15.750 2.234 15.750 15.750 2.230 16.875 15.750 2.167 18.000 15.750 2.048 19.125 15.750 1.881 20.250 15.750 1.678 21.375 15.750 1.452 22.500 15.750 1.217 23.625 15.750 0.989 24.750 15.750 0.778 25.875 15.750 0.595 27.000 15.750 0.444 28.125 15.750 0.328 29.250 15.750 0.247 30.375 15.750 0.198 31.500 15.750 0.176 32.625 15.750 0.181 33.750 15.750 0.322 34.875 15.750 0.606 36.000 15.750 1.012 37.125 15.750 1.528 38.250 15.750 2.147 39.375 15.750 2.862 40.500 15.750 3.669 41.625 15.750 4.565 42.750 15.750 5.546 43.875 15.750 6.612 45.000 15.750 7.762 -45.000 16.875 7.611 -43.875 16.875 6.409 -42.750 16.875 5.311 -41.625 16.875 4.319 -40.500 16.875 3.431 -39.375 16.875 2.649 -38.250 16.875 1.974 -37.125 16.875 1.406 -36.000 16.875 0.949 -34.875 16.875 0.607 -33.750 16.875 0.384 -32.625 16.875 0.291 -31.500 16.875 0.350 -30.375 16.875 0.474 -29.250 16.875 0.613 -28.125 16.875 0.766 -27.000 16.875 0.933 -25.875 16.875 1.108 -24.750 16.875 1.286 -23.625 16.875 1.458 -22.500 16.875 1.612 -21.375 16.875 1.739 -20.250 16.875 1.826 -19.125 16.875 1.866 -18.000 16.875 1.854 -16.875 16.875 1.789 -15.750 16.875 1.676 -14.625 16.875 1.522 -13.500 16.875 1.339 -12.375 16.875 1.141 -11.250 16.875 0.941 -10.125 16.875 0.752 -9.000 16.875 0.583 -7.875 16.875 0.441 -6.750 16.875 0.331 -5.625 16.875 0.252 -4.500 16.875 0.205 -3.375 16.875 0.188 -2.250 16.875 0.197 -1.125 16.875 0.230 0.000 16.875 0.286 1.125 16.875 0.364 2.250 16.875 0.462 3.375 16.875 0.581 4.500 16.875 0.720 5.625 16.875 0.879 6.750 16.875 1.053 7.875 16.875 1.238 9.000 16.875 1.427 10.125 16.875 1.610 11.250 16.875 1.776 12.375 16.875 1.913 13.500 16.875 2.010 14.625 16.875 2.059 15.750 16.875 2.055 16.875 16.875 1.996 18.000 16.875 1.884 19.125 16.875 1.729 20.250 16.875 1.540 21.375 16.875 1.331 22.500 16.875 1.115 23.625 16.875 0.905 24.750 16.875 0.714 25.875 16.875 0.548 27.000 16.875 0.415 28.125 16.875 0.315 29.250 16.875 0.247 30.375 16.875 0.210 31.500 16.875 0.198 32.625 16.875 0.257 33.750 16.875 0.470 34.875 16.875 0.811 36.000 16.875 1.266 37.125 16.875 1.826 38.250 16.875 2.483 39.375 16.875 3.233 40.500 16.875 4.070 41.625 16.875 4.992 42.750 16.875 5.998 43.875 16.875 7.085 45.000 16.875 8.253 -45.000 18.000 8.060 -43.875 18.000 6.830 -42.750 18.000 5.704 -41.625 18.000 4.681 -40.500 18.000 3.763 -39.375 18.000 2.949 -38.250 18.000 2.239 -37.125 18.000 1.636 -36.000 18.000 1.140 -34.875 18.000 0.753 -33.750 18.000 0.481 -32.625 18.000 0.331 -31.500 18.000 0.315 -30.375 18.000 0.430 -29.250 18.000 0.568 -28.125 18.000 0.720 -27.000 18.000 0.884 -25.875 18.000 1.055 -24.750 18.000 1.228 -23.625 18.000 1.395 -22.500 18.000 1.545 -21.375 18.000 1.668 -20.250 18.000 1.753 -19.125 18.000 1.793 -18.000 18.000 1.784 -16.875 18.000 1.724 -15.750 18.000 1.618 -14.625 18.000 1.474 -13.500 18.000 1.302 -12.375 18.000 1.115 -11.250 18.000 0.926 -10.125 18.000 0.746 -9.000 18.000 0.585 -7.875 18.000 0.449 -6.750 18.000 0.342 -5.625 18.000 0.265 -4.500 18.000 0.217 -3.375 18.000 0.196 -2.250 18.000 0.200 -1.125 18.000 0.226 0.000 18.000 0.272 1.125 18.000 0.338 2.250 18.000 0.423 3.375 18.000 0.528 4.500 18.000 0.650 5.625 18.000 0.791 6.750 18.000 0.945 7.875 18.000 1.110 9.000 18.000 1.278 10.125 18.000 1.441 11.250 18.000 1.589 12.375 18.000 1.711 13.500 18.000 1.797 14.625 18.000 1.839 15.750 18.000 1.833 16.875 18.000 1.778 18.000 18.000 1.676 19.125 18.000 1.535 20.250 18.000 1.364 21.375 18.000 1.175 22.500 18.000 0.982 23.625 18.000 0.796 24.750 18.000 0.628 25.875 18.000 0.485 27.000 18.000 0.372 28.125 18.000 0.290 29.250 18.000 0.239 30.375 18.000 0.216 31.500 18.000 0.225 32.625 18.000 0.370 33.750 18.000 0.650 34.875 18.000 1.048 36.000 18.000 1.553 37.125 18.000 2.157 38.250 18.000 2.853 39.375 18.000 3.637 40.500 18.000 4.505 41.625 18.000 5.456 42.750 18.000 6.486 43.875 18.000 7.595 45.000 18.000 8.783 -45.000 19.125 8.551 -43.875 19.125 7.294 -42.750 19.125 6.138 -41.625 19.125 5.086 -40.500 19.125 4.136 -39.375 19.125 3.289 -38.250 19.125 2.545 -37.125 19.125 1.905 -36.000 19.125 1.369 -34.875 19.125 0.939 -33.750 19.125 0.618 -32.625 19.125 0.411 -31.500 19.125 0.325 -30.375 19.125 0.381 -29.250 19.125 0.516 -28.125 19.125 0.662 -27.000 19.125 0.819 -25.875 19.125 0.983 -24.750 19.125 1.147 -23.625 19.125 1.304 -22.500 19.125 1.445 -21.375 19.125 1.560 -20.250 19.125 1.640 -19.125 19.125 1.679 -18.000 19.125 1.671 -16.875 19.125 1.617 -15.750 19.125 1.520 -14.625 19.125 1.388 -13.500 19.125 1.230 -12.375 19.125 1.058 -11.250 19.125 0.884 -10.125 19.125 0.718 -9.000 19.125 0.569 -7.875 19.125 0.443 -6.750 19.125 0.342 -5.625 19.125 0.269 -4.500 19.125 0.222 -3.375 19.125 0.199 -2.250 19.125 0.198 -1.125 19.125 0.217 0.000 19.125 0.255 1.125 19.125 0.309 2.250 19.125 0.381 3.375 19.125 0.468 4.500 19.125 0.573 5.625 19.125 0.692 6.750 19.125 0.825 7.875 19.125 0.966 9.000 19.125 1.111 10.125 19.125 1.250 11.250 19.125 1.377 12.375 19.125 1.480 13.500 19.125 1.553 14.625 19.125 1.587 15.750 19.125 1.579 16.875 19.125 1.527 18.000 19.125 1.436 19.125 19.125 1.310 20.250 19.125 1.159 21.375 19.125 0.995 22.500 19.125 0.828 23.625 19.125 0.669 24.750 19.125 0.527 25.875 19.125 0.409 27.000 19.125 0.318 28.125 19.125 0.257 29.250 19.125 0.224 30.375 19.125 0.216 31.500 19.125 0.296 32.625 19.125 0.520 33.750 19.125 0.865 34.875 19.125 1.320 36.000 19.125 1.874 37.125 19.125 2.522 38.250 19.125 3.257 39.375 19.125 4.077 40.500 19.125 4.977 41.625 19.125 5.955 42.750 19.125 7.011 43.875 19.125 8.143 45.000 19.125 9.351 -45.000 20.250 9.089 -43.875 20.250 7.802 -42.750 20.250 6.618 -41.625 20.250 5.535 -40.500 20.250 4.554 -39.375 20.250 3.674 -38.250 20.250 2.895 -37.125 20.250 2.217 -36.000 20.250 1.641 -34.875 20.250 1.167 -33.750 20.250 0.797 -32.625 20.250 0.535 -31.500 20.250 0.385 -30.375 20.250 0.355 -29.250 20.250 0.458 -28.125 20.250 0.597 -27.000 20.250 0.745 -25.875 20.250 0.897 -24.750 20.250 1.049 -23.625 20.250 1.193 -22.500 20.250 1.322 -21.375 20.250 1.427 -20.250 20.250 1.500 -19.125 20.250 1.535 -18.000 20.250 1.528 -16.875 20.250 1.480 -15.750 20.250 1.393 -14.625 20.250 1.274 -13.500 20.250 1.133 -12.375 20.250 0.979 -11.250 20.250 0.823 -10.125 20.250 0.674 -9.000 20.250 0.539 -7.875 20.250 0.425 -6.750 20.250 0.334 -5.625 20.250 0.266 -4.500 20.250 0.222 -3.375 20.250 0.198 -2.250 20.250 0.194 -1.125 20.250 0.207 0.000 20.250 0.235 1.125 20.250 0.278 2.250 20.250 0.335 3.375 20.250 0.407 4.500 20.250 0.492 5.625 20.250 0.589 6.750 20.250 0.698 7.875 20.250 0.814 9.000 20.250 0.933 10.125 20.250 1.048 11.250 20.250 1.151 12.375 20.250 1.235 13.500 20.250 1.292 14.625 20.250 1.317 15.750 20.250 1.306 16.875 20.250 1.258 18.000 20.250 1.177 19.125 20.250 1.068 20.250 20.250 0.940 21.375 20.250 0.800 22.500 20.250 0.661 23.625 20.250 0.530 24.750 20.250 0.416 25.875 20.250 0.325 27.000 20.250 0.259 28.125 20.250 0.219 29.250 20.250 0.205 30.375 20.250 0.239 31.500 20.250 0.413 32.625 20.250 0.711 33.750 20.250 1.119 34.875 20.250 1.628 36.000 20.250 2.232 37.125 20.250 2.923 38.250 20.250 3.699 39.375 20.250 4.553 40.500 20.250 5.486 41.625 20.250 6.493 42.750 20.250 7.575 43.875 20.250 8.730 45.000 20.250 9.960 -45.000 21.375 9.673 -43.875 21.375 8.358 -42.750 21.375 7.144 -41.625 21.375 6.031 -40.500 21.375 5.018 -39.375 21.375 4.104 -38.250 21.375 3.290 -37.125 21.375 2.575 -36.000 21.375 1.959 -34.875 21.375 1.441 -33.750 21.375 1.023 -32.625 21.375 0.707 -31.500 21.375 0.494 -30.375 21.375 0.390 -29.250 21.375 0.405 -28.125 21.375 0.529 -27.000 21.375 0.665 -25.875 21.375 0.804 -24.750 21.375 0.941 -23.625 21.375 1.070 -22.500 21.375 1.185 -21.375 21.375 1.278 -20.250 21.375 1.342 -19.125 21.375 1.373 -18.000 21.375 1.367 -16.875 21.375 1.324 -15.750 21.375 1.248 -14.625 21.375 1.144 -13.500 21.375 1.020 -12.375 21.375 0.886 -11.250 21.375 0.749 -10.125 21.375 0.618 -9.000 21.375 0.501 -7.875 21.375 0.400 -6.750 21.375 0.319 -5.625 21.375 0.258 -4.500 21.375 0.217 -3.375 21.375 0.194 -2.250 21.375 0.187 -1.125 21.375 0.195 0.000 21.375 0.215 1.125 21.375 0.247 2.250 21.375 0.290 3.375 21.375 0.345 4.500 21.375 0.411 5.625 21.375 0.487 6.750 21.375 0.571 7.875 21.375 0.662 9.000 21.375 0.754 10.125 21.375 0.843 11.250 21.375 0.923 12.375 21.375 0.986 13.500 21.375 1.028 14.625 21.375 1.043 15.750 21.375 1.029 16.875 21.375 0.986 18.000 21.375 0.915 19.125 21.375 0.823 20.250 21.375 0.716 21.375 21.375 0.603 22.500 21.375 0.491 23.625 21.375 0.389 24.750 21.375 0.303 25.875 21.375 0.238 27.000 21.375 0.196 28.125 21.375 0.178 29.250 21.375 0.189 30.375 21.375 0.320 31.500 21.375 0.576 32.625 21.375 0.944 33.750 21.375 1.413 34.875 21.375 1.976 36.000 21.375 2.628 37.125 21.375 3.363 38.250 21.375 4.178 39.375 21.375 5.068 40.500 21.375 6.033 41.625 21.375 7.069 42.750 21.375 8.178 43.875 21.375 9.357 45.000 21.375 10.609 -45.000 22.500 10.306 -43.875 22.500 8.963 -42.750 22.500 7.720 -41.625 22.500 6.576 -40.500 22.500 5.531 -39.375 22.500 4.584 -38.250 22.500 3.735 -37.125 22.500 2.983 -36.000 22.500 2.326 -34.875 22.500 1.765 -33.750 22.500 1.300 -32.625 22.500 0.930 -31.500 22.500 0.658 -30.375 22.500 0.485 -29.250 22.500 0.416 -28.125 22.500 0.461 -27.000 22.500 0.585 -25.875 22.500 0.710 -24.750 22.500 0.832 -23.625 22.500 0.945 -22.500 22.500 1.045 -21.375 22.500 1.125 -20.250 22.500 1.180 -19.125 22.500 1.206 -18.000 22.500 1.200 -16.875 22.500 1.163 -15.750 22.500 1.097 -14.625 22.500 1.008 -13.500 22.500 0.902 -12.375 22.500 0.786 -11.250 22.500 0.669 -10.125 22.500 0.558 -9.000 22.500 0.457 -7.875 22.500 0.370 -6.750 22.500 0.300 -5.625 22.500 0.247 -4.500 22.500 0.210 -3.375 22.500 0.189 -2.250 22.500 0.180 -1.125 22.500 0.182 0.000 22.500 0.195 1.125 22.500 0.217 2.250 22.500 0.247 3.375 22.500 0.286 4.500 22.500 0.333 5.625 22.500 0.389 6.750 22.500 0.450 7.875 22.500 0.516 9.000 22.500 0.583 10.125 22.500 0.647 11.250 22.500 0.704 12.375 22.500 0.747 13.500 22.500 0.774 14.625 22.500 0.779 15.750 22.500 0.762 16.875 22.500 0.722 18.000 22.500 0.662 19.125 22.500 0.586 20.250 22.500 0.500 21.375 22.500 0.411 22.500 22.500 0.326 23.625 22.500 0.252 24.750 22.500 0.193 25.875 22.500 0.154 27.000 22.500 0.135 28.125 22.500 0.138 29.250 22.500 0.234 30.375 22.500 0.457 31.500 22.500 0.789 32.625 22.500 1.223 33.750 22.500 1.750 34.875 22.500 2.366 36.000 22.500 3.065 37.125 22.500 3.843 38.250 22.500 4.696 39.375 22.500 5.622 40.500 22.500 6.619 41.625 22.500 7.686 42.750 22.500 8.821 43.875 22.500 10.025 45.000 22.500 11.299 -45.000 23.625 10.990 -43.875 23.625 9.619 -42.750 23.625 8.347 -41.625 23.625 7.172 -40.500 23.625 6.096 -39.375 23.625 5.116 -38.250 23.625 4.232 -37.125 23.625 3.442 -36.000 23.625 2.746 -34.875 23.625 2.142 -33.750 23.625 1.630 -32.625 23.625 1.209 -31.500 23.625 0.879 -30.375 23.625 0.641 -29.250 23.625 0.497 -28.125 23.625 0.449 -27.000 23.625 0.510 -25.875 23.625 0.620 -24.750 23.625 0.727 -23.625 23.625 0.825 -22.500 23.625 0.910 -21.375 23.625 0.978 -20.250 23.625 1.024 -19.125 23.625 1.044 -18.000 23.625 1.038 -16.875 23.625 1.006 -15.750 23.625 0.950 -14.625 23.625 0.874 -13.500 23.625 0.785 -12.375 23.625 0.688 -11.250 23.625 0.590 -10.125 23.625 0.496 -9.000 23.625 0.412 -7.875 23.625 0.339 -6.750 23.625 0.280 -5.625 23.625 0.234 -4.500 23.625 0.202 -3.375 23.625 0.182 -2.250 23.625 0.171 -1.125 23.625 0.170 0.000 23.625 0.176 1.125 23.625 0.189 2.250 23.625 0.208 3.375 23.625 0.232 4.500 23.625 0.263 5.625 23.625 0.299 6.750 23.625 0.339 7.875 23.625 0.382 9.000 23.625 0.426 10.125 23.625 0.467 11.250 23.625 0.502 12.375 23.625 0.527 13.500 23.625 0.539 14.625 23.625 0.536 15.750 23.625 0.515 16.875 23.625 0.479 18.000 23.625 0.428 19.125 23.625 0.367 20.250 23.625 0.300 21.375 23.625 0.234 22.500 23.625 0.174 23.625 23.625 0.125 24.750 23.625 0.091 25.875 23.625 0.075 27.000 23.625 0.078 28.125 23.625 0.150 29.250 23.625 0.346 30.375 23.625 0.650 31.500 23.625 1.053 32.625 23.625 1.549 33.750 23.625 2.133 34.875 23.625 2.799 36.000 23.625 3.544 37.125 23.625 4.364 38.250 23.625 5.256 39.375 23.625 6.217 40.500 23.625 7.247 41.625 23.625 8.343 42.750 23.625 9.506 43.875 23.625 10.735 45.000 23.625 12.032 -45.000 24.750 11.727 -43.875 24.750 10.328 -42.750 24.750 9.027 -41.625 24.750 7.822 -40.500 24.750 6.714 -39.375 24.750 5.701 -38.250 24.750 4.783 -37.125 24.750 3.957 -36.000 24.750 3.221 -34.875 24.750 2.575 -33.750 24.750 2.017 -32.625 24.750 1.546 -31.500 24.750 1.161 -30.375 24.750 0.861 -29.250 24.750 0.647 -28.125 24.750 0.519 -27.000 24.750 0.480 -25.875 24.750 0.539 -24.750 24.750 0.631 -23.625 24.750 0.715 -22.500 24.750 0.787 -21.375 24.750 0.842 -20.250 24.750 0.879 -19.125 24.750 0.895 -18.000 24.750 0.888 -16.875 24.750 0.860 -15.750 24.750 0.813 -14.625 24.750 0.750 -13.500 24.750 0.676 -12.375 24.750 0.596 -11.250 24.750 0.515 -10.125 24.750 0.438 -9.000 24.750 0.368 -7.875 24.750 0.308 -6.750 24.750 0.259 -5.625 24.750 0.221 -4.500 24.750 0.193 -3.375 24.750 0.174 -2.250 24.750 0.163 -1.125 24.750 0.159 0.000 24.750 0.159 1.125 24.750 0.164 2.250 24.750 0.173 3.375 24.750 0.185 4.500 24.750 0.201 5.625 24.750 0.220 6.750 24.750 0.241 7.875 24.750 0.264 9.000 24.750 0.287 10.125 24.750 0.308 11.250 24.750 0.324 12.375 24.750 0.333 13.500 24.750 0.332 14.625 24.750 0.320 15.750 24.750 0.297 16.875 24.750 0.263 18.000 24.750 0.221 19.125 24.750 0.172 20.250 24.750 0.123 21.375 24.750 0.077 22.500 24.750 0.039 23.625 24.750 0.012 24.750 24.750 -0.000 25.875 24.750 0.004 27.000 24.750 0.065 28.125 24.750 0.242 29.250 24.750 0.523 30.375 24.750 0.901 31.500 24.750 1.370 32.625 24.750 1.925 33.750 24.750 2.563 34.875 24.750 3.278 36.000 24.750 4.068 37.125 24.750 4.929 38.250 24.750 5.858 39.375 24.750 6.855 40.500 24.750 7.916 41.625 24.750 9.042 42.750 24.750 10.233 43.875 24.750 11.488 45.000 24.750 12.809 -45.000 25.875 12.518 -43.875 25.875 11.092 -42.750 25.875 9.762 -41.625 25.875 8.527 -40.500 25.875 7.388 -39.375 25.875 6.343 -38.250 25.875 5.390 -37.125 25.875 4.528 -36.000 25.875 3.754 -34.875 25.875 3.066 -33.750 25.875 2.464 -32.625 25.875 1.944 -31.500 25.875 1.506 -30.375 25.875 1.148 -29.250 25.875 0.869 -28.125 25.875 0.669 -27.000 25.875 0.546 -25.875 25.875 0.503 -24.750 25.875 0.548 -23.625 25.875 0.619 -22.500 25.875 0.678 -21.375 25.875 0.723 -20.250 25.875 0.752 -19.125 25.875 0.763 -18.000 25.875 0.756 -16.875 25.875 0.732 -15.750 25.875 0.692 -14.625 25.875 0.639 -13.500 25.875 0.578 -12.375 25.875 0.513 -11.250 25.875 0.447 -10.125 25.875 0.385 -9.000 25.875 0.328 -7.875 25.875 0.279 -6.750 25.875 0.239 -5.625 25.875 0.207 -4.500 25.875 0.184 -3.375 25.875 0.167 -2.250 25.875 0.155 -1.125 25.875 0.148 0.000 25.875 0.145 1.125 25.875 0.143 2.250 25.875 0.144 3.375 25.875 0.146 4.500 25.875 0.149 5.625 25.875 0.154 6.750 25.875 0.159 7.875 25.875 0.165 9.000 25.875 0.170 10.125 25.875 0.173 11.250 25.875 0.173 12.375 25.875 0.168 13.500 25.875 0.156 14.625 25.875 0.137 15.750 25.875 0.112 16.875 25.875 0.080 18.000 25.875 0.044 19.125 25.875 0.007 20.250 25.875 -0.028 21.375 25.875 -0.057 22.500 25.875 -0.077 23.625 25.875 -0.085 24.750 25.875 -0.078 25.875 25.875 -0.021 27.000 25.875 0.145 28.125 25.875 0.410 29.250 25.875 0.767 30.375 25.875 1.212 31.500 25.875 1.742 32.625 25.875 2.353 33.750 25.875 3.042 34.875 25.875 3.804 36.000 25.875 4.637 37.125 25.875 5.538 38.250 25.875 6.505 39.375 25.875 7.535 40.500 25.875 8.629 41.625 25.875 9.785 42.750 25.875 11.003 43.875 25.875 12.285 45.000 25.875 13.630 -45.000 27.000 13.364 -43.875 27.000 11.911 -42.750 27.000 10.553 -41.625 27.000 9.290 -40.500 27.000 8.120 -39.375 27.000 7.043 -38.250 27.000 6.056 -37.125 27.000 5.158 -36.000 27.000 4.346 -34.875 27.000 3.618 -33.750 27.000 2.972 -32.625 27.000 2.406 -31.500 27.000 1.917 -30.375 27.000 1.504 -29.250 27.000 1.164 -28.125 27.000 0.897 -27.000 27.000 0.700 -25.875 27.000 0.573 -24.750 27.000 0.517 -23.625 27.000 0.538 -22.500 27.000 0.586 -21.375 27.000 0.622 -20.250 27.000 0.644 -19.125 27.000 0.651 -18.000 27.000 0.644 -16.875 27.000 0.622 -15.750 27.000 0.588 -14.625 27.000 0.544 -13.500 27.000 0.494 -12.375 27.000 0.441 -11.250 27.000 0.387 -10.125 27.000 0.337 -9.000 27.000 0.291 -7.875 27.000 0.252 -6.750 27.000 0.220 -5.625 27.000 0.194 -4.500 27.000 0.174 -3.375 27.000 0.159 -2.250 27.000 0.148 -1.125 27.000 0.139 0.000 27.000 0.132 1.125 27.000 0.126 2.250 27.000 0.120 3.375 27.000 0.114 4.500 27.000 0.108 5.625 27.000 0.101 6.750 27.000 0.093 7.875 27.000 0.085 9.000 27.000 0.076 10.125 27.000 0.065 11.250 27.000 0.051 12.375 27.000 0.034 13.500 27.000 0.013 14.625 27.000 -0.011 15.750 27.000 -0.039 16.875 27.000 -0.069 18.000 27.000 -0.100 19.125 27.000 -0.128 20.250 27.000 -0.151 21.375 27.000 -0.166 22.500 27.000 -0.171 23.625 27.000 -0.164 24.750 27.000 -0.103 25.875 27.000 0.058 27.000 27.000 0.311 28.125 27.000 0.651 29.250 27.000 1.077 30.375 27.000 1.585 31.500 27.000 2.172 32.625 27.000 2.836 33.750 27.000 3.572 34.875 27.000 4.379 36.000 27.000 5.254 37.125 27.000 6.194 38.250 27.000 7.196 39.375 27.000 8.261 40.500 27.000 9.386 41.625 27.000 10.572 42.750 27.000 11.819 43.875 27.000 13.126 45.000 27.000 14.496 -45.000 28.125 14.268 -43.875 28.125 12.789 -42.750 28.125 11.403 -41.625 28.125 10.111 -40.500 28.125 8.912 -39.375 28.125 7.803 -38.250 28.125 6.783 -37.125 28.125 5.849 -36.000 28.125 5.000 -34.875 28.125 4.233 -33.750 28.125 3.545 -32.625 28.125 2.933 -31.500 28.125 2.396 -30.375 28.125 1.930 -29.250 28.125 1.533 -28.125 28.125 1.204 -27.000 28.125 0.940 -25.875 28.125 0.739 -24.750 28.125 0.600 -23.625 28.125 0.523 -22.500 28.125 0.511 -21.375 28.125 0.539 -20.250 28.125 0.555 -19.125 28.125 0.559 -18.000 28.125 0.550 -16.875 28.125 0.530 -15.750 28.125 0.500 -14.625 28.125 0.464 -13.500 28.125 0.422 -12.375 28.125 0.379 -11.250 28.125 0.336 -10.125 28.125 0.295 -9.000 28.125 0.259 -7.875 28.125 0.227 -6.750 28.125 0.201 -5.625 28.125 0.181 -4.500 28.125 0.164 -3.375 28.125 0.151 -2.250 28.125 0.141 -1.125 28.125 0.132 0.000 28.125 0.123 1.125 28.125 0.113 2.250 28.125 0.102 3.375 28.125 0.090 4.500 28.125 0.076 5.625 28.125 0.061 6.750 28.125 0.044 7.875 28.125 0.025 9.000 28.125 0.004 10.125 28.125 -0.018 11.250 28.125 -0.043 12.375 28.125 -0.069 13.500 28.125 -0.097 14.625 28.125 -0.127 15.750 28.125 -0.156 16.875 28.125 -0.185 18.000 28.125 -0.211 19.125 28.125 -0.233 20.250 28.125 -0.247 21.375 28.125 -0.252 22.500 28.125 -0.245 23.625 28.125 -0.175 24.750 28.125 -0.014 25.875 28.125 0.231 27.000 28.125 0.558 28.125 28.125 0.967 29.250 28.125 1.455 30.375 28.125 2.020 31.500 28.125 2.660 32.625 28.125 3.373 33.750 28.125 4.156 34.875 28.125 5.005 36.000 28.125 5.920 37.125 28.125 6.897 38.250 28.125 7.935 39.375 28.125 9.033 40.500 28.125 10.190 41.625 28.125 11.405 42.750 28.125 12.680 43.875 28.125 14.014 45.000 28.125 15.409 -45.000 29.250 15.230 -43.875 29.250 13.725 -42.750 29.250 12.313 -41.625 29.250 10.993 -40.500 29.250 9.764 -39.375 29.250 8.624 -38.250 29.250 7.571 -37.125 29.250 6.603 -36.000 29.250 5.718 -34.875 29.250 4.912 -33.750 29.250 4.183 -32.625 29.250 3.527 -31.500 29.250 2.943 -30.375 29.250 2.427 -29.250 29.250 1.977 -28.125 29.250 1.590 -27.000 29.250 1.263 -25.875 29.250 0.996 -24.750 29.250 0.785 -23.625 29.250 0.628 -22.500 29.250 0.526 -21.375 29.250 0.479 -20.250 29.250 0.483 -19.125 29.250 0.483 -18.000 29.250 0.473 -16.875 29.250 0.454 -15.750 29.250 0.428 -14.625 29.250 0.396 -13.500 29.250 0.361 -12.375 29.250 0.325 -11.250 29.250 0.290 -10.125 29.250 0.258 -9.000 29.250 0.228 -7.875 29.250 0.204 -6.750 29.250 0.183 -5.625 29.250 0.167 -4.500 29.250 0.154 -3.375 29.250 0.143 -2.250 29.250 0.134 -1.125 29.250 0.125 0.000 29.250 0.115 1.125 29.250 0.104 2.250 29.250 0.090 3.375 29.250 0.074 4.500 29.250 0.055 5.625 29.250 0.034 6.750 29.250 0.009 7.875 29.250 -0.018 9.000 29.250 -0.047 10.125 29.250 -0.078 11.250 29.250 -0.110 12.375 29.250 -0.143 13.500 29.250 -0.177 14.625 29.250 -0.210 15.750 29.250 -0.242 16.875 29.250 -0.270 18.000 29.250 -0.294 19.125 29.250 -0.310 20.250 29.250 -0.318 21.375 29.250 -0.309 22.500 29.250 -0.225 23.625 29.250 -0.063 24.750 29.250 0.177 25.875 29.250 0.493 27.000 29.250 0.887 28.125 29.250 1.356 29.250 29.250 1.901 30.375 29.250 2.519 31.500 29.250 3.209 32.625 29.250 3.967 33.750 29.250 4.793 34.875 29.250 5.683 36.000 29.250 6.636 37.125 29.250 7.650 38.250 29.250 8.722 39.375 29.250 9.853 40.500 29.250 11.041 41.625 29.250 12.286 42.750 29.250 13.588 43.875 29.250 14.949 45.000 29.250 16.370 -45.000 30.375 16.251 -43.875 30.375 14.722 -42.750 30.375 13.284 -41.625 30.375 11.936 -40.500 30.375 10.678 -39.375 30.375 9.508 -38.250 30.375 8.423 -37.125 30.375 7.422 -36.000 30.375 6.500 -34.875 30.375 5.657 -33.750 30.375 4.887 -32.625 30.375 4.190 -31.500 30.375 3.560 -30.375 30.375 2.996 -29.250 30.375 2.495 -28.125 30.375 2.054 -27.000 30.375 1.670 -25.875 30.375 1.341 -24.750 30.375 1.065 -23.625 30.375 0.839 -22.500 30.375 0.662 -21.375 30.375 0.533 -20.250 30.375 0.451 -19.125 30.375 0.422 -18.000 30.375 0.410 -16.875 30.375 0.392 -15.750 30.375 0.367 -14.625 30.375 0.339 -13.500 30.375 0.309 -12.375 30.375 0.279 -11.250 30.375 0.250 -10.125 30.375 0.223 -9.000 30.375 0.200 -7.875 30.375 0.180 -6.750 30.375 0.165 -5.625 30.375 0.152 -4.500 30.375 0.143 -3.375 30.375 0.135 -2.250 30.375 0.127 -1.125 30.375 0.119 0.000 30.375 0.110 1.125 30.375 0.098 2.250 30.375 0.083 3.375 30.375 0.065 4.500 30.375 0.043 5.625 30.375 0.017 6.750 30.375 -0.012 7.875 30.375 -0.044 9.000 30.375 -0.079 10.125 30.375 -0.115 11.250 30.375 -0.154 12.375 30.375 -0.192 13.500 30.375 -0.230 14.625 30.375 -0.266 15.750 30.375 -0.299 16.875 30.375 -0.328 18.000 30.375 -0.349 19.125 30.375 -0.363 20.250 30.375 -0.340 21.375 30.375 -0.244 22.500 30.375 -0.079 23.625 30.375 0.157 24.750 30.375 0.464 25.875 30.375 0.843 27.000 30.375 1.296 28.125 30.375 1.820 29.250 30.375 2.417 30.375 30.375 3.083 31.500 30.375 3.818 32.625 30.375 4.620 33.750 30.375 5.487 34.875 30.375 6.415 36.000 30.375 7.405 37.125 30.375 8.453 38.250 30.375 9.559 39.375 30.375 10.722 40.500 30.375 11.940 41.625 30.375 13.214 42.750 30.375 14.545 43.875 30.375 15.933 45.000 30.375 17.380 -45.000 31.500 17.333 -43.875 31.500 15.780 -42.750 31.500 14.317 -41.625 31.500 12.942 -40.500 31.500 11.656 -39.375 31.500 10.456 -38.250 31.500 9.340 -37.125 31.500 8.305 -36.000 31.500 7.349 -34.875 31.500 6.468 -33.750 31.500 5.660 -32.625 31.500 4.921 -31.500 31.500 4.248 -30.375 31.500 3.638 -29.250 31.500 3.089 -28.125 31.500 2.596 -27.000 31.500 2.158 -25.875 31.500 1.773 -24.750 31.500 1.437 -23.625 31.500 1.149 -22.500 31.500 0.907 -21.375 31.500 0.708 -20.250 31.500 0.552 -19.125 31.500 0.438 -18.000 31.500 0.367 -16.875 31.500 0.339 -15.750 31.500 0.316 -14.625 31.500 0.290 -13.500 31.500 0.263 -12.375 31.500 0.237 -11.250 31.500 0.212 -10.125 31.500 0.190 -9.000 31.500 0.171 -7.875 31.500 0.156 -6.750 31.500 0.145 -5.625 31.500 0.136 -4.500 31.500 0.130 -3.375 31.500 0.125 -2.250 31.500 0.120 -1.125 31.500 0.114 0.000 31.500 0.106 1.125 31.500 0.095 2.250 31.500 0.080 3.375 31.500 0.061 4.500 31.500 0.038 5.625 31.500 0.011 6.750 31.500 -0.020 7.875 31.500 -0.056 9.000 31.500 -0.094 10.125 31.500 -0.135 11.250 31.500 -0.177 12.375 31.500 -0.219 13.500 31.500 -0.260 14.625 31.500 -0.299 15.750 31.500 -0.333 16.875 31.500 -0.362 18.000 31.500 -0.374 19.125 31.500 -0.327 20.250 31.500 -0.221 21.375 31.500 -0.053 22.500 31.500 0.179 23.625 31.500 0.477 24.750 31.500 0.843 25.875 31.500 1.279 27.000 31.500 1.784 28.125 31.500 2.358 29.250 31.500 3.001 30.375 31.500 3.713 31.500 31.500 4.490 32.625 31.500 5.332 33.750 31.500 6.237 34.875 31.500 7.203 36.000 31.500 8.227 37.125 31.500 9.309 38.250 31.500 10.448 39.375 31.500 11.641 40.500 31.500 12.889 41.625 31.500 14.193 42.750 31.500 15.551 43.875 31.500 16.966 45.000 31.500 18.439 -45.000 32.625 18.476 -43.875 32.625 16.900 -42.750 32.625 15.412 -41.625 32.625 14.012 -40.500 32.625 12.698 -39.375 32.625 11.469 -38.250 32.625 10.322 -37.125 32.625 9.255 -36.000 32.625 8.265 -34.875 32.625 7.348 -33.750 32.625 6.502 -32.625 32.625 5.723 -31.500 32.625 5.008 -30.375 32.625 4.354 -29.250 32.625 3.757 -28.125 32.625 3.216 -27.000 32.625 2.728 -25.875 32.625 2.289 -24.750 32.625 1.898 -23.625 32.625 1.552 -22.500 32.625 1.251 -21.375 32.625 0.991 -20.250 32.625 0.772 -19.125 32.625 0.591 -18.000 32.625 0.449 -16.875 32.625 0.343 -15.750 32.625 0.276 -14.625 32.625 0.245 -13.500 32.625 0.220 -12.375 32.625 0.196 -11.250 32.625 0.175 -10.125 32.625 0.157 -9.000 32.625 0.142 -7.875 32.625 0.131 -6.750 32.625 0.123 -5.625 32.625 0.118 -4.500 32.625 0.115 -3.375 32.625 0.114 -2.250 32.625 0.112 -1.125 32.625 0.108 0.000 32.625 0.103 1.125 32.625 0.094 2.250 32.625 0.081 3.375 32.625 0.063 4.500 32.625 0.041 5.625 32.625 0.013 6.750 32.625 -0.019 7.875 32.625 -0.055 9.000 32.625 -0.095 10.125 32.625 -0.138 11.250 32.625 -0.183 12.375 32.625 -0.227 13.500 32.625 -0.270 14.625 32.625 -0.311 15.750 32.625 -0.340 16.875 32.625 -0.325 18.000 32.625 -0.260 19.125 32.625 -0.145 20.250 32.625 0.025 21.375 32.625 0.253 22.500 32.625 0.542 23.625 32.625 0.895 24.750 32.625 1.313 25.875 32.625 1.798 27.000 32.625 2.350 28.125 32.625 2.970 29.250 32.625 3.656 30.375 32.625 4.409 31.500 32.625 5.226 32.625 32.625 6.105 33.750 32.625 7.046 34.875 32.625 8.047 36.000 32.625 9.105 37.125 32.625 10.219 38.250 32.625 11.389 39.375 32.625 12.612 40.500 32.625 13.890 41.625 32.625 15.222 42.750 32.625 16.609 43.875 32.625 18.051 45.000 32.625 19.550 -45.000 33.750 19.682 -43.875 33.750 18.083 -42.750 33.750 16.571 -41.625 33.750 15.146 -40.500 33.750 13.806 -39.375 33.750 12.548 -38.250 33.750 11.372 -37.125 33.750 10.273 -36.000 33.750 9.249 -34.875 33.750 8.297 -33.750 33.750 7.414 -32.625 33.750 6.596 -31.500 33.750 5.840 -30.375 33.750 5.143 -29.250 33.750 4.502 -28.125 33.750 3.914 -27.000 33.750 3.377 -25.875 33.750 2.888 -24.750 33.750 2.445 -23.625 33.750 2.047 -22.500 33.750 1.690 -21.375 33.750 1.375 -20.250 33.750 1.099 -19.125 33.750 0.860 -18.000 33.750 0.658 -16.875 33.750 0.492 -15.750 33.750 0.359 -14.625 33.750 0.259 -13.500 33.750 0.192 -12.375 33.750 0.156 -11.250 33.750 0.138 -10.125 33.750 0.122 -9.000 33.750 0.111 -7.875 33.750 0.103 -6.750 33.750 0.099 -5.625 33.750 0.098 -4.500 33.750 0.099 -3.375 33.750 0.101 -2.250 33.750 0.103 -1.125 33.750 0.103 0.000 33.750 0.101 1.125 33.750 0.095 2.250 33.750 0.085 3.375 33.750 0.070 4.500 33.750 0.049 5.625 33.750 0.023 6.750 33.750 -0.008 7.875 33.750 -0.045 9.000 33.750 -0.085 10.125 33.750 -0.129 11.250 33.750 -0.174 12.375 33.750 -0.220 13.500 33.750 -0.251 14.625 33.750 -0.248 15.750 33.750 -0.210 16.875 33.750 -0.132 18.000 33.750 -0.009 19.125 33.750 0.162 20.250 33.750 0.386 21.375 33.750 0.666 22.500 33.750 1.005 23.625 33.750 1.406 24.750 33.750 1.870 25.875 33.750 2.400 27.000 33.750 2.995 28.125 33.750 3.656 29.250 33.750 4.382 30.375 33.750 5.172 31.500 33.750 6.025 32.625 33.750 6.940 33.750 33.750 7.915 34.875 33.750 8.949 36.000 33.750 10.039 37.125 33.750 11.184 38.250 33.750 12.384 39.375 33.750 13.637 40.500 33.750 14.944 41.625 33.750 16.304 42.750 33.750 17.718 43.875 33.750 19.188 45.000 33.750 20.713 -45.000 34.875 20.950 -43.875 34.875 19.330 -42.750 34.875 17.795 -41.625 34.875 16.346 -40.500 34.875 14.979 -39.375 34.875 13.694 -38.250 34.875 12.488 -37.125 34.875 11.358 -36.000 34.875 10.302 -34.875 34.875 9.315 -33.750 34.875 8.396 -32.625 34.875 7.540 -31.500 34.875 6.744 -30.375 34.875 6.006 -29.250 34.875 5.322 -28.125 34.875 4.689 -27.000 34.875 4.106 -25.875 34.875 3.569 -24.750 34.875 3.078 -23.625 34.875 2.629 -22.500 34.875 2.222 -21.375 34.875 1.855 -20.250 34.875 1.526 -19.125 34.875 1.235 -18.000 34.875 0.981 -16.875 34.875 0.761 -15.750 34.875 0.576 -14.625 34.875 0.422 -13.500 34.875 0.300 -12.375 34.875 0.206 -11.250 34.875 0.139 -10.125 34.875 0.097 -9.000 34.875 0.077 -7.875 34.875 0.073 -6.750 34.875 0.073 -5.625 34.875 0.075 -4.500 34.875 0.081 -3.375 34.875 0.087 -2.250 34.875 0.093 -1.125 34.875 0.097 0.000 34.875 0.099 1.125 34.875 0.098 2.250 34.875 0.091 3.375 34.875 0.080 4.500 34.875 0.062 5.625 34.875 0.039 6.750 34.875 0.009 7.875 34.875 -0.026 9.000 34.875 -0.065 10.125 34.875 -0.097 11.250 34.875 -0.113 12.375 34.875 -0.109 13.500 34.875 -0.082 14.625 34.875 -0.025 15.750 34.875 0.065 16.875 34.875 0.194 18.000 34.875 0.366 19.125 34.875 0.585 20.250 34.875 0.856 21.375 34.875 1.181 22.500 34.875 1.564 23.625 34.875 2.008 24.750 34.875 2.514 25.875 34.875 3.084 27.000 34.875 3.718 28.125 34.875 4.416 29.250 34.875 5.178 30.375 34.875 6.004 31.500 34.875 6.891 32.625 34.875 7.839 33.750 34.875 8.846 34.875 34.875 9.910 36.000 34.875 11.031 37.125 34.875 12.206 38.250 34.875 13.435 39.375 34.875 14.717 40.500 34.875 16.052 41.625 34.875 17.440 42.750 34.875 18.882 43.875 34.875 20.378 45.000 34.875 21.931 -45.000 36.000 22.281 -43.875 36.000 20.640 -42.750 36.000 19.084 -41.625 36.000 17.610 -40.500 36.000 16.219 -39.375 36.000 14.907 -38.250 36.000 13.672 -37.125 36.000 12.512 -36.000 36.000 11.424 -34.875 36.000 10.404 -33.750 36.000 9.449 -32.625 36.000 8.556 -31.500 36.000 7.721 -30.375 36.000 6.943 -29.250 36.000 6.217 -28.125 36.000 5.541 -27.000 36.000 4.914 -25.875 36.000 4.332 -24.750 36.000 3.793 -23.625 36.000 3.298 -22.500 36.000 2.843 -21.375 36.000 2.427 -20.250 36.000 2.050 -19.125 36.000 1.711 -18.000 36.000 1.409 -16.875 36.000 1.142 -15.750 36.000 0.909 -14.625 36.000 0.710 -13.500 36.000 0.542 -12.375 36.000 0.405 -11.250 36.000 0.295 -10.125 36.000 0.210 -9.000 36.000 0.149 -7.875 36.000 0.107 -6.750 36.000 0.082 -5.625 36.000 0.071 -4.500 36.000 0.069 -3.375 36.000 0.074 -2.250 36.000 0.083 -1.125 36.000 0.092 0.000 36.000 0.099 1.125 36.000 0.102 2.250 36.000 0.101 3.375 36.000 0.096 4.500 36.000 0.089 5.625 36.000 0.080 6.750 36.000 0.072 7.875 36.000 0.068 9.000 36.000 0.071 10.125 36.000 0.085 11.250 36.000 0.114 12.375 36.000 0.162 13.500 36.000 0.234 14.625 36.000 0.335 15.750 36.000 0.469 16.875 36.000 0.641 18.000 36.000 0.856 19.125 36.000 1.117 20.250 36.000 1.429 21.375 36.000 1.795 22.500 36.000 2.218 23.625 36.000 2.700 24.750 36.000 3.243 25.875 36.000 3.849 27.000 36.000 4.519 28.125 36.000 5.251 29.250 36.000 6.046 30.375 36.000 6.904 31.500 36.000 7.823 32.625 36.000 8.801 33.750 36.000 9.838 34.875 36.000 10.932 36.000 36.000 12.082 37.125 36.000 13.286 38.250 36.000 14.543 39.375 36.000 15.854 40.500 36.000 17.216 41.625 36.000 18.632 42.750 36.000 20.101 43.875 36.000 21.624 45.000 36.000 23.203 -45.000 37.125 23.676 -43.875 37.125 22.015 -42.750 37.125 20.437 -41.625 37.125 18.941 -40.500 37.125 17.525 -39.375 37.125 16.187 -38.250 37.125 14.925 -37.125 37.125 13.735 -36.000 37.125 12.615 -34.875 37.125 11.562 -33.750 37.125 10.573 -32.625 37.125 9.644 -31.500 37.125 8.772 -30.375 37.125 7.954 -29.250 37.125 7.188 -28.125 37.125 6.471 -27.000 37.125 5.800 -25.875 37.125 5.175 -24.750 37.125 4.592 -23.625 37.125 4.051 -22.500 37.125 3.551 -21.375 37.125 3.090 -20.250 37.125 2.668 -19.125 37.125 2.284 -18.000 37.125 1.937 -16.875 37.125 1.627 -15.750 37.125 1.352 -14.625 37.125 1.112 -13.500 37.125 0.905 -12.375 37.125 0.729 -11.250 37.125 0.583 -10.125 37.125 0.466 -9.000 37.125 0.373 -7.875 37.125 0.303 -6.750 37.125 0.253 -5.625 37.125 0.220 -4.500 37.125 0.201 -3.375 37.125 0.193 -2.250 37.125 0.194 -1.125 37.125 0.200 0.000 37.125 0.209 1.125 37.125 0.221 2.250 37.125 0.235 3.375 37.125 0.249 4.500 37.125 0.264 5.625 37.125 0.282 6.750 37.125 0.304 7.875 37.125 0.332 9.000 37.125 0.369 10.125 37.125 0.419 11.250 37.125 0.484 12.375 37.125 0.570 13.500 37.125 0.680 14.625 37.125 0.819 15.750 37.125 0.992 16.875 37.125 1.202 18.000 37.125 1.454 19.125 37.125 1.753 20.250 37.125 2.102 21.375 37.125 2.504 22.500 37.125 2.962 23.625 37.125 3.479 24.750 37.125 4.057 25.875 37.125 4.696 27.000 37.125 5.397 28.125 37.125 6.161 29.250 37.125 6.986 30.375 37.125 7.874 31.500 37.125 8.822 32.625 37.125 9.830 33.750 37.125 10.895 34.875 37.125 12.017 36.000 37.125 13.194 37.125 37.125 14.426 38.250 37.125 15.711 39.375 37.125 17.048 40.500 37.125 18.438 41.625 37.125 19.880 42.750 37.125 21.376 43.875 37.125 22.926 45.000 37.125 24.531 -45.000 38.250 25.134 -43.875 38.250 23.455 -42.750 38.250 21.857 -41.625 38.250 20.338 -40.500 38.250 18.899 -39.375 38.250 17.535 -38.250 38.250 16.246 -37.125 38.250 15.027 -36.000 38.250 13.877 -34.875 38.250 12.792 -33.750 38.250 11.769 -32.625 38.250 10.804 -31.500 38.250 9.896 -30.375 38.250 9.040 -29.250 38.250 8.235 -28.125 38.250 7.477 -27.000 38.250 6.766 -25.875 38.250 6.098 -24.750 38.250 5.473 -23.625 38.250 4.889 -22.500 38.250 4.346 -21.375 38.250 3.842 -20.250 38.250 3.378 -19.125 38.250 2.952 -18.000 38.250 2.563 -16.875 38.250 2.213 -15.750 38.250 1.899 -14.625 38.250 1.622 -13.500 38.250 1.379 -12.375 38.250 1.170 -11.250 38.250 0.993 -10.125 38.250 0.846 -9.000 38.250 0.728 -7.875 38.250 0.635 -6.750 38.250 0.566 -5.625 38.250 0.517 -4.500 38.250 0.486 -3.375 38.250 0.469 -2.250 38.250 0.465 -1.125 38.250 0.471 0.000 38.250 0.485 1.125 38.250 0.505 2.250 38.250 0.531 3.375 38.250 0.561 4.500 38.250 0.596 5.625 38.250 0.637 6.750 38.250 0.684 7.875 38.250 0.739 9.000 38.250 0.806 10.125 38.250 0.886 11.250 38.250 0.984 12.375 38.250 1.103 13.500 38.250 1.247 14.625 38.250 1.420 15.750 38.250 1.627 16.875 38.250 1.871 18.000 38.250 2.158 19.125 38.250 2.490 20.250 38.250 2.872 21.375 38.250 3.307 22.500 38.250 3.797 23.625 38.250 4.345 24.750 38.250 4.953 25.875 38.250 5.622 27.000 38.250 6.353 28.125 38.250 7.145 29.250 38.250 7.999 30.375 38.250 8.915 31.500 38.250 9.890 32.625 38.250 10.925 33.750 38.250 12.017 34.875 38.250 13.165 36.000 38.250 14.369 37.125 38.250 15.627 38.250 38.250 16.938 39.375 38.250 18.302 40.500 38.250 19.718 41.625 38.250 21.187 42.750 38.250 22.709 43.875 38.250 24.285 45.000 38.250 25.917 -45.000 39.375 26.657 -43.875 39.375 24.959 -42.750 39.375 23.341 -41.625 39.375 21.802 -40.500 39.375 20.339 -39.375 39.375 18.951 -38.250 39.375 17.635 -37.125 39.375 16.388 -36.000 39.375 15.209 -34.875 39.375 14.092 -33.750 39.375 13.036 -32.625 39.375 12.038 -31.500 39.375 11.093 -30.375 39.375 10.201 -29.250 39.375 9.357 -28.125 39.375 8.561 -27.000 39.375 7.809 -25.875 39.375 7.101 -24.750 39.375 6.435 -23.625 39.375 5.811 -22.500 39.375 5.226 -21.375 39.375 4.682 -20.250 39.375 4.177 -19.125 39.375 3.711 -18.000 39.375 3.285 -16.875 39.375 2.897 -15.750 39.375 2.547 -14.625 39.375 2.235 -13.500 39.375 1.960 -12.375 39.375 1.721 -11.250 39.375 1.517 -10.125 39.375 1.345 -9.000 39.375 1.204 -7.875 39.375 1.092 -6.750 39.375 1.006 -5.625 39.375 0.944 -4.500 39.375 0.904 -3.375 39.375 0.881 -2.250 39.375 0.875 -1.125 39.375 0.882 0.000 39.375 0.901 1.125 39.375 0.930 2.250 39.375 0.967 3.375 39.375 1.013 4.500 39.375 1.065 5.625 39.375 1.126 6.750 39.375 1.196 7.875 39.375 1.277 9.000 39.375 1.370 10.125 39.375 1.478 11.250 39.375 1.605 12.375 39.375 1.754 13.500 39.375 1.928 14.625 39.375 2.132 15.750 39.375 2.369 16.875 39.375 2.645 18.000 39.375 2.962 19.125 39.375 3.325 20.250 39.375 3.737 21.375 39.375 4.201 22.500 39.375 4.721 23.625 39.375 5.297 24.750 39.375 5.933 25.875 39.375 6.629 27.000 39.375 7.387 28.125 39.375 8.206 29.250 39.375 9.086 30.375 39.375 10.027 31.500 39.375 11.028 32.625 39.375 12.088 33.750 39.375 13.205 34.875 39.375 14.379 36.000 39.375 15.608 37.125 39.375 16.891 38.250 39.375 18.228 39.375 39.375 19.617 40.500 39.375 21.059 41.625 39.375 22.554 42.750 39.375 24.102 43.875 39.375 25.704 45.000 39.375 27.362 -45.000 40.500 28.244 -43.875 40.500 26.529 -42.750 40.500 24.892 -41.625 40.500 23.331 -40.500 40.500 21.846 -39.375 40.500 20.434 -38.250 40.500 19.093 -37.125 40.500 17.819 -36.000 40.500 16.610 -34.875 40.500 15.463 -33.750 40.500 14.375 -32.625 40.500 13.343 -31.500 40.500 12.365 -30.375 40.500 11.436 -29.250 40.500 10.556 -28.125 40.500 9.722 -27.000 40.500 8.932 -25.875 40.500 8.185 -24.750 40.500 7.480 -23.625 40.500 6.816 -22.500 40.500 6.192 -21.375 40.500 5.609 -20.250 40.500 5.066 -19.125 40.500 4.563 -18.000 40.500 4.100 -16.875 40.500 3.677 -15.750 40.500 3.294 -14.625 40.500 2.950 -13.500 40.500 2.646 -12.375 40.500 2.379 -11.250 40.500 2.150 -10.125 40.500 1.955 -9.000 40.500 1.795 -7.875 40.500 1.666 -6.750 40.500 1.567 -5.625 40.500 1.494 -4.500 40.500 1.446 -3.375 40.500 1.419 -2.250 40.500 1.412 -1.125 40.500 1.422 0.000 40.500 1.447 1.125 40.500 1.484 2.250 40.500 1.533 3.375 40.500 1.592 4.500 40.500 1.662 5.625 40.500 1.742 6.750 40.500 1.833 7.875 40.500 1.936 9.000 40.500 2.053 10.125 40.500 2.187 11.250 40.500 2.341 12.375 40.500 2.516 13.500 40.500 2.718 14.625 40.500 2.950 15.750 40.500 3.216 16.875 40.500 3.520 18.000 40.500 3.865 19.125 40.500 4.255 20.250 40.500 4.694 21.375 40.500 5.186 22.500 40.500 5.731 23.625 40.500 6.334 24.750 40.500 6.995 25.875 40.500 7.717 27.000 40.500 8.499 28.125 40.500 9.342 29.250 40.500 10.246 30.375 40.500 11.211 31.500 40.500 12.236 32.625 40.500 13.320 33.750 40.500 14.461 34.875 40.500 15.659 36.000 40.500 16.912 37.125 40.500 18.220 38.250 40.500 19.581 39.375 40.500 20.995 40.500 40.500 22.462 41.625 40.500 23.982 42.750 40.500 25.556 43.875 40.500 27.184 45.000 40.500 28.868 -45.000 41.625 29.896 -43.875 41.625 28.163 -42.750 41.625 26.507 -41.625 41.625 24.927 -40.500 41.625 23.420 -39.375 41.625 21.985 -38.250 41.625 20.619 -37.125 41.625 19.319 -36.000 41.625 18.082 -34.875 41.625 16.905 -33.750 41.625 15.786 -32.625 41.625 14.722 -31.500 41.625 13.709 -30.375 41.625 12.746 -29.250 41.625 11.830 -28.125 41.625 10.960 -27.000 41.625 10.133 -25.875 41.625 9.348 -24.750 41.625 8.605 -23.625 41.625 7.904 -22.500 41.625 7.243 -21.375 41.625 6.623 -20.250 41.625 6.043 -19.125 41.625 5.505 -18.000 41.625 5.008 -16.875 41.625 4.552 -15.750 41.625 4.138 -14.625 41.625 3.765 -13.500 41.625 3.433 -12.375 41.625 3.141 -11.250 41.625 2.889 -10.125 41.625 2.675 -9.000 41.625 2.497 -7.875 41.625 2.353 -6.750 41.625 2.242 -5.625 41.625 2.160 -4.500 41.625 2.106 -3.375 41.625 2.077 -2.250 41.625 2.070 -1.125 41.625 2.083 0.000 41.625 2.113 1.125 41.625 2.159 2.250 41.625 2.220 3.375 41.625 2.293 4.500 41.625 2.378 5.625 41.625 2.476 6.750 41.625 2.587 7.875 41.625 2.711 9.000 41.625 2.851 10.125 41.625 3.009 11.250 41.625 3.186 12.375 41.625 3.387 13.500 41.625 3.614 14.625 41.625 3.872 15.750 41.625 4.163 16.875 41.625 4.493 18.000 41.625 4.863 19.125 41.625 5.279 20.250 41.625 5.743 21.375 41.625 6.259 22.500 41.625 6.828 23.625 41.625 7.455 24.750 41.625 8.140 25.875 41.625 8.884 27.000 41.625 9.689 28.125 41.625 10.555 29.250 41.625 11.481 30.375 41.625 12.469 31.500 41.625 13.516 32.625 41.625 14.622 33.750 41.625 15.786 34.875 41.625 17.006 36.000 41.625 18.283 37.125 41.625 19.614 38.250 41.625 20.998 39.375 41.625 22.437 40.500 41.625 23.928 41.625 41.625 25.473 42.750 41.625 27.072 43.875 41.625 28.725 45.000 41.625 30.435 -45.000 42.750 31.611 -43.875 42.750 29.862 -42.750 42.750 28.189 -41.625 42.750 26.589 -40.500 42.750 25.061 -39.375 42.750 23.603 -38.250 42.750 22.213 -37.125 42.750 20.887 -36.000 42.750 19.623 -34.875 42.750 18.418 -33.750 42.750 17.269 -32.625 42.750 16.173 -31.500 42.750 15.128 -30.375 42.750 14.131 -29.250 42.750 13.181 -28.125 42.750 12.275 -27.000 42.750 11.412 -25.875 42.750 10.592 -24.750 42.750 9.813 -23.625 42.750 9.075 -22.500 42.750 8.378 -21.375 42.750 7.723 -20.250 42.750 7.109 -19.125 42.750 6.537 -18.000 42.750 6.008 -16.875 42.750 5.521 -15.750 42.750 5.078 -14.625 42.750 4.678 -13.500 42.750 4.321 -12.375 42.750 4.006 -11.250 42.750 3.733 -10.125 42.750 3.500 -9.000 42.750 3.306 -7.875 42.750 3.149 -6.750 42.750 3.028 -5.625 42.750 2.939 -4.500 42.750 2.880 -3.375 42.750 2.849 -2.250 42.750 2.843 -1.125 42.750 2.860 0.000 42.750 2.896 1.125 42.750 2.951 2.250 42.750 3.022 3.375 42.750 3.109 4.500 42.750 3.209 5.625 42.750 3.324 6.750 42.750 3.453 7.875 42.750 3.598 9.000 42.750 3.758 10.125 42.750 3.938 11.250 42.750 4.138 12.375 42.750 4.362 13.500 42.750 4.613 14.625 42.750 4.894 15.750 42.750 5.209 16.875 42.750 5.561 18.000 42.750 5.955 19.125 42.750 6.394 20.250 42.750 6.881 21.375 42.750 7.419 22.500 42.750 8.011 23.625 42.750 8.659 24.750 42.750 9.366 25.875 42.750 10.131 27.000 42.750 10.957 28.125 42.750 11.844 29.250 42.750 12.792 30.375 42.750 13.800 31.500 42.750 14.868 32.625 42.750 15.995 33.750 42.750 17.181 34.875 42.750 18.423 36.000 42.750 19.721 37.125 42.750 21.075 38.250 42.750 22.482 39.375 42.750 23.944 40.500 42.750 25.459 41.625 42.750 27.028 42.750 42.750 28.651 43.875 42.750 30.330 45.000 42.750 32.065 -45.000 43.875 33.391 -43.875 43.875 31.626 -42.750 43.875 29.935 -41.625 43.875 28.316 -40.500 43.875 26.769 -39.375 43.875 25.289 -38.250 43.875 23.875 -37.125 43.875 22.524 -36.000 43.875 21.234 -34.875 43.875 20.001 -33.750 43.875 18.823 -32.625 43.875 17.696 -31.500 43.875 16.620 -30.375 43.875 15.591 -29.250 43.875 14.607 -28.125 43.875 13.667 -27.000 43.875 12.770 -25.875 43.875 11.915 -24.750 43.875 11.101 -23.625 43.875 10.329 -22.500 43.875 9.598 -21.375 43.875 8.909 -20.250 43.875 8.263 -19.125 43.875 7.659 -18.000 43.875 7.099 -16.875 43.875 6.584 -15.750 43.875 6.113 -14.625 43.875 5.688 -13.500 43.875 5.307 -12.375 43.875 4.971 -11.250 43.875 4.678 -10.125 43.875 4.429 -9.000 43.875 4.221 -7.875 43.875 4.053 -6.750 43.875 3.922 -5.625 43.875 3.827 -4.500 43.875 3.765 -3.375 43.875 3.732 -2.250 43.875 3.728 -1.125 43.875 3.748 0.000 43.875 3.791 1.125 43.875 3.855 2.250 43.875 3.937 3.375 43.875 4.036 4.500 43.875 4.151 5.625 43.875 4.282 6.750 43.875 4.428 7.875 43.875 4.591 9.000 43.875 4.771 10.125 43.875 4.971 11.250 43.875 5.192 12.375 43.875 5.437 13.500 43.875 5.710 14.625 43.875 6.013 15.750 43.875 6.349 16.875 43.875 6.724 18.000 43.875 7.139 19.125 43.875 7.599 20.250 43.875 8.107 21.375 43.875 8.666 22.500 43.875 9.279 23.625 43.875 9.947 24.750 43.875 10.673 25.875 43.875 11.459 27.000 43.875 12.304 28.125 43.875 13.211 29.250 43.875 14.178 30.375 43.875 15.206 31.500 43.875 16.294 32.625 43.875 17.441 33.750 43.875 18.647 34.875 43.875 19.910 36.000 43.875 21.229 37.125 43.875 22.604 38.250 43.875 24.034 39.375 43.875 25.518 40.500 43.875 27.057 41.625 43.875 28.649 42.750 43.875 30.296 43.875 43.875 31.999 45.000 43.875 33.758 -45.000 45.000 35.235 -43.875 45.000 33.454 -42.750 45.000 31.746 -41.625 45.000 30.110 -40.500 45.000 28.542 -39.375 45.000 27.041 -38.250 45.000 25.605 -37.125 45.000 24.230 -36.000 45.000 22.914 -34.875 45.000 21.654 -33.750 45.000 20.448 -32.625 45.000 19.292 -31.500 45.000 18.185 -30.375 45.000 17.125 -29.250 45.000 16.109 -28.125 45.000 15.137 -27.000 45.000 14.206 -25.875 45.000 13.318 -24.750 45.000 12.471 -23.625 45.000 11.666 -22.500 45.000 10.903 -21.375 45.000 10.182 -20.250 45.000 9.504 -19.125 45.000 8.871 -18.000 45.000 8.282 -16.875 45.000 7.740 -15.750 45.000 7.243 -14.625 45.000 6.794 -13.500 45.000 6.391 -12.375 45.000 6.035 -11.250 45.000 5.725 -10.125 45.000 5.461 -9.000 45.000 5.240 -7.875 45.000 5.061 -6.750 45.000 4.923 -5.625 45.000 4.822 -4.500 45.000 4.756 -3.375 45.000 4.724 -2.250 45.000 4.721 -1.125 45.000 4.746 0.000 45.000 4.795 1.125 45.000 4.867 2.250 45.000 4.959 3.375 45.000 5.070 4.500 45.000 5.199 5.625 45.000 5.345 6.750 45.000 5.508 7.875 45.000 5.688 9.000 45.000 5.887 10.125 45.000 6.105 11.250 45.000 6.346 12.375 45.000 6.611 13.500 45.000 6.903 14.625 45.000 7.226 15.750 45.000 7.583 16.875 45.000 7.978 18.000 45.000 8.413 19.125 45.000 8.893 20.250 45.000 9.421 21.375 45.000 9.999 22.500 45.000 10.630 23.625 45.000 11.317 24.750 45.000 12.062 25.875 45.000 12.866 27.000 45.000 13.730 28.125 45.000 14.655 29.250 45.000 15.641 30.375 45.000 16.687 31.500 45.000 17.794 32.625 45.000 18.960 33.750 45.000 20.185 34.875 45.000 21.468 36.000 45.000 22.808 37.125 45.000 24.204 38.250 45.000 25.655 39.375 45.000 27.161 40.500 45.000 28.722 41.625 45.000 30.337 42.750 45.000 32.007 43.875 45.000 33.734 45.000 45.000 35.517</float_array>
          <technique_common>
            <accessor source="#Terrain-mesh-positions-array" count="6561" stride="3">
              <param name="X" type="float"/>
              <param name="Y" type="float"/>
              <param name="Z" type="float"/>
            </accessor>
          </technique_common>
        </source>
        <source id="Terrain-mesh-normals">
          <float_array id="Terrain-mesh-normals-array" count="19683">0.6361 0.6587 0.4019 0.6306 0.6610 0.4067 0.6171 0.6685 0.4152 0.6035 0.6754 0.4238 0.5899 0.6819 0.4325 0.5764 0.6877 0.4415 0.5630 0.6928 0.4506 0.5500 0.6972 0.4599 0.5372 0.7008 0.4693 0.5249 0.7037 0.4789 0.5129 0.7058 0.4886 0.5013 0.7072 0.4986 0.4901 0.7078 0.5087 0.4790 0.7079 0.5191 0.4681 0.7073 0.5297 0.4571 0.7062 0.5407 0.4460 0.7047 0.5519 0.4345 0.7027 0.5634 0.4224 0.7005 0.5752 0.4095 0.6981 0.5873 0.3956 0.6955 0.5998 0.3806 0.6929 0.6124 0.3643 0.6902 0.6253 0.3466 0.6874 0.6382 0.3274 0.6847 0.6511 0.3066 0.6820 0.6639 0.2844 0.6794 0.6764 0.2607 0.6769 0.6884 0.2359 0.6744 0.6997 0.2102 0.6719 0.7102 0.1837 0.6696 0.7196 0.1571 0.6674 0.7279 0.1305 0.6655 0.7349 0.1044 0.6638 0.7406 0.0792 0.6624 0.7450 0.0552 0.6614 0.7480 0.0327 0.6610 0.7497 0.0118 0.6611 0.7502 -0.0073 0.6618 0.7496 -0.0246 0.6632 0.7481 -0.0401 0.6652 0.7456 -0.0541 0.6678 0.7423 -0.0667 0.6711 0.7384 -0.0783 0.6748 0.7338 -0.0890 0.6790 0.7287 -0.0992 0.6835 0.7232 -0.1093 0.6883 0.7172 -0.1197 0.6931 0.7108 -0.1306 0.6980 0.7041 -0.1423 0.7028 0.6970 -0.1550 0.7073 0.6897 -0.1690 0.7115 0.6820 -0.1844 0.7153 0.6741 -0.2012 0.7185 0.6658 -0.2195 0.7210 0.6572 -0.2391 0.7228 0.6483 -0.2600 0.7238 0.6391 -0.2818 0.7240 0.6296 -0.3045 0.7234 0.6197 -0.3277 0.7219 0.6095 -0.3511 0.7197 0.5990 -0.3745 0.7167 0.5884 -0.3976 0.7130 0.5775 -0.4201 0.7088 0.5666 -0.4418 0.7043 0.5557 -0.4626 0.6994 0.5448 -0.4824 0.6943 0.5341 -0.5010 0.6892 0.5235 -0.5184 0.6841 0.5131 -0.5346 0.6791 0.5030 -0.5496 0.6743 0.4931 -0.5636 0.6698 0.4835 -0.5765 0.6654 0.4742 -0.5885 0.6613 0.4651 -0.5997 0.6574 0.4563 -0.6102 0.6537 0.4477 -0.6200 0.6501 0.4392 -0.6294 0.6466 0.4310 -0.6384 0.6432 0.4228 -0.6471 0.6397 0.4148 -0.6495 0.6406 0.4097 0.6376 0.6545 0.4064 0.6319 0.6568 0.4114 0.6180 0.6644 0.4202 0.6040 0.6716 0.4292 0.5899 0.6781 0.4384 0.5758 0.6841 0.4477 0.5619 0.6893 0.4573 0.5482 0.6938 0.4670 0.5348 0.6975 0.4769 0.5218 0.7004 0.4870 0.5092 0.7025 0.4972 0.4970 0.7037 0.5077 0.4851 0.7043 0.5183 0.4735 0.7041 0.5292 0.4620 0.7033 0.5404 0.4505 0.7018 0.5518 0.4389 0.6999 0.5635 0.4269 0.6975 0.5756 0.4144 0.6947 0.5879 0.4012 0.6917 0.6005 0.3871 0.6884 0.6134 0.3719 0.6849 0.6266 0.3555 0.6813 0.6399 0.3377 0.6776 0.6533 0.3185 0.6739 0.6666 0.2979 0.6702 0.6798 0.2759 0.6665 0.6926 0.2526 0.6629 0.7048 0.2283 0.6593 0.7164 0.2031 0.6558 0.7271 0.1774 0.6525 0.7368 0.1515 0.6494 0.7452 0.1258 0.6466 0.7524 0.1007 0.6442 0.7582 0.0765 0.6422 0.7627 0.0536 0.6408 0.7658 0.0323 0.6401 0.7676 0.0125 0.6400 0.7682 -0.0054 0.6408 0.7677 -0.0216 0.6422 0.7662 -0.0361 0.6445 0.7637 -0.0491 0.6475 0.7605 -0.0608 0.6512 0.7565 -0.0716 0.6555 0.7518 -0.0816 0.6602 0.7466 -0.0913 0.6654 0.7409 -0.1010 0.6709 0.7347 -0.1110 0.6765 0.7281 -0.1218 0.6821 0.7211 -0.1335 0.6876 0.7137 -0.1463 0.6929 0.7060 -0.1606 0.6978 0.6980 -0.1763 0.7023 0.6897 -0.1936 0.7062 0.6810 -0.2124 0.7094 0.6720 -0.2326 0.7118 0.6627 -0.2541 0.7135 0.6530 -0.2766 0.7142 0.6430 -0.2999 0.7141 0.6326 -0.3238 0.7130 0.6219 -0.3478 0.7112 0.6109 -0.3718 0.7086 0.5998 -0.3954 0.7053 0.5885 -0.4184 0.7014 0.5771 -0.4405 0.6971 0.5657 -0.4616 0.6925 0.5544 -0.4817 0.6877 0.5432 -0.5005 0.6829 0.5322 -0.5180 0.6780 0.5214 -0.5344 0.6733 0.5110 -0.5495 0.6688 0.5008 -0.5635 0.6644 0.4909 -0.5764 0.6603 0.4813 -0.5884 0.6565 0.4720 -0.5996 0.6528 0.4630 -0.6100 0.6493 0.4541 -0.6199 0.6460 0.4455 -0.6293 0.6427 0.4370 -0.6383 0.6394 0.4287 -0.6470 0.6361 0.4205 -0.6493 0.6372 0.4152 0.6438 0.6434 0.4142 0.6381 0.6456 0.4195 0.6239 0.6533 0.4289 0.6095 0.6605 0.4385 0.5949 0.6672 0.4483 0.5803 0.6731 0.4584 0.5658 0.6783 0.4687 0.5516 0.6827 0.4792 0.5376 0.6863 0.4899 0.5240 0.6890 0.5008 0.5107 0.6908 0.5119 0.4978 0.6917 0.5232 0.4853 0.6917 0.5348 0.4730 0.6910 0.5466 0.4610 0.6895 0.5587 0.4489 0.6872 0.5711 0.4368 0.6844 0.5838 0.4243 0.6809 0.5969 0.4114 0.6770 0.6103 0.3978 0.6726 0.6240 0.3834 0.6679 0.6379 0.3679 0.6628 0.6522 0.3512 0.6575 0.6665 0.3332 0.6521 0.6810 0.3139 0.6465 0.6954 0.2932 0.6408 0.7095 0.2712 0.6350 0.7233 0.2479 0.6293 0.7365 0.2237 0.6237 0.7490 0.1987 0.6182 0.7605 0.1733 0.6130 0.7708 0.1478 0.6081 0.7800 0.1227 0.6037 0.7877 0.0982 0.5999 0.7941 0.0747 0.5967 0.7990 0.0526 0.5944 0.8024 0.0321 0.5930 0.8046 0.0133 0.5926 0.8054 -0.0037 0.5932 0.8051 -0.0190 0.5949 0.8036 -0.0326 0.5975 0.8012 -0.0447 0.6012 0.7979 -0.0556 0.6058 0.7937 -0.0656 0.6111 0.7888 -0.0750 0.6171 0.7833 -0.0842 0.6237 0.7771 -0.0936 0.6306 0.7705 -0.1035 0.6377 0.7633 -0.1142 0.6450 0.7556 -0.1261 0.6521 0.7476 -0.1393 0.6590 0.7391 -0.1540 0.6656 0.7302 -0.1704 0.6716 0.7210 -0.1885 0.6770 0.7114 -0.2082 0.6817 0.7014 -0.2293 0.6855 0.6910 -0.2518 0.6884 0.6803 -0.2753 0.6903 0.6691 -0.2996 0.6912 0.6576 -0.3244 0.6912 0.6458 -0.3493 0.6902 0.6337 -0.3741 0.6884 0.6214 -0.3984 0.6859 0.6090 -0.4220 0.6827 0.5965 -0.4447 0.6790 0.5841 -0.4662 0.6750 0.5718 -0.4865 0.6708 0.5597 -0.5056 0.6665 0.5479 -0.5233 0.6622 0.5363 -0.5397 0.6580 0.5251 -0.5549 0.6540 0.5143 -0.5688 0.6501 0.5038 -0.5817 0.6465 0.4936 -0.5937 0.6431 0.4838 -0.6047 0.6398 0.4742 -0.6151 0.6368 0.4649 -0.6249 0.6338 0.4559 -0.6341 0.6309 0.4470 -0.6431 0.6280 0.4382 -0.6517 0.6251 0.4296 -0.6540 0.6265 0.4241 0.6501 0.6317 0.4222 0.6443 0.6339 0.4279 0.6297 0.6416 0.4379 0.6149 0.6489 0.4482 0.5999 0.6555 0.4588 0.5847 0.6615 0.4696 0.5697 0.6666 0.4807 0.5548 0.6709 0.4920 0.5401 0.6743 0.5036 0.5258 0.6767 0.5154 0.5118 0.6782 0.5274 0.4982 0.6787 0.5397 0.4849 0.6782 0.5522 0.4719 0.6768 0.5650 0.4591 0.6745 0.5782 0.4464 0.6714 0.5916 0.4336 0.6674 0.6054 0.4206 0.6628 0.6195 0.4071 0.6575 0.6340 0.3930 0.6516 0.6489 0.3781 0.6452 0.6640 0.3622 0.6383 0.6793 0.3451 0.6310 0.6948 0.3269 0.6234 0.7103 0.3073 0.6155 0.7258 0.2864 0.6074 0.7409 0.2643 0.5992 0.7557 0.2411 0.5910 0.7698 0.2170 0.5829 0.7831 0.1923 0.5749 0.7953 0.1673 0.5673 0.8064 0.1423 0.5601 0.8161 0.1178 0.5536 0.8244 0.0942 0.5480 0.8312 0.0717 0.5433 0.8365 0.0506 0.5397 0.8404 0.0312 0.5373 0.8428 0.0136 0.5363 0.8439 -0.0022 0.5366 0.8438 -0.0162 0.5384 0.8426 -0.0286 0.5414 0.8403 -0.0395 0.5458 0.8370 -0.0493 0.5514 0.8328 -0.0584 0.5580 0.8278 -0.0670 0.5655 0.8220 -0.0755 0.5737 0.8156 -0.0844 0.5825 0.8085 -0.0940 0.5915 0.8008 -0.1047 0.6008 0.7925 -0.1167 0.6100 0.7838 -0.1302 0.6190 0.7745 -0.1455 0.6276 0.7648 -0.1626 0.6357 0.7547 -0.1815 0.6430 0.7440 -0.2022 0.6495 0.7330 -0.2244 0.6551 0.7215 -0.2480 0.6596 0.7095 -0.2726 0.6631 0.6972 -0.2981 0.6654 0.6844 -0.3239 0.6667 0.6713 -0.3499 0.6669 0.6579 -0.3755 0.6662 0.6444 -0.4006 0.6646 0.6307 -0.4249 0.6623 0.6170 -0.4482 0.6595 0.6035 -0.4702 0.6563 0.5901 -0.4908 0.6528 0.5770 -0.5101 0.6492 0.5642 -0.5280 0.6455 0.5518 -0.5446 0.6419 0.5398 -0.5598 0.6385 0.5282 -0.5738 0.6352 0.5170 -0.5866 0.6321 0.5063 -0.5985 0.6292 0.4958 -0.6095 0.6265 0.4858 -0.6198 0.6239 0.4760 -0.6295 0.6214 0.4665 -0.6387 0.6189 0.4572 -0.6476 0.6164 0.4480 -0.6562 0.6138 0.4390 -0.6584 0.6155 0.4332 0.6564 0.6196 0.4305 0.6505 0.6216 0.4365 0.6356 0.6293 0.4472 0.6203 0.6366 0.4583 0.6047 0.6432 0.4697 0.5890 0.6491 0.4813 0.5733 0.6542 0.4933 0.5577 0.6583 0.5055 0.5423 0.6615 0.5180 0.5272 0.6636 0.5308 0.5124 0.6647 0.5438 0.4979 0.6647 0.5571 0.4838 0.6636 0.5707 0.4699 0.6614 0.5846 0.4563 0.6582 0.5988 0.4428 0.6540 0.6134 0.4292 0.6489 0.6283 0.4154 0.6428 0.6436 0.4012 0.6359 0.6592 0.3864 0.6283 0.6752 0.3709 0.6199 0.6915 0.3544 0.6108 0.7080 0.3369 0.6012 0.7246 0.3182 0.5910 0.7412 0.2983 0.5804 0.7577 0.2771 0.5695 0.7739 0.2549 0.5583 0.7895 0.2317 0.5470 0.8044 0.2077 0.5358 0.8184 0.1833 0.5247 0.8313 0.1587 0.5141 0.8429 0.1345 0.5041 0.8531 0.1108 0.4950 0.8618 0.0882 0.4870 0.8690 0.0669 0.4802 0.8746 0.0472 0.4749 0.8788 0.0292 0.4712 0.8816 0.0132 0.4692 0.8830 -0.0010 0.4690 0.8832 -0.0134 0.4707 0.8822 -0.0242 0.4741 0.8801 -0.0336 0.4792 0.8770 -0.0420 0.4859 0.8730 -0.0497 0.4940 0.8680 -0.0572 0.5033 0.8622 -0.0649 0.5135 0.8556 -0.0731 0.5246 0.8482 -0.0823 0.5361 0.8402 -0.0928 0.5479 0.8314 -0.1048 0.5597 0.8220 -0.1187 0.5713 0.8121 -0.1345 0.5826 0.8016 -0.1524 0.5932 0.7905 -0.1722 0.6031 0.7788 -0.1940 0.6120 0.7667 -0.2174 0.6199 0.7540 -0.2422 0.6266 0.7408 -0.2682 0.6320 0.7271 -0.2949 0.6362 0.7130 -0.3220 0.6391 0.6985 -0.3490 0.6409 0.6837 -0.3758 0.6416 0.6687 -0.4018 0.6413 0.6537 -0.4269 0.6402 0.6387 -0.4507 0.6385 0.6239 -0.4733 0.6362 0.6093 -0.4944 0.6336 0.5950 -0.5140 0.6309 0.5812 -0.5321 0.6280 0.5679 -0.5488 0.6251 0.5550 -0.5641 0.6224 0.5426 -0.5781 0.6198 0.5307 -0.5910 0.6173 0.5193 -0.6029 0.6150 0.5083 -0.6139 0.6128 0.4977 -0.6241 0.6107 0.4874 -0.6337 0.6087 0.4774 -0.6429 0.6066 0.4676 -0.6518 0.6045 0.4580 -0.6604 0.6023 0.4486 -0.6625 0.6043 0.4426 0.6626 0.6068 0.4390 0.6566 0.6086 0.4455 0.6413 0.6164 0.4570 0.6256 0.6236 0.4688 0.6095 0.6302 0.4810 0.5932 0.6360 0.4936 0.5768 0.6409 0.5065 0.5604 0.6449 0.5197 0.5442 0.6477 0.5332 0.5281 0.6495 0.5470 0.5124 0.6501 0.5611 0.4970 0.6495 0.5755 0.4819 0.6477 0.5902 0.4670 0.6446 0.6053 0.4524 0.6404 0.6207 0.4379 0.6350 0.6364 0.4233 0.6285 0.6525 0.4086 0.6208 0.6691 0.3935 0.6121 0.6859 0.3779 0.6024 0.7031 0.3615 0.5917 0.7206 0.3443 0.5801 0.7382 0.3261 0.5676 0.7560 0.3067 0.5544 0.7736 0.2863 0.5406 0.7911 0.2648 0.5261 0.8081 0.2423 0.5113 0.8245 0.2190 0.4963 0.8401 0.1952 0.4813 0.8546 0.1711 0.4665 0.8678 0.1471 0.4522 0.8797 0.1236 0.4386 0.8901 0.1010 0.4261 0.8990 0.0797 0.4150 0.9063 0.0599 0.4055 0.9121 0.0418 0.3979 0.9165 0.0258 0.3923 0.9195 0.0117 0.3890 0.9212 -0.0004 0.3879 0.9217 -0.0107 0.3893 0.9211 -0.0194 0.3929 0.9194 -0.0268 0.3988 0.9167 -0.0334 0.4067 0.9130 -0.0394 0.4165 0.9083 -0.0454 0.4279 0.9027 -0.0519 0.4407 0.8962 -0.0591 0.4545 0.8888 -0.0677 0.4691 0.8805 -0.0778 0.4841 0.8715 -0.0899 0.4993 0.8618 -0.1040 0.5144 0.8512 -0.1204 0.5290 0.8400 -0.1391 0.5430 0.8281 -0.1600 0.5561 0.8156 -0.1829 0.5681 0.8023 -0.2077 0.5790 0.7885 -0.2340 0.5884 0.7740 -0.2615 0.5964 0.7589 -0.2896 0.6030 0.7433 -0.3181 0.6081 0.7273 -0.3465 0.6119 0.7110 -0.3745 0.6144 0.6945 -0.4015 0.6157 0.6780 -0.4275 0.6161 0.6615 -0.4522 0.6157 0.6453 -0.4754 0.6147 0.6294 -0.4970 0.6132 0.6139 -0.5170 0.6115 0.5990 -0.5354 0.6096 0.5846 -0.5523 0.6076 0.5708 -0.5678 0.6057 0.5575 -0.5819 0.6038 0.5448 -0.5948 0.6020 0.5327 -0.6067 0.6003 0.5211 -0.6177 0.5988 0.5098 -0.6279 0.5972 0.4990 -0.6376 0.5957 0.4885 -0.6468 0.5941 0.4783 -0.6556 0.5924 0.4682 -0.6643 0.5905 0.4584 -0.6664 0.5929 0.4521 0.6687 0.5935 0.4479 0.6626 0.5951 0.4548 0.6469 0.6028 0.4671 0.6307 0.6099 0.4798 0.6141 0.6164 0.4929 0.5972 0.6220 0.5064 0.5800 0.6268 0.5203 0.5628 0.6304 0.5346 0.5456 0.6330 0.5492 0.5286 0.6343 0.5641 0.5118 0.6343 0.5794 0.4953 0.6330 0.5949 0.4790 0.6304 0.6108 0.4630 0.6263 0.6271 0.4473 0.6209 0.6438 0.4316 0.6141 0.6608 0.4158 0.6059 0.6782 0.4000 0.5964 0.6959 0.3837 0.5856 0.7141 0.3670 0.5734 0.7325 0.3496 0.5600 0.7511 0.3313 0.5454 0.7699 0.3122 0.5296 0.7887 0.2920 0.5128 0.8073 0.2709 0.4950 0.8256 0.2488 0.4764 0.8433 0.2259 0.4572 0.8602 0.2024 0.4377 0.8761 0.1786 0.4180 0.8907 0.1548 0.3985 0.9040 0.1315 0.3796 0.9158 0.1089 0.3616 0.9259 0.0876 0.3449 0.9346 0.0678 0.3298 0.9416 0.0499 0.3167 0.9472 0.0340 0.3059 0.9515 0.0203 0.2977 0.9544 0.0088 0.2923 0.9563 -0.0007 0.2898 0.9571 -0.0083 0.2904 0.9569 -0.0144 0.2941 0.9557 -0.0192 0.3006 0.9535 -0.0233 0.3100 0.9505 -0.0272 0.3218 0.9464 -0.0312 0.3359 0.9414 -0.0360 0.3519 0.9354 -0.0420 0.3693 0.9284 -0.0496 0.3878 0.9204 -0.0591 0.4070 0.9115 -0.0710 0.4264 0.9017 -0.0854 0.4459 0.8910 -0.1024 0.4649 0.8794 -0.1219 0.4832 0.8670 -0.1440 0.5005 0.8537 -0.1684 0.5166 0.8395 -0.1947 0.5312 0.8246 -0.2227 0.5442 0.8088 -0.2519 0.5556 0.7924 -0.2817 0.5652 0.7753 -0.3119 0.5731 0.7578 -0.3419 0.5794 0.7399 -0.3712 0.5842 0.7217 -0.3996 0.5876 0.7036 -0.4267 0.5899 0.6856 -0.4523 0.5912 0.6678 -0.4762 0.5917 0.6505 -0.4985 0.5916 0.6337 -0.5190 0.5910 0.6175 -0.5378 0.5903 0.6020 -0.5550 0.5893 0.5871 -0.5707 0.5883 0.5729 -0.5849 0.5873 0.5594 -0.5980 0.5863 0.5465 -0.6100 0.5853 0.5342 -0.6210 0.5844 0.5224 -0.6313 0.5834 0.5109 -0.6410 0.5824 0.4999 -0.6502 0.5813 0.4892 -0.6592 0.5800 0.4787 -0.6679 0.5784 0.4684 -0.6700 0.5812 0.4619 0.6746 0.5797 0.4571 0.6684 0.5810 0.4644 0.6524 0.5885 0.4775 0.6357 0.5955 0.4912 0.6185 0.6018 0.5053 0.6008 0.6072 0.5199 0.5829 0.6117 0.5348 0.5648 0.6150 0.5502 0.5466 0.6172 0.5660 0.5285 0.6180 0.5821 0.5105 0.6173 0.5986 0.4927 0.6152 0.6154 0.4752 0.6116 0.6326 0.4578 0.6064 0.6502 0.4406 0.5996 0.6681 0.4235 0.5911 0.6864 0.4064 0.5811 0.7051 0.3891 0.5694 0.7242 0.3714 0.5560 0.7436 0.3533 0.5410 0.7632 0.3345 0.5244 0.7830 0.3150 0.5062 0.8029 0.2946 0.4864 0.8226 0.2733 0.4652 0.8420 0.2511 0.4427 0.8608 0.2282 0.4191 0.8788 0.2047 0.3946 0.8958 0.1809 0.3695 0.9115 0.1570 0.3441 0.9257 0.1336 0.3189 0.9383 0.1109 0.2942 0.9493 0.0895 0.2705 0.9586 0.0696 0.2482 0.9662 0.0517 0.2277 0.9723 0.0361 0.2096 0.9771 0.0228 0.1941 0.9807 0.0120 0.1818 0.9833 0.0036 0.1728 0.9850 -0.0025 0.1676 0.9859 -0.0067 0.1664 0.9860 -0.0092 0.1695 0.9855 -0.0107 0.1769 0.9842 -0.0116 0.1883 0.9821 -0.0124 0.2032 0.9791 -0.0139 0.2212 0.9751 -0.0164 0.2416 0.9702 -0.0207 0.2641 0.9643 -0.0270 0.2880 0.9573 -0.0357 0.3128 0.9492 -0.0473 0.3380 0.9400 -0.0618 0.3632 0.9297 -0.0794 0.3879 0.9183 -0.0999 0.4118 0.9058 -0.1233 0.4345 0.8922 -0.1493 0.4558 0.8775 -0.1774 0.4753 0.8618 -0.2074 0.4929 0.8450 -0.2386 0.5085 0.8273 -0.2705 0.5221 0.8089 -0.3027 0.5335 0.7898 -0.3345 0.5431 0.7702 -0.3655 0.5507 0.7504 -0.3954 0.5567 0.7305 -0.4239 0.5613 0.7108 -0.4506 0.5646 0.6915 -0.4755 0.5670 0.6726 -0.4986 0.5685 0.6544 -0.5197 0.5695 0.6368 -0.5391 0.5700 0.6201 -0.5567 0.5702 0.6041 -0.5726 0.5703 0.5889 -0.5872 0.5702 0.5745 -0.6004 0.5701 0.5608 -0.6125 0.5699 0.5477 -0.6237 0.5697 0.5352 -0.6341 0.5693 0.5232 -0.6440 0.5689 0.5116 -0.6533 0.5682 0.5003 -0.6623 0.5673 0.4893 -0.6711 0.5662 0.4786 -0.6733 0.5692 0.4718 0.6804 0.5652 0.4665 0.6741 0.5662 0.4744 0.6577 0.5735 0.4884 0.6405 0.5803 0.5030 0.6226 0.5864 0.5182 0.6042 0.5915 0.5339 0.5854 0.5957 0.5500 0.5663 0.5986 0.5666 0.5470 0.6002 0.5836 0.5276 0.6003 0.6010 0.5083 0.5989 0.6188 0.4891 0.5959 0.6369 0.4701 0.5911 0.6555 0.4512 0.5845 0.6744 0.4324 0.5761 0.6937 0.4136 0.5658 0.7133 0.3947 0.5535 0.7334 0.3756 0.5392 0.7537 0.3562 0.5229 0.7744 0.3363 0.5046 0.7952 0.3158 0.4841 0.8160 0.2945 0.4616 0.8367 0.2725 0.4371 0.8571 0.2497 0.4107 0.8769 0.2261 0.3824 0.8959 0.2021 0.3527 0.9137 0.1777 0.3216 0.9300 0.1533 0.2897 0.9448 0.1292 0.2572 0.9577 0.1060 0.2245 0.9687 0.0840 0.1921 0.9778 0.0636 0.1603 0.9850 0.0454 0.1291 0.9906 0.0295 0.1007 0.9945 0.0164 0.0791 0.9967 0.0061 0.0635 0.9980 -0.0012 0.0530 0.9986 -0.0057 0.0470 0.9989 -0.0074 0.0446 0.9990 -0.0067 0.0454 0.9989 -0.0041 0.0491 0.9988 -0.0005 0.0554 0.9985 0.0032 0.0644 0.9979 0.0064 0.0763 0.9971 0.0083 0.0913 0.9958 0.0085 0.1100 0.9939 0.0065 0.1330 0.9911 0.0018 0.1608 0.9870 -0.0060 0.1940 0.9810 -0.0172 0.2285 0.9734 -0.0318 0.2621 0.9645 -0.0500 0.2948 0.9543 -0.0717 0.3261 0.9426 -0.0966 0.3560 0.9295 -0.1245 0.3839 0.9149 -0.1548 0.4097 0.8990 -0.1871 0.4332 0.8817 -0.2207 0.4542 0.8631 -0.2551 0.4727 0.8435 -0.2897 0.4887 0.8230 -0.3237 0.5022 0.8019 -0.3569 0.5135 0.7804 -0.3886 0.5227 0.7588 -0.4187 0.5301 0.7373 -0.4469 0.5360 0.7163 -0.4730 0.5405 0.6958 -0.4971 0.5440 0.6760 -0.5191 0.5467 0.6570 -0.5391 0.5488 0.6389 -0.5572 0.5504 0.6218 -0.5736 0.5517 0.6055 -0.5885 0.5527 0.5901 -0.6020 0.5535 0.5755 -0.6144 0.5542 0.5616 -0.6258 0.5547 0.5484 -0.6364 0.5550 0.5357 -0.6464 0.5551 0.5235 -0.6559 0.5549 0.5117 -0.6651 0.5544 0.5002 -0.6741 0.5536 0.4889 -0.6764 0.5570 0.4819 0.6859 0.5502 0.4763 0.6795 0.5508 0.4847 0.6627 0.5579 0.4997 0.6449 0.5644 0.5153 0.6264 0.5701 0.5316 0.6072 0.5749 0.5484 0.5875 0.5786 0.5658 0.5672 0.5810 0.5837 0.5467 0.5820 0.6020 0.5260 0.5814 0.6208 0.5052 0.5790 0.6399 0.4844 0.5749 0.6595 0.4636 0.5688 0.6794 0.4428 0.5606 0.6997 0.4221 0.5503 0.7204 0.4013 0.5378 0.7414 0.3804 0.5229 0.7628 0.3592 0.5057 0.7844 0.3375 0.4859 0.8062 0.3154 0.4635 0.8280 0.2926 0.4385 0.8497 0.2691 0.4109 0.8711 0.2450 0.3806 0.8917 0.2201 0.3477 0.9114 0.1947 0.3125 0.9297 0.1690 0.2751 0.9464 0.1433 0.2359 0.9612 0.1179 0.1950 0.9737 0.0933 0.1527 0.9839 0.0698 0.1081 0.9917 0.0477 0.0678 0.9966 0.0271 0.0370 0.9989 0.0105 0.0147 0.9998 0.0022 -0.0003 1.0000 -0.0007 -0.0094 1.0000 -0.0030 -0.0137 0.9999 -0.0044 -0.0145 0.9999 -0.0048 -0.0127 0.9999 -0.0041 -0.0093 0.9999 -0.0022 -0.0050 1.0000 0.0007 -0.0005 1.0000 0.0045 0.0041 1.0000 0.0092 0.0088 0.9999 0.0144 0.0141 0.9998 0.0200 0.0206 0.9996 0.0255 0.0292 0.9992 0.0307 0.0408 0.9987 0.0353 0.0563 0.9978 0.0341 0.0767 0.9965 0.0235 0.1032 0.9944 0.0075 0.1367 0.9906 -0.0120 0.1780 0.9840 -0.0353 0.2217 0.9745 -0.0622 0.2617 0.9631 -0.0924 0.2987 0.9499 -0.1254 0.3327 0.9347 -0.1605 0.3637 0.9176 -0.1971 0.3915 0.8988 -0.2345 0.4162 0.8785 -0.2720 0.4378 0.8570 -0.3088 0.4563 0.8345 -0.3445 0.4721 0.8115 -0.3786 0.4852 0.7882 -0.4107 0.4961 0.7650 -0.4407 0.5050 0.7422 -0.4683 0.5122 0.7199 -0.4936 0.5180 0.6985 -0.5167 0.5228 0.6780 -0.5376 0.5266 0.6586 -0.5564 0.5298 0.6401 -0.5734 0.5324 0.6226 -0.5888 0.5346 0.6062 -0.6028 0.5365 0.5906 -0.6155 0.5381 0.5759 -0.6272 0.5393 0.5619 -0.6381 0.5403 0.5485 -0.6483 0.5410 0.5357 -0.6581 0.5414 0.5233 -0.6675 0.5413 0.5113 -0.6768 0.5408 0.4995 -0.6792 0.5445 0.4922 0.6911 0.5346 0.4864 0.6846 0.5348 0.4953 0.6673 0.5415 0.5113 0.6491 0.5476 0.5280 0.6298 0.5530 0.5455 0.6098 0.5573 0.5636 0.5890 0.5605 0.5822 0.5675 0.5622 0.6015 0.5457 0.5625 0.6212 0.5234 0.5610 0.6414 0.5009 0.5576 0.6620 0.4782 0.5521 0.6830 0.4555 0.5445 0.7044 0.4326 0.5345 0.7261 0.4096 0.5220 0.7482 0.3864 0.5069 0.7706 0.3629 0.4890 0.7932 0.3390 0.4682 0.8160 0.3147 0.4443 0.8388 0.2897 0.4172 0.8614 0.2641 0.3867 0.8836 0.2377 0.3528 0.9050 0.2107 0.3154 0.9253 0.1832 0.2747 0.9439 0.1552 0.2307 0.9606 0.1272 0.1834 0.9748 0.0992 0.1326 0.9862 0.0716 0.0782 0.9944 0.0436 0.0339 0.9985 0.0223 0.0018 0.9997 0.0140 -0.0191 0.9997 0.0113 -0.0302 0.9995 0.0084 -0.0324 0.9994 0.0055 -0.0291 0.9996 0.0030 -0.0255 0.9997 0.0010 -0.0215 0.9998 -0.0002 -0.0174 0.9998 -0.0005 -0.0132 0.9999 0.0003 -0.0090 1.0000 0.0021 -0.0048 1.0000 0.0050 -0.0007 1.0000 0.0087 0.0032 1.0000 0.0132 0.0071 0.9999 0.0183 0.0108 0.9998 0.0236 0.0143 0.9996 0.0288 0.0175 0.9994 0.0337 0.0204 0.9992 0.0379 0.0230 0.9990 0.0412 0.0253 0.9988 0.0433 0.0320 0.9985 0.0439 0.0464 0.9980 0.0370 0.0693 0.9969 0.0147 0.1018 0.9947 -0.0169 0.1446 0.9893 -0.0507 0.1956 0.9794 -0.0872 0.2415 0.9665 -0.1260 0.2824 0.9510 -0.1663 0.3190 0.9330 -0.2074 0.3515 0.9129 -0.2485 0.3800 0.8910 -0.2888 0.4048 0.8676 -0.3277 0.4260 0.8433 -0.3646 0.4439 0.8185 -0.3993 0.4590 0.7937 -0.4315 0.4715 0.7691 -0.4610 0.4819 0.7452 -0.4879 0.4905 0.7221 -0.5123 0.4976 0.7000 -0.5344 0.5035 0.6790 -0.5542 0.5084 0.6591 -0.5720 0.5125 0.6404 -0.5880 0.5161 0.6228 -0.6025 0.5191 0.6062 -0.6157 0.5216 0.5906 -0.6279 0.5237 0.5758 -0.6391 0.5254 0.5616 -0.6497 0.5267 0.5481 -0.6598 0.5275 0.5351 -0.6696 0.5279 0.5225 -0.6791 0.5277 0.5102 -0.6817 0.5317 0.5026 0.6960 0.5185 0.4967 0.6894 0.5182 0.5062 0.6717 0.5245 0.5233 0.6528 0.5301 0.5412 0.6328 0.5349 0.5599 0.6117 0.5387 0.5793 0.5898 0.5412 0.5993 0.5671 0.5423 0.6199 0.5437 0.5416 0.6411 0.5197 0.5391 0.6628 0.4953 0.5344 0.6849 0.4705 0.5275 0.7074 0.4455 0.5180 0.7302 0.4201 0.5059 0.7534 0.3944 0.4909 0.7768 0.3683 0.4728 0.8005 0.3418 0.4514 0.8243 0.3147 0.4264 0.8480 0.2869 0.3976 0.8716 0.2584 0.3647 0.8946 0.2290 0.3276 0.9166 0.1989 0.2860 0.9373 0.1682 0.2399 0.9561 0.1368 0.1890 0.9724 0.1050 0.1328 0.9856 0.0725 0.0708 0.9949 0.0396 0.0204 0.9990 0.0207 -0.0145 0.9997 0.0180 -0.0346 0.9992 0.0172 -0.0399 0.9991 0.0158 -0.0383 0.9991 0.0139 -0.0358 0.9993 0.0115 -0.0327 0.9994 0.0091 -0.0290 0.9995 0.0069 -0.0251 0.9997 0.0051 -0.0209 0.9998 0.0039 -0.0168 0.9999 0.0036 -0.0126 0.9999 0.0043 -0.0087 1.0000 0.0060 -0.0048 1.0000 0.0088 -0.0012 1.0000 0.0124 0.0024 0.9999 0.0167 0.0057 0.9998 0.0216 0.0089 0.9997 0.0267 0.0119 0.9996 0.0317 0.0147 0.9994 0.0363 0.0173 0.9992 0.0402 0.0196 0.9990 0.0431 0.0216 0.9988 0.0448 0.0232 0.9987 0.0450 0.0245 0.9987 0.0436 0.0253 0.9987 0.0404 0.0316 0.9987 0.0328 0.0510 0.9982 0.0063 0.0836 0.9965 -0.0366 0.1299 0.9909 -0.0811 0.1859 0.9792 -0.1265 0.2347 0.9638 -0.1723 0.2773 0.9452 -0.2179 0.3145 0.9239 -0.2625 0.3468 0.9004 -0.3053 0.3747 0.8754 -0.3459 0.3984 0.8495 -0.3838 0.4184 0.8232 -0.4187 0.4353 0.7970 -0.4507 0.4494 0.7713 -0.4796 0.4612 0.7465 -0.5058 0.4710 0.7228 -0.5292 0.4792 0.7002 -0.5502 0.4862 0.6789 -0.5690 0.4920 0.6589 -0.5859 0.4970 0.6400 -0.6012 0.5013 0.6224 -0.6150 0.5048 0.6057 -0.6277 0.5078 0.5900 -0.6395 0.5103 0.5751 -0.6505 0.5122 0.5608 -0.6610 0.5135 0.5471 -0.6712 0.5142 0.5339 -0.6811 0.5144 0.5210 -0.6839 0.5187 0.5131 0.7006 0.5018 0.5074 0.6938 0.5009 0.5175 0.6755 0.5067 0.5357 0.6560 0.5118 0.5548 0.6351 0.5160 0.5747 0.6131 0.5192 0.5955 0.5899 0.5209 0.6169 0.5658 0.5211 0.6391 0.5407 0.5194 0.6617 0.5148 0.5156 0.6849 0.4882 0.5095 0.7086 0.4610 0.5008 0.7325 0.4333 0.4893 0.7569 0.4050 0.4748 0.7814 0.3761 0.4568 0.8061 0.3466 0.4352 0.8309 0.3163 0.4097 0.8556 0.2852 0.3797 0.8800 0.2532 0.3451 0.9038 0.2201 0.3053 0.9265 0.1860 0.2600 0.9475 0.1509 0.2089 0.9662 0.1148 0.1511 0.9818 0.0774 0.0844 0.9934 0.0383 0.0242 0.9990 0.0161 -0.0174 0.9997 0.0149 -0.0400 0.9991 0.0170 -0.0443 0.9989 0.0182 -0.0446 0.9988 0.0185 -0.0437 0.9989 0.0181 -0.0416 0.9990 0.0169 -0.0385 0.9991 0.0152 -0.0347 0.9993 0.0132 -0.0303 0.9995 0.0111 -0.0258 0.9996 0.0093 -0.0212 0.9997 0.0081 -0.0167 0.9998 0.0076 -0.0125 0.9999 0.0081 -0.0086 0.9999 0.0096 -0.0050 0.9999 0.0121 -0.0017 0.9999 0.0156 0.0013 0.9999 0.0198 0.0042 0.9998 0.0244 0.0069 0.9997 0.0294 0.0095 0.9995 0.0342 0.0119 0.9993 0.0386 0.0142 0.9992 0.0423 0.0163 0.9990 0.0449 0.0181 0.9988 0.0462 0.0197 0.9987 0.0460 0.0210 0.9987 0.0441 0.0219 0.9988 0.0405 0.0223 0.9989 0.0352 0.0222 0.9991 0.0282 0.0244 0.9993 0.0156 0.0433 0.9989 -0.0200 0.0796 0.9966 -0.0738 0.1329 0.9884 -0.1269 0.1913 0.9733 -0.1785 0.2400 0.9542 -0.2286 0.2817 0.9319 -0.2764 0.3176 0.9070 -0.3215 0.3482 0.8806 -0.3634 0.3742 0.8532 -0.4018 0.3962 0.8256 -0.4368 0.4146 0.7983 -0.4683 0.4301 0.7718 -0.4966 0.4431 0.7464 -0.5218 0.4540 0.7222 -0.5444 0.4631 0.6994 -0.5645 0.4709 0.6779 -0.5825 0.4775 0.6578 -0.5987 0.4830 0.6390 -0.6133 0.4877 0.6213 -0.6267 0.4917 0.6046 -0.6391 0.4949 0.5888 -0.6507 0.4974 0.5738 -0.6618 0.4992 0.5593 -0.6724 0.5003 0.5455 -0.6828 0.5008 0.5320 -0.6858 0.5053 0.5238 0.7047 0.4845 0.5183 0.6977 0.4831 0.5290 0.6789 0.4883 0.5484 0.6586 0.4927 0.5687 0.6369 0.4963 0.5900 0.6137 0.4986 0.6122 0.5892 0.4995 0.6351 0.5634 0.4986 0.6587 0.5364 0.4957 0.6830 0.5084 0.4906 0.7077 0.4794 0.4828 0.7329 0.4494 0.4721 0.7583 0.4186 0.4583 0.7841 0.3869 0.4409 0.8099 0.3543 0.4196 0.8357 0.3206 0.3939 0.8614 0.2858 0.3635 0.8867 0.2497 0.3277 0.9112 0.2123 0.2861 0.9344 0.1734 0.2379 0.9557 0.1330 0.1824 0.9742 0.0907 0.1181 0.9889 0.0446 0.0464 0.9979 0.0110 -0.0070 0.9999 0.0042 -0.0380 0.9993 0.0087 -0.0464 0.9989 0.0127 -0.0496 0.9987 0.0160 -0.0514 0.9986 0.0186 -0.0516 0.9985 0.0203 -0.0503 0.9985 0.0210 -0.0475 0.9987 0.0208 -0.0435 0.9988 0.0197 -0.0387 0.9991 0.0180 -0.0334 0.9993 0.0160 -0.0279 0.9995 0.0141 -0.0226 0.9996 0.0126 -0.0176 0.9998 0.0117 -0.0130 0.9998 0.0118 -0.0090 0.9999 0.0130 -0.0055 0.9999 0.0152 -0.0025 0.9999 0.0183 0.0003 0.9998 0.0223 0.0027 0.9997 0.0269 0.0050 0.9996 0.0317 0.0072 0.9995 0.0364 0.0093 0.9993 0.0407 0.0113 0.9991 0.0442 0.0133 0.9989 0.0466 0.0151 0.9988 0.0477 0.0167 0.9987 0.0471 0.0181 0.9987 0.0448 0.0191 0.9988 0.0408 0.0197 0.9990 0.0350 0.0198 0.9992 0.0275 0.0194 0.9994 0.0185 0.0186 0.9997 0.0083 0.0213 0.9997 -0.0145 0.0455 0.9989 -0.0649 0.0909 0.9937 -0.1275 0.1534 0.9799 -0.1852 0.2081 0.9604 -0.2396 0.2540 0.9371 -0.2903 0.2930 0.9110 -0.3372 0.3260 0.8832 -0.3800 0.3539 0.8546 -0.4187 0.3774 0.8260 -0.4534 0.3971 0.7979 -0.4844 0.4137 0.7708 -0.5120 0.4276 0.7450 -0.5364 0.4392 0.7206 -0.5582 0.4491 0.6977 -0.5775 0.4574 0.6762 -0.5949 0.4644 0.6561 -0.6105 0.4703 0.6372 -0.6248 0.4752 0.6195 -0.6380 0.4792 0.6028 -0.6503 0.4823 0.5869 -0.6620 0.4846 0.5718 -0.6732 0.4861 0.5572 -0.6842 0.4868 0.5430 -0.6875 0.4916 0.5345 0.7083 0.4668 0.5296 0.7011 0.4647 0.5408 0.6817 0.4692 0.5614 0.6606 0.4729 0.5830 0.6379 0.4757 0.6057 0.6135 0.4771 0.6293 0.5875 0.4770 0.6537 0.5599 0.4749 0.6789 0.5309 0.4707 0.7047 0.5004 0.4639 0.7310 0.4686 0.4543 0.7577 0.4355 0.4414 0.7846 0.4011 0.4248 0.8116 0.3654 0.4042 0.8385 0.3283 0.3791 0.8652 0.2897 0.3487 0.8913 0.2493 0.3126 0.9166 0.2071 0.2700 0.9403 0.1629 0.2199 0.9618 0.1163 0.1612 0.9801 0.0664 0.0908 0.9937 0.0154 0.0205 0.9997 -0.0094 -0.0254 0.9996 -0.0066 -0.0439 0.9990 -0.0011 -0.0502 0.9987 0.0045 -0.0555 0.9984 0.0099 -0.0595 0.9982 0.0149 -0.0616 0.9980 0.0193 -0.0618 0.9979 0.0226 -0.0599 0.9979 0.0248 -0.0563 0.9981 0.0257 -0.0512 0.9984 0.0254 -0.0450 0.9987 0.0240 -0.0384 0.9990 0.0220 -0.0316 0.9993 0.0197 -0.0252 0.9995 0.0176 -0.0193 0.9997 0.0162 -0.0142 0.9998 0.0156 -0.0099 0.9998 0.0162 -0.0063 0.9998 0.0179 -0.0034 0.9998 0.0208 -0.0009 0.9998 0.0245 0.0012 0.9997 0.0289 0.0032 0.9996 0.0336 0.0050 0.9994 0.0383 0.0069 0.9992 0.0426 0.0088 0.9991 0.0461 0.0108 0.9989 0.0484 0.0127 0.9987 0.0492 0.0145 0.9987 0.0484 0.0160 0.9987 0.0457 0.0173 0.9988 0.0412 0.0181 0.9990 0.0349 0.0184 0.9992 0.0269 0.0182 0.9995 0.0175 0.0175 0.9997 0.0069 0.0163 0.9998 -0.0046 0.0148 0.9999 -0.0193 0.0247 0.9995 -0.0616 0.0615 0.9962 -0.1287 0.1222 0.9841 -0.1927 0.1827 0.9641 -0.2510 0.2320 0.9398 -0.3042 0.2735 0.9125 -0.3525 0.3083 0.8836 -0.3958 0.3376 0.8540 -0.4346 0.3622 0.8246 -0.4689 0.3828 0.7960 -0.4993 0.4000 0.7686 -0.5261 0.4145 0.7425 -0.5499 0.4267 0.7181 -0.5709 0.4369 0.6951 -0.5897 0.4454 0.6737 -0.6066 0.4526 0.6536 -0.6219 0.4585 0.6348 -0.6361 0.4633 0.6171 -0.6492 0.4670 0.6003 -0.6617 0.4698 0.5843 -0.6736 0.4717 0.5690 -0.6852 0.4726 0.5542 -0.6888 0.4776 0.5454 0.7114 0.4486 0.5410 0.7040 0.4458 0.5529 0.6839 0.4495 0.5747 0.6620 0.4524 0.5976 0.6381 0.4542 0.6217 0.6124 0.4547 0.6468 0.5847 0.4534 0.6728 0.5551 0.4500 0.6995 0.5237 0.4443 0.7269 0.4905 0.4357 0.7547 0.4556 0.4240 0.7827 0.4189 0.4086 0.8109 0.3804 0.3890 0.8390 0.3401 0.3648 0.8668 0.2977 0.3352 0.8939 0.2531 0.2995 0.9199 0.2060 0.2569 0.9442 0.1561 0.2061 0.9660 0.1028 0.1455 0.9840 0.0441 0.0710 0.9965 -0.0074 0.0046 1.0000 -0.0250 -0.0336 0.9991 -0.0197 -0.0446 0.9988 -0.0139 -0.0530 0.9985 -0.0075 -0.0608 0.9981 -0.0006 -0.0674 0.9977 0.0065 -0.0723 0.9974 0.0137 -0.0749 0.9971 0.0202 -0.0750 0.9970 0.0257 -0.0725 0.9970 0.0297 -0.0678 0.9973 0.0320 -0.0613 0.9976 0.0325 -0.0535 0.9980 0.0315 -0.0452 0.9985 0.0292 -0.0368 0.9989 0.0264 -0.0289 0.9992 0.0235 -0.0220 0.9995 0.0211 -0.0160 0.9996 0.0197 -0.0112 0.9997 0.0195 -0.0074 0.9998 0.0206 -0.0045 0.9998 0.0229 -0.0021 0.9997 0.0264 -0.0002 0.9997 0.0307 0.0015 0.9995 0.0354 0.0032 0.9994 0.0402 0.0049 0.9992 0.0445 0.0068 0.9990 0.0480 0.0089 0.9988 0.0503 0.0110 0.9987 0.0510 0.0131 0.9986 0.0499 0.0150 0.9986 0.0469 0.0165 0.9988 0.0419 0.0177 0.9990 0.0351 0.0183 0.9992 0.0266 0.0182 0.9995 0.0166 0.0176 0.9997 0.0056 0.0165 0.9998 -0.0062 0.0149 0.9999 -0.0184 0.0131 0.9997 -0.0305 0.0139 0.9994 -0.0649 0.0423 0.9970 -0.1311 0.0992 0.9864 -0.2014 0.1642 0.9657 -0.2631 0.2160 0.9403 -0.3182 0.2591 0.9119 -0.3675 0.2951 0.8820 -0.4111 0.3252 0.8516 -0.4496 0.3503 0.8217 -0.4834 0.3714 0.7927 -0.5132 0.3889 0.7651 -0.5394 0.4036 0.7391 -0.5625 0.4158 0.7146 -0.5830 0.4260 0.6918 -0.6014 0.4345 0.6705 -0.6181 0.4414 0.6505 -0.6333 0.4471 0.6317 -0.6475 0.4515 0.6139 -0.6608 0.4547 0.5971 -0.6736 0.4569 0.5809 -0.6859 0.4581 0.5654 -0.6899 0.4632 0.5562 0.7139 0.4299 0.5527 0.7062 0.4264 0.5652 0.6854 0.4293 0.5882 0.6625 0.4313 0.6125 0.6374 0.4321 0.6380 0.6102 0.4314 0.6645 0.5807 0.4288 0.6921 0.5489 0.4240 0.7203 0.5149 0.4166 0.7492 0.4787 0.4060 0.7785 0.4402 0.3919 0.8078 0.3994 0.3738 0.8371 0.3562 0.3509 0.8660 0.3104 0.3226 0.8942 0.2618 0.2881 0.9211 0.2101 0.2464 0.9461 0.1547 0.1961 0.9683 0.0948 0.1353 0.9863 0.0272 0.0595 0.9979 -0.0246 -0.0036 0.9997 -0.0380 -0.0343 0.9987 -0.0338 -0.0435 0.9985 -0.0288 -0.0535 0.9982 -0.0228 -0.0636 0.9977 -0.0155 -0.0731 0.9972 -0.0070 -0.0812 0.9967 0.0024 -0.0871 0.9962 0.0122 -0.0903 0.9958 0.0215 -0.0903 0.9957 0.0297 -0.0872 0.9957 0.0360 -0.0814 0.9960 0.0400 -0.0732 0.9965 0.0415 -0.0636 0.9971 0.0407 -0.0533 0.9977 0.0382 -0.0431 0.9983 0.0345 -0.0336 0.9988 0.0305 -0.0253 0.9992 0.0269 -0.0183 0.9995 0.0242 -0.0129 0.9996 0.0229 -0.0087 0.9997 0.0232 -0.0056 0.9997 0.0250 -0.0033 0.9997 0.0281 -0.0016 0.9996 0.0323 0.0000 0.9995 0.0371 0.0016 0.9993 0.0420 0.0034 0.9991 0.0465 0.0054 0.9989 0.0502 0.0077 0.9987 0.0525 0.0101 0.9986 0.0532 0.0126 0.9985 0.0519 0.0150 0.9985 0.0484 0.0170 0.9987 0.0429 0.0185 0.9989 0.0355 0.0193 0.9992 0.0263 0.0195 0.9995 0.0157 0.0189 0.9997 0.0042 0.0177 0.9998 -0.0079 0.0161 0.9998 -0.0203 0.0141 0.9997 -0.0324 0.0121 0.9994 -0.0441 0.0101 0.9990 -0.0721 0.0310 0.9969 -0.1361 0.0853 0.9870 -0.2117 0.1526 0.9654 -0.2761 0.2058 0.9388 -0.3326 0.2496 0.9094 -0.3824 0.2860 0.8786 -0.4259 0.3163 0.8477 -0.4640 0.3415 0.8173 -0.4973 0.3624 0.7882 -0.5265 0.3798 0.7606 -0.5521 0.3943 0.7347 -0.5748 0.4062 0.7104 -0.5950 0.4161 0.6877 -0.6131 0.4241 0.6664 -0.6297 0.4306 0.6465 -0.6451 0.4356 0.6278 -0.6595 0.4394 0.6100 -0.6731 0.4419 0.5930 -0.6863 0.4433 0.5766 -0.6907 0.4486 0.5672 0.7158 0.4109 0.5646 0.7078 0.4066 0.5777 0.6861 0.4085 0.6020 0.6622 0.4095 0.6276 0.6358 0.4092 0.6545 0.6069 0.4073 0.6825 0.5753 0.4034 0.7115 0.5412 0.3970 0.7413 0.5043 0.3877 0.7716 0.4646 0.3750 0.8022 0.4221 0.3584 0.8327 0.3767 0.3372 0.8628 0.3281 0.3106 0.8921 0.2760 0.2779 0.9201 0.2201 0.2380 0.9460 0.1597 0.1894 0.9688 0.0937 0.1300 0.9871 0.0187 0.0549 0.9983 -0.0363 -0.0063 0.9993 -0.0496 -0.0310 0.9983 -0.0473 -0.0402 0.9981 -0.0442 -0.0510 0.9977 -0.0398 -0.0627 0.9972 -0.0336 -0.0747 0.9966 -0.0252 -0.0860 0.9960 -0.0147 -0.0956 0.9953 -0.0026 -0.1026 0.9947 0.0104 -0.1063 0.9943 0.0232 -0.1063 0.9941 0.0346 -0.1026 0.9941 0.0437 -0.0955 0.9945 0.0497 -0.0857 0.9951 0.0524 -0.0742 0.9959 0.0520 -0.0619 0.9967 0.0490 -0.0498 0.9976 0.0442 -0.0385 0.9983 0.0388 -0.0288 0.9988 0.0335 -0.0208 0.9992 0.0293 -0.0146 0.9995 0.0267 -0.0100 0.9996 0.0259 -0.0068 0.9996 0.0270 -0.0045 0.9996 0.0298 -0.0027 0.9996 0.0339 -0.0012 0.9994 0.0388 0.0004 0.9992 0.0440 0.0022 0.9990 0.0488 0.0045 0.9988 0.0527 0.0071 0.9986 0.0552 0.0100 0.9984 0.0558 0.0130 0.9984 0.0543 0.0159 0.9984 0.0504 0.0184 0.9986 0.0443 0.0204 0.9988 0.0361 0.0215 0.9991 0.0261 0.0218 0.9994 0.0148 0.0213 0.9997 0.0027 0.0200 0.9998 -0.0098 0.0181 0.9998 -0.0224 0.0159 0.9996 -0.0345 0.0137 0.9993 -0.0460 0.0115 0.9989 -0.0565 0.0098 0.9984 -0.0813 0.0256 0.9964 -0.1450 0.0795 0.9862 -0.2240 0.1476 0.9633 -0.2903 0.2010 0.9356 -0.3476 0.2446 0.9052 -0.3974 0.2806 0.8737 -0.4407 0.3104 0.8423 -0.4783 0.3351 0.8118 -0.5110 0.3554 0.7826 -0.5396 0.3722 0.7551 -0.5648 0.3861 0.7294 -0.5871 0.3974 0.7053 -0.6071 0.4066 0.6827 -0.6253 0.4139 0.6616 -0.6420 0.4195 0.6418 -0.6576 0.4237 0.6230 -0.6723 0.4265 0.6051 -0.6864 0.4281 0.5879 -0.6913 0.4335 0.5781 0.7171 0.3915 0.5766 0.7086 0.3864 0.5904 0.6861 0.3874 0.6158 0.6609 0.3873 0.6428 0.6331 0.3858 0.6711 0.6024 0.3826 0.7006 0.5686 0.3771 0.7311 0.5317 0.3691 0.7623 0.4916 0.3578 0.7939 0.4482 0.3428 0.8256 0.4012 0.3235 0.8570 0.3505 0.2990 0.8876 0.2957 0.2686 0.9167 0.2365 0.2311 0.9438 0.1719 0.1851 0.9676 0.1008 0.1286 0.9866 0.0192 0.0560 0.9982 -0.0419 -0.0053 0.9991 -0.0586 -0.0270 0.9979 -0.0585 -0.0352 0.9977 -0.0579 -0.0455 0.9973 -0.0562 -0.0577 0.9967 -0.0526 -0.0710 0.9961 -0.0461 -0.0847 0.9953 -0.0365 -0.0976 0.9946 -0.0237 -0.1086 0.9938 -0.0084 -0.1166 0.9931 0.0084 -0.1208 0.9926 0.0252 -0.1207 0.9924 0.0405 -0.1163 0.9924 0.0528 -0.1081 0.9927 0.0612 -0.0969 0.9934 0.0653 -0.0836 0.9944 0.0652 -0.0695 0.9954 0.0615 -0.0557 0.9966 0.0555 -0.0429 0.9975 0.0483 -0.0319 0.9983 0.0411 -0.0230 0.9989 0.0350 -0.0161 0.9993 0.0308 -0.0112 0.9995 0.0287 -0.0078 0.9996 0.0290 -0.0054 0.9996 0.0314 -0.0037 0.9995 0.0354 -0.0023 0.9994 0.0405 -0.0006 0.9992 0.0461 0.0014 0.9989 0.0514 0.0039 0.9987 0.0557 0.0070 0.9984 0.0584 0.0104 0.9982 0.0591 0.0140 0.9982 0.0573 0.0175 0.9982 0.0529 0.0206 0.9984 0.0460 0.0230 0.9987 0.0369 0.0245 0.9990 0.0260 0.0249 0.9994 0.0139 0.0244 0.9996 0.0010 0.0229 0.9997 -0.0120 0.0208 0.9997 -0.0247 0.0183 0.9995 -0.0368 0.0157 0.9992 -0.0480 0.0133 0.9988 -0.0581 0.0114 0.9982 -0.0669 0.0101 0.9977 -0.0914 0.0249 0.9955 -0.1574 0.0810 0.9842 -0.2387 0.1485 0.9597 -0.3060 0.2008 0.9306 -0.3634 0.2433 0.8993 -0.4130 0.2782 0.8672 -0.4557 0.3069 0.8356 -0.4927 0.3304 0.8050 -0.5249 0.3497 0.7760 -0.5530 0.3655 0.7487 -0.5778 0.3784 0.7232 -0.5999 0.3887 0.6993 -0.6199 0.3969 0.6769 -0.6382 0.4032 0.6559 -0.6551 0.4078 0.6360 -0.6710 0.4109 0.6172 -0.6861 0.4126 0.5992 -0.6916 0.4181 0.5889 0.7177 0.3718 0.5888 0.7088 0.3659 0.6031 0.6852 0.3659 0.6298 0.6588 0.3647 0.6581 0.6293 0.3619 0.6877 0.5966 0.3573 0.7186 0.5604 0.3503 0.7505 0.5206 0.3404 0.7830 0.4769 0.3271 0.8158 0.4292 0.3097 0.8484 0.3773 0.2875 0.8803 0.3207 0.2596 0.9109 0.2590 0.2251 0.9393 0.1913 0.1825 0.9644 0.1163 0.1298 0.9847 0.0296 0.0624 0.9976 -0.0407 -0.0018 0.9992 -0.0643 -0.0231 0.9977 -0.0660 -0.0294 0.9974 -0.0681 -0.0381 0.9969 -0.0697 -0.0492 0.9964 -0.0696 -0.0623 0.9956 -0.0668 -0.0768 0.9948 -0.0601 -0.0916 0.9940 -0.0491 -0.1057 0.9932 -0.0338 -0.1176 0.9925 -0.0149 -0.1264 0.9919 0.0062 -0.1309 0.9914 0.0275 -0.1307 0.9910 0.0471 -0.1259 0.9909 0.0631 -0.1168 0.9911 0.0742 -0.1045 0.9918 0.0797 -0.0900 0.9927 0.0799 -0.0746 0.9940 0.0756 -0.0595 0.9954 0.0680 -0.0456 0.9966 0.0587 -0.0338 0.9977 0.0493 -0.0242 0.9985 0.0411 -0.0170 0.9990 0.0350 -0.0118 0.9993 0.0316 -0.0084 0.9995 0.0310 -0.0062 0.9995 0.0329 -0.0046 0.9994 0.0370 -0.0031 0.9993 0.0424 -0.0015 0.9991 0.0485 0.0007 0.9988 0.0544 0.0035 0.9985 0.0592 0.0070 0.9982 0.0622 0.0110 0.9980 0.0629 0.0152 0.9979 0.0608 0.0193 0.9980 0.0559 0.0229 0.9982 0.0481 0.0257 0.9985 0.0380 0.0275 0.9989 0.0260 0.0281 0.9993 0.0128 0.0275 0.9995 -0.0009 0.0259 0.9997 -0.0145 0.0235 0.9996 -0.0274 0.0207 0.9994 -0.0394 0.0178 0.9991 -0.0503 0.0152 0.9986 -0.0598 0.0131 0.9981 -0.0679 0.0117 0.9976 -0.0746 0.0111 0.9972 -0.1022 0.0283 0.9944 -0.1735 0.0897 0.9807 -0.2560 0.1541 0.9543 -0.3233 0.2042 0.9240 -0.3804 0.2448 0.8919 -0.4293 0.2778 0.8594 -0.4713 0.3048 0.8276 -0.5077 0.3268 0.7972 -0.5393 0.3447 0.7684 -0.5670 0.3591 0.7413 -0.5916 0.3706 0.7160 -0.6136 0.3796 0.6924 -0.6337 0.3865 0.6701 -0.6521 0.3915 0.6492 -0.6693 0.3949 0.6293 -0.6856 0.3968 0.6104 -0.6916 0.4024 0.5998 0.7176 0.3519 0.6010 0.7081 0.3452 0.6159 0.6834 0.3441 0.6438 0.6556 0.3418 0.6734 0.6244 0.3377 0.7043 0.5895 0.3317 0.7366 0.5506 0.3231 0.7697 0.5076 0.3113 0.8034 0.4600 0.2959 0.8371 0.4077 0.2760 0.8704 0.3503 0.2509 0.9024 0.2871 0.2195 0.9324 0.2175 0.1807 0.9592 0.1401 0.1326 0.9812 0.0508 0.0716 0.9961 -0.0315 0.0041 0.9995 -0.0663 -0.0204 0.9976 -0.0694 -0.0241 0.9973 -0.0736 -0.0302 0.9968 -0.0782 -0.0389 0.9962 -0.0820 -0.0501 0.9954 -0.0838 -0.0634 0.9945 -0.0818 -0.0782 0.9936 -0.0750 -0.0934 0.9928 -0.0625 -0.1079 0.9922 -0.0445 -0.1202 0.9917 -0.0217 -0.1292 0.9914 0.0039 -0.1339 0.9910 0.0301 -0.1337 0.9906 0.0543 -0.1286 0.9902 0.0741 -0.1191 0.9901 0.0880 -0.1062 0.9904 0.0951 -0.0912 0.9913 0.0956 -0.0753 0.9926 0.0904 -0.0597 0.9941 0.0812 -0.0456 0.9957 0.0697 -0.0335 0.9970 0.0579 -0.0239 0.9980 0.0474 -0.0167 0.9987 0.0393 -0.0118 0.9992 0.0344 -0.0086 0.9994 0.0328 -0.0066 0.9994 0.0344 -0.0052 0.9994 0.0385 -0.0039 0.9993 0.0444 -0.0023 0.9990 0.0511 -0.0001 0.9987 0.0577 0.0029 0.9983 0.0631 0.0067 0.9980 0.0666 0.0111 0.9977 0.0673 0.0158 0.9976 0.0650 0.0204 0.9977 0.0593 0.0245 0.9979 0.0506 0.0277 0.9983 0.0393 0.0298 0.9988 0.0260 0.0305 0.9992 0.0117 0.0299 0.9995 -0.0030 0.0281 0.9996 -0.0172 0.0256 0.9995 -0.0304 0.0225 0.9993 -0.0423 0.0194 0.9989 -0.0527 0.0166 0.9985 -0.0615 0.0144 0.9980 -0.0689 0.0130 0.9975 -0.0748 0.0125 0.9971 -0.0793 0.0129 0.9968 -0.1149 0.0365 0.9927 -0.1944 0.1035 0.9755 -0.2758 0.1632 0.9472 -0.3424 0.2102 0.9157 -0.3986 0.2481 0.8829 -0.4467 0.2787 0.8502 -0.4879 0.3035 0.8185 -0.5235 0.3235 0.7882 -0.5546 0.3395 0.7597 -0.5820 0.3522 0.7330 -0.6064 0.3621 0.7079 -0.6284 0.3696 0.6845 -0.6486 0.3750 0.6624 -0.6672 0.3786 0.6414 -0.6847 0.3806 0.6215 -0.6914 0.3863 0.6105 0.7167 0.3319 0.6133 0.7067 0.3244 0.6287 0.6808 0.3222 0.6578 0.6514 0.3187 0.6885 0.6183 0.3134 0.7208 0.5810 0.3059 0.7542 0.5393 0.2956 0.7885 0.4927 0.2820 0.8232 0.4410 0.2644 0.8577 0.3836 0.2421 0.8912 0.3201 0.2140 0.9229 0.2497 0.1791 0.9516 0.1711 0.1359 0.9758 0.0813 0.0815 0.9933 -0.0129 0.0133 0.9998 -0.0626 -0.0195 0.9979 -0.0688 -0.0206 0.9974 -0.0741 -0.0236 0.9970 -0.0808 -0.0290 0.9963 -0.0879 -0.0368 0.9954 -0.0941 -0.0472 0.9944 -0.0977 -0.0597 0.9934 -0.0968 -0.0738 0.9926 -0.0898 -0.0883 0.9920 -0.0760 -0.1022 0.9919 -0.0552 -0.1142 0.9919 -0.0286 -0.1229 0.9920 0.0017 -0.1273 0.9919 0.0328 -0.1270 0.9914 0.0616 -0.1219 0.9906 0.0854 -0.1126 0.9900 0.1020 -0.1001 0.9897 0.1106 -0.0855 0.9902 0.1113 -0.0701 0.9913 0.1052 -0.0552 0.9929 0.0942 -0.0418 0.9947 0.0804 -0.0304 0.9963 0.0661 -0.0215 0.9976 0.0532 -0.0150 0.9985 0.0432 -0.0107 0.9990 0.0368 -0.0081 0.9993 0.0344 -0.0066 0.9994 0.0356 -0.0057 0.9994 0.0398 -0.0048 0.9992 0.0463 -0.0034 0.9989 0.0537 -0.0013 0.9986 0.0612 0.0017 0.9981 0.0673 0.0056 0.9977 0.0713 0.0102 0.9974 0.0722 0.0152 0.9973 0.0695 0.0201 0.9974 0.0631 0.0244 0.9977 0.0534 0.0279 0.9982 0.0407 0.0302 0.9987 0.0261 0.0310 0.9992 0.0105 0.0305 0.9995 -0.0052 0.0287 0.9996 -0.0201 0.0261 0.9995 -0.0336 0.0230 0.9992 -0.0453 0.0199 0.9988 -0.0552 0.0171 0.9983 -0.0633 0.0150 0.9979 -0.0698 0.0137 0.9975 -0.0747 0.0135 0.9971 -0.0784 0.0141 0.9968 -0.0834 0.0156 0.9964 -0.1313 0.0505 0.9901 -0.2192 0.1199 0.9683 -0.2983 0.1745 0.9384 -0.3635 0.2176 0.9058 -0.4185 0.2521 0.8725 -0.4654 0.2798 0.8397 -0.5057 0.3020 0.8081 -0.5406 0.3196 0.7782 -0.5712 0.3335 0.7500 -0.5982 0.3443 0.7236 -0.6225 0.3524 0.6988 -0.6445 0.3582 0.6755 -0.6648 0.3620 0.6535 -0.6836 0.3641 0.6325 -0.6910 0.3698 0.6211 0.7152 0.3118 0.6255 0.7046 0.3035 0.6415 0.6773 0.3003 0.6716 0.6462 0.2956 0.7035 0.6110 0.2890 0.7370 0.5712 0.2801 0.7715 0.5264 0.2682 0.8068 0.4761 0.2528 0.8423 0.4198 0.2331 0.8772 0.3570 0.2083 0.9106 0.2869 0.1774 0.9414 0.2084 0.1390 0.9681 0.1192 0.0911 0.9887 0.0168 0.0277 0.9995 -0.0505 -0.0180 0.9986 -0.0652 -0.0194 0.9977 -0.0704 -0.0195 0.9973 -0.0778 -0.0213 0.9967 -0.0868 -0.0252 0.9959 -0.0964 -0.0314 0.9948 -0.1049 -0.0400 0.9937 -0.1103 -0.0506 0.9926 -0.1104 -0.0626 0.9919 -0.1034 -0.0753 0.9918 -0.0884 -0.0874 0.9922 -0.0652 -0.0979 0.9931 -0.0350 -0.1055 0.9938 -0.0003 -0.1094 0.9940 0.0354 -0.1090 0.9934 0.0686 -0.1043 0.9922 0.0960 -0.0959 0.9908 0.1151 -0.0847 0.9897 0.1250 -0.0717 0.9896 0.1258 -0.0582 0.9904 0.1187 -0.0452 0.9919 0.1059 -0.0336 0.9938 0.0899 -0.0240 0.9957 0.0733 -0.0167 0.9972 0.0582 -0.0116 0.9982 0.0462 -0.0085 0.9989 0.0385 -0.0069 0.9992 0.0352 -0.0063 0.9994 0.0362 -0.0061 0.9993 0.0408 -0.0058 0.9992 0.0479 -0.0049 0.9988 0.0562 -0.0032 0.9984 0.0646 -0.0004 0.9979 0.0716 0.0032 0.9974 0.0761 0.0077 0.9971 0.0771 0.0126 0.9969 0.0742 0.0175 0.9971 0.0671 0.0219 0.9975 0.0563 0.0254 0.9981 0.0423 0.0278 0.9987 0.0263 0.0288 0.9992 0.0094 0.0284 0.9996 -0.0074 0.0268 0.9996 -0.0229 0.0244 0.9994 -0.0367 0.0215 0.9991 -0.0482 0.0186 0.9987 -0.0576 0.0161 0.9982 -0.0648 0.0144 0.9978 -0.0704 0.0135 0.9974 -0.0744 0.0137 0.9971 -0.0771 0.0148 0.9969 -0.0787 0.0167 0.9968 -0.0907 0.0220 0.9956 -0.1540 0.0721 0.9854 -0.2470 0.1376 0.9592 -0.3234 0.1865 0.9277 -0.3867 0.2251 0.8943 -0.4401 0.2559 0.8607 -0.4858 0.2803 0.8279 -0.5250 0.2996 0.7966 -0.5592 0.3146 0.7670 -0.5892 0.3262 0.7392 -0.6159 0.3349 0.7131 -0.6400 0.3410 0.6886 -0.6619 0.3451 0.6654 -0.6822 0.3473 0.6434 -0.6904 0.3529 0.6315 0.7130 0.2916 0.6376 0.7017 0.2827 0.6540 0.6729 0.2785 0.6853 0.6401 0.2727 0.7183 0.6027 0.2648 0.7528 0.5601 0.2545 0.7883 0.5120 0.2411 0.8245 0.4577 0.2240 0.8605 0.3965 0.2023 0.8955 0.3279 0.1752 0.9283 0.2506 0.1415 0.9577 0.1631 0.0997 0.9816 0.0594 0.0462 0.9972 -0.0282 -0.0122 0.9995 -0.0600 -0.0208 0.9980 -0.0641 -0.0184 0.9978 -0.0707 -0.0170 0.9974 -0.0798 -0.0171 0.9967 -0.0909 -0.0189 0.9957 -0.1027 -0.0227 0.9945 -0.1132 -0.0284 0.9932 -0.1202 -0.0358 0.9921 -0.1214 -0.0446 0.9916 -0.1146 -0.0540 0.9919 -0.0986 -0.0632 0.9931 -0.0734 -0.0711 0.9948 -0.0402 -0.0769 0.9962 -0.0019 -0.0798 0.9968 0.0378 -0.0793 0.9961 0.0747 -0.0754 0.9943 0.1050 -0.0687 0.9921 0.1262 -0.0598 0.9902 0.1370 -0.0497 0.9893 0.1377 -0.0393 0.9897 0.1297 -0.0295 0.9911 0.1153 -0.0210 0.9931 0.0973 -0.0143 0.9952 0.0785 -0.0095 0.9969 0.0614 -0.0065 0.9981 0.0479 -0.0052 0.9988 0.0390 -0.0051 0.9992 0.0352 -0.0058 0.9994 0.0361 -0.0066 0.9993 0.0410 -0.0072 0.9991 0.0489 -0.0071 0.9988 0.0582 -0.0060 0.9983 0.0676 -0.0039 0.9977 0.0754 -0.0009 0.9971 0.0806 0.0030 0.9967 0.0819 0.0074 0.9966 0.0787 0.0119 0.9968 0.0711 0.0161 0.9973 0.0592 0.0195 0.9981 0.0440 0.0218 0.9988 0.0267 0.0229 0.9994 0.0085 0.0228 0.9997 -0.0092 0.0216 0.9997 -0.0254 0.0197 0.9995 -0.0393 0.0174 0.9991 -0.0507 0.0152 0.9986 -0.0594 0.0134 0.9981 -0.0659 0.0123 0.9978 -0.0704 0.0121 0.9974 -0.0735 0.0129 0.9972 -0.0753 0.0147 0.9970 -0.0762 0.0172 0.9969 -0.0760 0.0203 0.9969 -0.1044 0.0354 0.9939 -0.1857 0.0990 0.9776 -0.2777 0.1550 0.9481 -0.3509 0.1980 0.9152 -0.4120 0.2318 0.8812 -0.4636 0.2584 0.8475 -0.5078 0.2793 0.8149 -0.5459 0.2956 0.7840 -0.5792 0.3079 0.7548 -0.6086 0.3171 0.7273 -0.6349 0.3236 0.7015 -0.6588 0.3278 0.6772 -0.6806 0.3301 0.6541 -0.6895 0.3357 0.6418 0.7101 0.2716 0.6496 0.6980 0.2621 0.6664 0.6678 0.2569 0.6987 0.6330 0.2500 0.7327 0.5933 0.2410 0.7681 0.5479 0.2294 0.8045 0.4962 0.2146 0.8413 0.4376 0.1958 0.8776 0.3713 0.1723 0.9124 0.2964 0.1431 0.9443 0.2114 0.1069 0.9715 0.1129 0.0615 0.9917 0.0068 0.0015 1.0000 -0.0503 -0.0242 0.9984 -0.0567 -0.0201 0.9982 -0.0615 -0.0164 0.9980 -0.0692 -0.0133 0.9975 -0.0797 -0.0112 0.9968 -0.0924 -0.0103 0.9957 -0.1059 -0.0109 0.9943 -0.1181 -0.0128 0.9929 -0.1264 -0.0161 0.9918 -0.1285 -0.0205 0.9915 -0.1220 -0.0255 0.9922 -0.1055 -0.0305 0.9940 -0.0789 -0.0349 0.9963 -0.0437 -0.0381 0.9983 -0.0027 -0.0396 0.9992 0.0398 -0.0390 0.9984 0.0792 -0.0364 0.9962 0.1116 -0.0320 0.9932 0.1341 -0.0265 0.9906 0.1454 -0.0204 0.9892 0.1458 -0.0143 0.9892 0.1369 -0.0089 0.9905 0.1211 -0.0046 0.9926 0.1015 -0.0016 0.9948 0.0810 -0.0001 0.9967 0.0624 0.0000 0.9981 0.0476 -0.0010 0.9989 0.0380 -0.0028 0.9993 0.0338 -0.0050 0.9994 0.0348 -0.0072 0.9994 0.0403 -0.0089 0.9991 0.0490 -0.0099 0.9988 0.0593 -0.0100 0.9982 0.0697 -0.0089 0.9975 0.0785 -0.0069 0.9969 0.0843 -0.0040 0.9964 0.0860 -0.0005 0.9963 0.0828 0.0032 0.9966 0.0746 0.0067 0.9972 0.0620 0.0097 0.9980 0.0458 0.0118 0.9989 0.0273 0.0131 0.9995 0.0080 0.0134 0.9999 -0.0105 0.0128 0.9999 -0.0272 0.0117 0.9996 -0.0412 0.0104 0.9991 -0.0522 0.0093 0.9986 -0.0604 0.0086 0.9981 -0.0661 0.0086 0.9978 -0.0697 0.0095 0.9975 -0.0719 0.0112 0.9974 -0.0729 0.0137 0.9972 -0.0731 0.0170 0.9972 -0.0725 0.0207 0.9972 -0.0751 0.0247 0.9969 -0.1283 0.0582 0.9900 -0.2256 0.1230 0.9664 -0.3111 0.1708 0.9349 -0.3809 0.2077 0.9010 -0.4393 0.2366 0.8666 -0.4890 0.2590 0.8330 -0.5315 0.2763 0.8007 -0.5684 0.2894 0.7702 -0.6007 0.2991 0.7414 -0.6295 0.3059 0.7143 -0.6553 0.3102 0.6887 -0.6787 0.3126 0.6645 -0.6885 0.3181 0.6518 0.7066 0.2516 0.6613 0.6937 0.2416 0.6785 0.6618 0.2356 0.7117 0.6251 0.2278 0.7466 0.5829 0.2178 0.7828 0.5345 0.2050 0.8199 0.4791 0.1889 0.8572 0.4161 0.1688 0.8935 0.3444 0.1437 0.9277 0.2629 0.1126 0.9582 0.1692 0.0740 0.9828 0.0575 0.0244 0.9980 -0.0267 -0.0248 0.9993 -0.0498 -0.0239 0.9985 -0.0522 -0.0188 0.9985 -0.0573 -0.0136 0.9983 -0.0656 -0.0087 0.9978 -0.0769 -0.0041 0.9970 -0.0906 -0.0002 0.9959 -0.1052 0.0030 0.9944 -0.1185 0.0055 0.9929 -0.1279 0.0071 0.9918 -0.1307 0.0079 0.9914 -0.1245 0.0082 0.9922 -0.1080 0.0081 0.9941 -0.0810 0.0080 0.9967 -0.0449 0.0079 0.9990 -0.0027 0.0082 1.0000 0.0410 0.0088 0.9991 0.0817 0.0099 0.9966 0.1149 0.0112 0.9933 0.1378 0.0127 0.9904 0.1491 0.0140 0.9887 0.1490 0.0149 0.9887 0.1394 0.0151 0.9901 0.1226 0.0146 0.9924 0.1018 0.0131 0.9947 0.0801 0.0107 0.9967 0.0605 0.0076 0.9981 0.0451 0.0039 0.9990 0.0350 -0.0001 0.9994 0.0308 -0.0042 0.9995 0.0322 -0.0079 0.9995 0.0383 -0.0111 0.9992 0.0478 -0.0135 0.9988 0.0592 -0.0149 0.9981 0.0706 -0.0153 0.9974 0.0803 -0.0147 0.9967 0.0869 -0.0133 0.9961 0.0890 -0.0112 0.9960 0.0859 -0.0088 0.9963 0.0775 -0.0062 0.9970 0.0644 -0.0039 0.9979 0.0474 -0.0020 0.9989 0.0282 -0.0007 0.9996 0.0082 0.0001 1.0000 -0.0109 0.0005 0.9999 -0.0278 0.0006 0.9996 -0.0418 0.0007 0.9991 -0.0525 0.0010 0.9986 -0.0601 0.0018 0.9982 -0.0650 0.0033 0.9979 -0.0679 0.0055 0.9977 -0.0692 0.0084 0.9976 -0.0696 0.0120 0.9975 -0.0692 0.0161 0.9975 -0.0683 0.0205 0.9975 -0.0668 0.0251 0.9974 -0.0871 0.0336 0.9956 -0.1661 0.0903 0.9820 -0.2670 0.1437 0.9529 -0.3469 0.1838 0.9197 -0.4130 0.2148 0.8850 -0.4686 0.2387 0.8505 -0.5160 0.2570 0.8171 -0.5568 0.2708 0.7853 -0.5923 0.2809 0.7552 -0.6236 0.2879 0.7268 -0.6515 0.2924 0.7000 -0.6767 0.2947 0.6747 -0.6873 0.3001 0.6615 0.7026 0.2319 0.6727 0.6888 0.2216 0.6902 0.6552 0.2148 0.7242 0.6164 0.2061 0.7600 0.5717 0.1952 0.7969 0.5201 0.1815 0.8346 0.4610 0.1644 0.8720 0.3934 0.1431 0.9082 0.3161 0.1167 0.9415 0.2274 0.0841 0.9702 0.1235 0.0432 0.9914 0.0137 -0.0112 0.9998 -0.0415 -0.0288 0.9987 -0.0443 -0.0232 0.9987 -0.0465 -0.0170 0.9988 -0.0515 -0.0105 0.9986 -0.0597 -0.0036 0.9982 -0.0712 0.0035 0.9975 -0.0853 0.0107 0.9963 -0.1003 0.0178 0.9948 -0.1141 0.0249 0.9932 -0.1240 0.0317 0.9918 -0.1273 0.0381 0.9911 -0.1217 0.0440 0.9916 -0.1057 0.0491 0.9932 -0.0791 0.0535 0.9954 -0.0435 0.0568 0.9974 -0.0018 0.0589 0.9983 0.0415 0.0596 0.9974 0.0816 0.0590 0.9949 0.1143 0.0571 0.9918 0.1367 0.0542 0.9891 0.1474 0.0503 0.9878 0.1468 0.0457 0.9881 0.1364 0.0405 0.9898 0.1190 0.0347 0.9923 0.0976 0.0285 0.9948 0.0755 0.0220 0.9969 0.0555 0.0154 0.9983 0.0399 0.0089 0.9992 0.0299 0.0025 0.9995 0.0260 -0.0034 0.9997 0.0279 -0.0089 0.9996 0.0347 -0.0137 0.9993 0.0451 -0.0176 0.9988 0.0575 -0.0207 0.9981 0.0698 -0.0229 0.9973 0.0805 -0.0241 0.9965 0.0878 -0.0244 0.9958 0.0904 -0.0241 0.9956 0.0877 -0.0232 0.9959 0.0795 -0.0220 0.9966 0.0662 -0.0205 0.9976 0.0490 -0.0190 0.9986 0.0294 -0.0176 0.9994 0.0092 -0.0162 0.9998 -0.0100 -0.0147 0.9998 -0.0270 -0.0132 0.9995 -0.0407 -0.0114 0.9991 -0.0511 -0.0092 0.9987 -0.0581 -0.0065 0.9983 -0.0624 -0.0033 0.9980 -0.0646 0.0005 0.9979 -0.0654 0.0048 0.9978 -0.0653 0.0095 0.9978 -0.0646 0.0146 0.9978 -0.0635 0.0198 0.9978 -0.0620 0.0249 0.9978 -0.0627 0.0299 0.9976 -0.1155 0.0569 0.9917 -0.2179 0.1170 0.9689 -0.3101 0.1603 0.9371 -0.3847 0.1932 0.9026 -0.4469 0.2185 0.8675 -0.4995 0.2376 0.8331 -0.5445 0.2520 0.8000 -0.5834 0.2624 0.7686 -0.6174 0.2696 0.7390 -0.6476 0.2742 0.7110 -0.6745 0.2765 0.6845 -0.6859 0.2818 0.6709 0.6981 0.2126 0.6837 0.6834 0.2019 0.7015 0.6481 0.1945 0.7363 0.6071 0.1852 0.7727 0.5597 0.1736 0.8103 0.5050 0.1591 0.8483 0.4420 0.1412 0.8858 0.3697 0.1190 0.9215 0.2865 0.0917 0.9537 0.1901 0.0578 0.9801 0.0741 0.0146 0.9971 -0.0149 -0.0311 0.9994 -0.0387 -0.0284 0.9988 -0.0380 -0.0221 0.9990 -0.0396 -0.0151 0.9991 -0.0440 -0.0072 0.9990 -0.0517 0.0014 0.9987 -0.0627 0.0109 0.9980 -0.0763 0.0211 0.9969 -0.0910 0.0321 0.9953 -0.1047 0.0436 0.9936 -0.1146 0.0553 0.9919 -0.1183 0.0671 0.9907 -0.1134 0.0783 0.9905 -0.0984 0.0885 0.9912 -0.0733 0.0971 0.9926 -0.0395 0.1035 0.9938 0.0001 0.1073 0.9942 0.0411 0.1081 0.9933 0.0791 0.1059 0.9912 0.1099 0.1010 0.9888 0.1307 0.0939 0.9870 0.1403 0.0852 0.9864 0.1389 0.0753 0.9874 0.1281 0.0647 0.9896 0.1104 0.0539 0.9924 0.0890 0.0432 0.9951 0.0670 0.0328 0.9972 0.0474 0.0229 0.9986 0.0322 0.0136 0.9994 0.0227 0.0050 0.9997 0.0194 -0.0029 0.9998 0.0220 -0.0100 0.9997 0.0295 -0.0164 0.9994 0.0408 -0.0221 0.9989 0.0539 -0.0269 0.9982 0.0672 -0.0310 0.9973 0.0787 -0.0342 0.9963 0.0868 -0.0366 0.9956 0.0901 -0.0383 0.9952 0.0880 -0.0392 0.9954 0.0802 -0.0394 0.9960 0.0673 -0.0390 0.9970 0.0504 -0.0380 0.9980 0.0311 -0.0364 0.9989 0.0111 -0.0343 0.9993 -0.0079 -0.0317 0.9995 -0.0244 -0.0285 0.9993 -0.0378 -0.0248 0.9990 -0.0477 -0.0206 0.9986 -0.0542 -0.0159 0.9984 -0.0580 -0.0108 0.9983 -0.0598 -0.0053 0.9982 -0.0602 0.0005 0.9982 -0.0598 0.0065 0.9982 -0.0590 0.0126 0.9982 -0.0580 0.0185 0.9981 -0.0567 0.0243 0.9981 -0.0550 0.0297 0.9980 -0.0781 0.0373 0.9963 -0.1636 0.0906 0.9824 -0.2705 0.1374 0.9529 -0.3546 0.1721 0.9190 -0.4240 0.1984 0.8837 -0.4822 0.2183 0.8484 -0.5316 0.2331 0.8143 -0.5741 0.2438 0.7817 -0.6110 0.2511 0.7508 -0.6434 0.2557 0.7216 -0.6721 0.2581 0.6940 -0.6845 0.2632 0.6799 0.6932 0.1935 0.6943 0.6776 0.1828 0.7123 0.6405 0.1749 0.7478 0.5974 0.1651 0.7848 0.5473 0.1530 0.8228 0.4894 0.1381 0.8611 0.4225 0.1196 0.8984 0.3453 0.0969 0.9335 0.2560 0.0690 0.9642 0.1510 0.0342 0.9879 0.0344 -0.0125 0.9993 -0.0293 -0.0333 0.9990 -0.0326 -0.0276 0.9991 -0.0311 -0.0209 0.9993 -0.0316 -0.0131 0.9994 -0.0350 -0.0042 0.9994 -0.0417 0.0059 0.9991 -0.0516 0.0174 0.9985 -0.0641 0.0302 0.9975 -0.0778 0.0444 0.9960 -0.0907 0.0598 0.9941 -0.1004 0.0758 0.9921 -0.1042 0.0921 0.9903 -0.1000 0.1079 0.9891 -0.0866 0.1223 0.9887 -0.0639 0.1345 0.9889 -0.0331 0.1435 0.9891 0.0028 0.1487 0.9889 0.0400 0.1495 0.9879 0.0744 0.1460 0.9865 0.1020 0.1386 0.9851 0.1204 0.1280 0.9844 0.1283 0.1151 0.9850 0.1259 0.1007 0.9869 0.1147 0.0856 0.9897 0.0972 0.0705 0.9928 0.0763 0.0558 0.9955 0.0551 0.0419 0.9976 0.0363 0.0292 0.9989 0.0221 0.0175 0.9996 0.0135 0.0070 0.9999 0.0110 -0.0026 0.9999 0.0144 -0.0113 0.9998 0.0227 -0.0192 0.9996 0.0346 -0.0265 0.9991 0.0485 -0.0331 0.9983 0.0625 -0.0391 0.9973 0.0748 -0.0443 0.9962 0.0837 -0.0488 0.9953 0.0878 -0.0525 0.9948 0.0865 -0.0553 0.9947 0.0796 -0.0571 0.9952 0.0676 -0.0577 0.9960 0.0515 -0.0573 0.9970 0.0331 -0.0556 0.9979 0.0139 -0.0529 0.9985 -0.0042 -0.0490 0.9988 -0.0201 -0.0442 0.9988 -0.0328 -0.0386 0.9987 -0.0422 -0.0323 0.9986 -0.0483 -0.0256 0.9985 -0.0518 -0.0185 0.9985 -0.0533 -0.0112 0.9985 -0.0536 -0.0039 0.9986 -0.0533 0.0033 0.9986 -0.0526 0.0103 0.9986 -0.0519 0.0169 0.9985 -0.0509 0.0232 0.9984 -0.0496 0.0289 0.9983 -0.0538 0.0341 0.9980 -0.1171 0.0638 0.9911 -0.2281 0.1153 0.9668 -0.3230 0.1516 0.9342 -0.4001 0.1788 0.8989 -0.4642 0.1991 0.8630 -0.5183 0.2142 0.8279 -0.5645 0.2250 0.7942 -0.6044 0.2324 0.7621 -0.6391 0.2370 0.7317 -0.6697 0.2393 0.7030 -0.6829 0.2442 0.6885 0.6880 0.1749 0.7043 0.6715 0.1643 0.7226 0.6326 0.1561 0.7586 0.5873 0.1460 0.7961 0.5346 0.1337 0.8344 0.4735 0.1185 0.8728 0.4026 0.0998 0.9099 0.3206 0.0770 0.9441 0.2250 0.0488 0.9731 0.1093 0.0134 0.9939 0.0063 -0.0313 0.9995 -0.0299 -0.0324 0.9990 -0.0262 -0.0265 0.9993 -0.0236 -0.0195 0.9995 -0.0229 -0.0113 0.9997 -0.0250 -0.0017 0.9997 -0.0301 0.0094 0.9995 -0.0384 0.0224 0.9990 -0.0492 0.0372 0.9981 -0.0614 0.0538 0.9967 -0.0731 0.0720 0.9947 -0.0821 0.0913 0.9924 -0.0859 0.1110 0.9901 -0.0827 0.1301 0.9880 -0.0713 0.1477 0.9865 -0.0516 0.1625 0.9854 -0.0250 0.1734 0.9845 0.0062 0.1795 0.9837 0.0384 0.1804 0.9829 0.0679 0.1759 0.9821 0.0915 0.1668 0.9817 0.1067 0.1536 0.9823 0.1124 0.1376 0.9841 0.1088 0.1199 0.9868 0.0974 0.1013 0.9901 0.0802 0.0828 0.9933 0.0603 0.0651 0.9961 0.0403 0.0487 0.9980 0.0229 0.0338 0.9992 0.0100 0.0204 0.9997 0.0026 0.0084 1.0000 0.0011 -0.0025 1.0000 0.0053 -0.0124 0.9999 0.0143 -0.0217 0.9997 0.0268 -0.0304 0.9992 0.0413 -0.0386 0.9984 0.0559 -0.0464 0.9974 0.0688 -0.0535 0.9962 0.0785 -0.0600 0.9951 0.0836 -0.0656 0.9943 0.0834 -0.0701 0.9940 0.0777 -0.0733 0.9943 0.0670 -0.0751 0.9949 0.0525 -0.0751 0.9958 0.0355 -0.0734 0.9967 0.0177 -0.0701 0.9974 0.0008 -0.0651 0.9979 -0.0140 -0.0588 0.9982 -0.0259 -0.0514 0.9983 -0.0347 -0.0432 0.9985 -0.0404 -0.0346 0.9986 -0.0437 -0.0257 0.9987 -0.0453 -0.0169 0.9988 -0.0457 -0.0083 0.9989 -0.0457 0.0000 0.9990 -0.0454 0.0078 0.9989 -0.0451 0.0151 0.9989 -0.0447 0.0218 0.9988 -0.0441 0.0278 0.9986 -0.0429 0.0331 0.9985 -0.0811 0.0436 0.9958 -0.1820 0.0943 0.9788 -0.2903 0.1318 0.9478 -0.3755 0.1595 0.9130 -0.4458 0.1802 0.8768 -0.5048 0.1953 0.8409 -0.5548 0.2061 0.8061 -0.5976 0.2134 0.7728 -0.6347 0.2180 0.7414 -0.6672 0.2203 0.7116 -0.6813 0.2250 0.6966 0.6827 0.1568 0.7137 0.6653 0.1464 0.7321 0.6246 0.1381 0.7686 0.5772 0.1279 0.8065 0.5219 0.1156 0.8451 0.4576 0.1004 0.8835 0.3828 0.0819 0.9202 0.2959 0.0593 0.9534 0.1937 0.0314 0.9806 0.0712 -0.0045 0.9974 -0.0115 -0.0359 0.9993 -0.0245 -0.0311 0.9992 -0.0197 -0.0252 0.9995 -0.0159 -0.0182 0.9997 -0.0138 -0.0098 0.9999 -0.0143 0.0001 0.9999 -0.0176 0.0118 0.9998 -0.0238 0.0255 0.9994 -0.0326 0.0414 0.9986 -0.0429 0.0594 0.9973 -0.0530 0.0793 0.9954 -0.0610 0.1005 0.9931 -0.0648 0.1223 0.9904 -0.0627 0.1436 0.9877 -0.0536 0.1630 0.9852 -0.0375 0.1793 0.9831 -0.0156 0.1913 0.9814 0.0100 0.1980 0.9802 0.0364 0.1988 0.9794 0.0604 0.1939 0.9792 0.0792 0.1837 0.9798 0.0907 0.1691 0.9814 0.0938 0.1512 0.9840 0.0889 0.1313 0.9873 0.0772 0.1106 0.9909 0.0606 0.0901 0.9941 0.0419 0.0706 0.9966 0.0236 0.0526 0.9983 0.0080 0.0364 0.9993 -0.0034 0.0220 0.9998 -0.0094 0.0092 0.9999 -0.0098 -0.0025 0.9999 -0.0049 -0.0133 0.9999 0.0047 -0.0235 0.9997 0.0176 -0.0334 0.9993 0.0325 -0.0430 0.9985 0.0475 -0.0522 0.9975 0.0610 -0.0610 0.9963 0.0714 -0.0691 0.9950 0.0776 -0.0764 0.9941 0.0787 -0.0824 0.9935 0.0746 -0.0869 0.9934 0.0658 -0.0895 0.9938 0.0532 -0.0900 0.9945 0.0382 -0.0883 0.9954 0.0223 -0.0845 0.9962 0.0071 -0.0787 0.9969 -0.0064 -0.0711 0.9974 -0.0173 -0.0622 0.9979 -0.0253 -0.0525 0.9983 -0.0308 -0.0423 0.9986 -0.0341 -0.0320 0.9989 -0.0359 -0.0218 0.9991 -0.0367 -0.0121 0.9993 -0.0372 -0.0030 0.9993 -0.0376 0.0054 0.9993 -0.0380 0.0131 0.9992 -0.0383 0.0201 0.9991 -0.0383 0.0262 0.9989 -0.0379 0.0316 0.9988 -0.0548 0.0361 0.9978 -0.1388 0.0744 0.9875 -0.2567 0.1131 0.9599 -0.3506 0.1409 0.9259 -0.4273 0.1615 0.8896 -0.4912 0.1765 0.8530 -0.5450 0.1872 0.8173 -0.5909 0.1944 0.7830 -0.6304 0.1988 0.7504 -0.6646 0.2010 0.7196 -0.6796 0.2055 0.7042 0.6773 0.1391 0.7225 0.6590 0.1291 0.7410 0.6166 0.1209 0.7779 0.5671 0.1109 0.8161 0.5093 0.0988 0.8549 0.4419 0.0840 0.8931 0.3634 0.0661 0.9293 0.2716 0.0441 0.9614 0.1623 0.0168 0.9866 0.0419 -0.0197 0.9989 -0.0203 -0.0340 0.9992 -0.0192 -0.0294 0.9994 -0.0133 -0.0237 0.9996 -0.0082 -0.0168 0.9998 -0.0047 -0.0086 1.0000 -0.0034 0.0012 1.0000 -0.0047 0.0128 0.9999 -0.0088 0.0266 0.9996 -0.0153 0.0427 0.9990 -0.0234 0.0611 0.9979 -0.0317 0.0815 0.9962 -0.0386 0.1033 0.9939 -0.0423 0.1258 0.9911 -0.0413 0.1478 0.9882 -0.0347 0.1678 0.9852 -0.0225 0.1846 0.9825 -0.0057 0.1970 0.9804 0.0141 0.2038 0.9789 0.0343 0.2047 0.9782 0.0525 0.1996 0.9785 0.0661 0.1891 0.9797 0.0735 0.1740 0.9820 0.0739 0.1555 0.9851 0.0675 0.1348 0.9886 0.0555 0.1133 0.9920 0.0398 0.0921 0.9950 0.0225 0.0719 0.9972 0.0060 0.0534 0.9986 -0.0077 0.0370 0.9993 -0.0173 0.0225 0.9996 -0.0219 0.0096 0.9997 -0.0213 -0.0022 0.9998 -0.0158 -0.0134 0.9998 -0.0058 -0.0243 0.9997 0.0074 -0.0350 0.9994 0.0224 -0.0456 0.9987 0.0378 -0.0561 0.9977 0.0517 -0.0661 0.9965 0.0629 -0.0755 0.9952 0.0702 -0.0841 0.9940 0.0727 -0.0913 0.9932 0.0705 -0.0967 0.9928 0.0639 -0.1000 0.9929 0.0536 -0.1009 0.9934 0.0411 -0.0993 0.9942 0.0275 -0.0951 0.9951 0.0143 -0.0887 0.9960 0.0025 -0.0802 0.9968 -0.0072 -0.0703 0.9975 -0.0146 -0.0594 0.9981 -0.0198 -0.0481 0.9986 -0.0233 -0.0367 0.9991 -0.0255 -0.0257 0.9993 -0.0269 -0.0152 0.9995 -0.0281 -0.0056 0.9996 -0.0293 0.0032 0.9996 -0.0305 0.0111 0.9995 -0.0317 0.0182 0.9993 -0.0326 0.0243 0.9992 -0.0330 0.0296 0.9990 -0.0376 0.0341 0.9987 -0.1037 0.0556 0.9931 -0.2226 0.0955 0.9702 -0.3258 0.1230 0.9374 -0.4090 0.1432 0.9012 -0.4778 0.1578 0.8642 -0.5355 0.1682 0.8276 -0.5843 0.1751 0.7924 -0.6261 0.1794 0.7588 -0.6622 0.1815 0.7270 -0.6780 0.1857 0.7113 0.6720 0.1220 0.7305 0.6529 0.1126 0.7491 0.6089 0.1046 0.7863 0.5574 0.0951 0.8248 0.4972 0.0834 0.8636 0.4268 0.0693 0.9017 0.3447 0.0522 0.9373 0.2482 0.0312 0.9682 0.1309 0.0051 0.9914 0.0203 -0.0302 0.9993 -0.0212 -0.0317 0.9993 -0.0142 -0.0273 0.9995 -0.0072 -0.0220 0.9997 -0.0008 -0.0155 0.9999 0.0042 -0.0078 1.0000 0.0072 0.0015 1.0000 0.0079 0.0126 0.9999 0.0061 0.0258 0.9996 0.0019 0.0413 0.9991 -0.0040 0.0590 0.9982 -0.0104 0.0788 0.9968 -0.0162 0.1001 0.9949 -0.0197 0.1220 0.9923 -0.0199 0.1433 0.9895 -0.0158 0.1629 0.9865 -0.0075 0.1793 0.9838 0.0043 0.1914 0.9815 0.0182 0.1981 0.9800 0.0323 0.1990 0.9795 0.0445 0.1941 0.9800 0.0530 0.1839 0.9815 0.0563 0.1692 0.9840 0.0539 0.1510 0.9871 0.0460 0.1308 0.9903 0.0338 0.1097 0.9934 0.0188 0.0888 0.9959 0.0031 0.0690 0.9976 -0.0114 0.0510 0.9986 -0.0231 0.0353 0.9991 -0.0308 0.0218 0.9993 -0.0341 0.0100 0.9994 -0.0328 -0.0010 0.9995 -0.0269 -0.0119 0.9996 -0.0170 -0.0231 0.9996 -0.0038 -0.0346 0.9994 0.0114 -0.0462 0.9989 0.0269 -0.0575 0.9980 0.0414 -0.0685 0.9968 0.0533 -0.0789 0.9955 0.0617 -0.0883 0.9942 0.0659 -0.0962 0.9932 0.0657 -0.1023 0.9926 0.0615 -0.1062 0.9924 0.0539 -0.1074 0.9928 0.0440 -0.1059 0.9934 0.0331 -0.1016 0.9943 0.0221 -0.0948 0.9953 0.0121 -0.0858 0.9962 0.0036 -0.0753 0.9972 -0.0030 -0.0638 0.9980 -0.0080 -0.0518 0.9986 -0.0117 -0.0399 0.9991 -0.0144 -0.0284 0.9995 -0.0167 -0.0176 0.9997 -0.0188 -0.0077 0.9998 -0.0209 0.0012 0.9998 -0.0230 0.0091 0.9997 -0.0251 0.0161 0.9996 -0.0269 0.0221 0.9994 -0.0281 0.0273 0.9992 -0.0286 0.0316 0.9991 -0.0760 0.0400 0.9963 -0.1881 0.0792 0.9790 -0.3015 0.1060 0.9476 -0.3911 0.1254 0.9118 -0.4648 0.1394 0.8744 -0.5262 0.1492 0.8372 -0.5779 0.1558 0.8011 -0.6220 0.1598 0.7666 -0.6597 0.1618 0.7339 -0.6764 0.1656 0.7177 0.6669 0.1053 0.7377 0.6470 0.0967 0.7563 0.6015 0.0892 0.7939 0.5482 0.0803 0.8325 0.4857 0.0694 0.8714 0.4126 0.0563 0.9092 0.3270 0.0404 0.9441 0.2259 0.0209 0.9739 0.1015 -0.0037 0.9948 0.0051 -0.0321 0.9995 -0.0174 -0.0289 0.9994 -0.0095 -0.0250 0.9996 -0.0015 -0.0201 0.9998 0.0060 -0.0143 0.9999 0.0124 -0.0072 0.9999 0.0171 0.0012 0.9999 0.0196 0.0114 0.9997 0.0199 0.0234 0.9995 0.0180 0.0376 0.9991 0.0143 0.0538 0.9984 0.0096 0.0720 0.9974 0.0050 0.0916 0.9958 0.0016 0.1118 0.9937 0.0005 0.1317 0.9913 0.0021 0.1498 0.9887 0.0068 0.1651 0.9863 0.0138 0.1764 0.9842 0.0223 0.1827 0.9829 0.0305 0.1837 0.9825 0.0371 0.1793 0.9831 0.0406 0.1698 0.9846 0.0399 0.1562 0.9869 0.0348 0.1393 0.9896 0.0255 0.1204 0.9924 0.0129 0.1004 0.9949 -0.0013 0.0806 0.9967 -0.0154 0.0618 0.9980 -0.0277 0.0452 0.9986 -0.0369 0.0313 0.9988 -0.0426 0.0202 0.9989 -0.0447 0.0110 0.9989 -0.0432 0.0021 0.9991 -0.0379 -0.0078 0.9993 -0.0286 -0.0191 0.9994 -0.0157 -0.0314 0.9994 -0.0006 -0.0441 0.9990 0.0153 -0.0565 0.9983 0.0303 -0.0682 0.9972 0.0430 -0.0792 0.9959 0.0526 -0.0891 0.9946 0.0585 -0.0975 0.9935 0.0605 -0.1040 0.9927 0.0588 -0.1082 0.9924 0.0540 -0.1096 0.9925 0.0470 -0.1082 0.9930 0.0387 -0.1040 0.9938 0.0302 -0.0971 0.9948 0.0221 -0.0881 0.9959 0.0149 -0.0774 0.9969 0.0090 -0.0657 0.9978 0.0042 -0.0536 0.9986 0.0002 -0.0415 0.9991 -0.0031 -0.0299 0.9995 -0.0063 -0.0192 0.9998 -0.0093 -0.0093 0.9999 -0.0125 -0.0006 0.9999 -0.0157 0.0071 0.9999 -0.0187 0.0138 0.9997 -0.0214 0.0196 0.9996 -0.0235 0.0245 0.9994 -0.0248 0.0286 0.9993 -0.0550 0.0318 0.9980 -0.1555 0.0643 0.9857 -0.2782 0.0898 0.9563 -0.3741 0.1080 0.9211 -0.4525 0.1211 0.8835 -0.5174 0.1303 0.8457 -0.5719 0.1364 0.8089 -0.6181 0.1401 0.7735 -0.6575 0.1420 0.7400 -0.6748 0.1454 0.7235 0.6622 0.0892 0.7440 0.6416 0.0815 0.7627 0.5947 0.0747 0.8005 0.5397 0.0665 0.8392 0.4752 0.0567 0.8781 0.3996 0.0448 0.9156 0.3109 0.0304 0.9500 0.2053 0.0128 0.9786 0.0782 -0.0098 0.9969 -0.0049 -0.0286 0.9996 -0.0141 -0.0258 0.9996 -0.0054 -0.0223 0.9997 0.0035 -0.0181 0.9998 0.0121 -0.0130 0.9998 0.0196 -0.0069 0.9998 0.0258 0.0005 0.9997 0.0301 0.0092 0.9995 0.0323 0.0197 0.9993 0.0323 0.0320 0.9990 0.0306 0.0461 0.9985 0.0275 0.0620 0.9977 0.0240 0.0792 0.9966 0.0208 0.0969 0.9951 0.0188 0.1144 0.9933 0.0184 0.1305 0.9913 0.0198 0.1442 0.9894 0.0226 0.1543 0.9878 0.0260 0.1600 0.9868 0.0291 0.1611 0.9865 0.0306 0.1573 0.9871 0.0295 0.1491 0.9884 0.0252 0.1371 0.9902 0.0175 0.1221 0.9924 0.0066 0.1050 0.9945 -0.0064 0.0867 0.9962 -0.0201 0.0681 0.9975 -0.0325 0.0506 0.9982 -0.0420 0.0357 0.9985 -0.0480 0.0246 0.9985 -0.0511 0.0176 0.9985 -0.0522 0.0129 0.9986 -0.0515 0.0078 0.9986 -0.0481 -0.0000 0.9988 -0.0406 -0.0112 0.9991 -0.0288 -0.0248 0.9993 -0.0137 -0.0391 0.9991 0.0027 -0.0528 0.9986 0.0185 -0.0655 0.9977 0.0323 -0.0770 0.9965 0.0433 -0.0871 0.9953 0.0508 -0.0957 0.9941 0.0550 -0.1024 0.9932 0.0559 -0.1068 0.9927 0.0539 -0.1084 0.9926 0.0498 -0.1072 0.9930 0.0443 -0.1032 0.9937 0.0382 -0.0966 0.9946 0.0320 -0.0878 0.9956 0.0262 -0.0773 0.9967 0.0209 -0.0658 0.9976 0.0163 -0.0539 0.9984 0.0120 -0.0420 0.9990 0.0080 -0.0307 0.9995 0.0039 -0.0202 0.9998 -0.0002 -0.0107 0.9999 -0.0044 -0.0023 1.0000 -0.0086 0.0050 1.0000 -0.0126 0.0114 0.9999 -0.0162 0.0168 0.9997 -0.0192 0.0213 0.9996 -0.0213 0.0251 0.9995 -0.0396 0.0281 0.9988 -0.1289 0.0508 0.9904 -0.2565 0.0745 0.9637 -0.3584 0.0912 0.9291 -0.4411 0.1031 0.8915 -0.5094 0.1114 0.8533 -0.5664 0.1170 0.8158 -0.6145 0.1203 0.7797 -0.6554 0.1220 0.7454 -0.6734 0.1250 0.7286 0.6579 0.0735 0.7495 0.6367 0.0668 0.7682 0.5886 0.0609 0.8061 0.5321 0.0538 0.8450 0.4658 0.0452 0.8837 0.3880 0.0349 0.9210 0.2964 0.0223 0.9548 0.1868 0.0069 0.9824 0.0603 -0.0132 0.9981 -0.0109 -0.0246 0.9996 -0.0112 -0.0223 0.9997 -0.0018 -0.0194 0.9998 0.0078 -0.0159 0.9998 0.0172 -0.0117 0.9998 0.0258 -0.0067 0.9996 0.0332 -0.0007 0.9994 0.0389 0.0065 0.9992 0.0427 0.0150 0.9990 0.0444 0.0251 0.9987 0.0443 0.0367 0.9983 0.0428 0.0498 0.9978 0.0402 0.0640 0.9971 0.0373 0.0788 0.9962 0.0346 0.0935 0.9950 0.0325 0.1071 0.9937 0.0311 0.1187 0.9924 0.0303 0.1275 0.9914 0.0295 0.1326 0.9907 0.0280 0.1338 0.9906 0.0251 0.1309 0.9911 0.0201 0.1242 0.9920 0.0125 0.1142 0.9934 0.0023 0.1014 0.9948 -0.0103 0.0863 0.9962 -0.0243 0.0696 0.9973 -0.0376 0.0522 0.9979 -0.0479 0.0357 0.9982 -0.0536 0.0228 0.9983 -0.0549 0.0154 0.9984 -0.0543 0.0140 0.9984 -0.0545 0.0157 0.9984 -0.0561 0.0161 0.9983 -0.0568 0.0113 0.9983 -0.0533 0.0004 0.9986 -0.0436 -0.0148 0.9989 -0.0287 -0.0313 0.9991 -0.0112 -0.0470 0.9988 0.0060 -0.0609 0.9981 0.0213 -0.0729 0.9971 0.0337 -0.0833 0.9960 0.0431 -0.0920 0.9948 0.0494 -0.0988 0.9939 0.0528 -0.1033 0.9933 0.0536 -0.1051 0.9930 0.0523 -0.1042 0.9932 0.0496 -0.1005 0.9937 0.0458 -0.0943 0.9945 0.0415 -0.0859 0.9954 0.0370 -0.0759 0.9964 0.0325 -0.0649 0.9974 0.0280 -0.0534 0.9982 0.0234 -0.0420 0.9988 0.0187 -0.0312 0.9993 0.0137 -0.0212 0.9997 0.0086 -0.0121 0.9999 0.0033 -0.0042 1.0000 -0.0020 0.0028 1.0000 -0.0070 0.0087 0.9999 -0.0114 0.0136 0.9998 -0.0152 0.0178 0.9997 -0.0181 0.0212 0.9996 -0.0289 0.0239 0.9993 -0.1078 0.0389 0.9934 -0.2367 0.0602 0.9697 -0.3443 0.0749 0.9359 -0.4309 0.0854 0.8983 -0.5022 0.0927 0.8598 -0.5615 0.0975 0.8217 -0.6113 0.1004 0.7850 -0.6535 0.1018 0.7500 -0.6722 0.1044 0.7330 0.6543 0.0583 0.7540 0.6326 0.0528 0.7727 0.5834 0.0478 0.8108 0.5257 0.0419 0.8497 0.4579 0.0348 0.8883 0.3782 0.0262 0.9254 0.2841 0.0158 0.9587 0.1707 0.0029 0.9853 0.0468 -0.0142 0.9988 -0.0140 -0.0204 0.9997 -0.0089 -0.0185 0.9998 0.0010 -0.0163 0.9999 0.0112 -0.0137 0.9998 0.0213 -0.0105 0.9997 0.0307 -0.0067 0.9995 0.0390 -0.0022 0.9992 0.0458 0.0032 0.9989 0.0508 0.0096 0.9987 0.0540 0.0172 0.9984 0.0553 0.0260 0.9981 0.0549 0.0361 0.9978 0.0532 0.0471 0.9975 0.0506 0.0587 0.9970 0.0474 0.0704 0.9964 0.0441 0.0813 0.9957 0.0406 0.0908 0.9950 0.0369 0.0981 0.9945 0.0327 0.1027 0.9942 0.0275 0.1041 0.9942 0.0210 0.1022 0.9945 0.0127 0.0973 0.9952 0.0021 0.0895 0.9960 -0.0106 0.0790 0.9968 -0.0254 0.0662 0.9975 -0.0407 0.0511 0.9979 -0.0540 0.0348 0.9979 -0.0619 0.0194 0.9979 -0.0623 0.0083 0.9980 -0.0568 0.0049 0.9984 -0.0508 0.0096 0.9987 -0.0500 0.0186 0.9986 -0.0558 0.0253 0.9981 -0.0637 0.0241 0.9977 -0.0666 0.0137 0.9977 -0.0605 -0.0032 0.9982 -0.0460 -0.0223 0.9987 -0.0269 -0.0402 0.9988 -0.0075 -0.0555 0.9984 0.0098 -0.0682 0.9976 0.0240 -0.0789 0.9966 0.0352 -0.0877 0.9955 0.0437 -0.0946 0.9946 0.0495 -0.0992 0.9938 0.0530 -0.1013 0.9934 0.0545 -0.1007 0.9934 0.0544 -0.0975 0.9938 0.0529 -0.0917 0.9944 0.0505 -0.0839 0.9952 0.0473 -0.0745 0.9961 0.0435 -0.0640 0.9970 0.0392 -0.0531 0.9978 0.0343 -0.0422 0.9985 0.0289 -0.0319 0.9991 0.0230 -0.0224 0.9995 0.0168 -0.0138 0.9998 0.0105 -0.0063 0.9999 0.0042 0.0001 1.0000 -0.0017 0.0056 1.0000 -0.0071 0.0101 0.9999 -0.0116 0.0139 0.9998 -0.0152 0.0169 0.9997 -0.0217 0.0193 0.9996 -0.0915 0.0285 0.9954 -0.2195 0.0468 0.9745 -0.3322 0.0591 0.9414 -0.4222 0.0679 0.9040 -0.4961 0.0740 0.8651 -0.5573 0.0780 0.8266 -0.6086 0.0804 0.7894 -0.6519 0.0816 0.7539 -0.6711 0.0836 0.7366 0.6513 0.0434 0.7575 0.6292 0.0391 0.7763 0.5792 0.0353 0.8144 0.5205 0.0307 0.8533 0.4514 0.0252 0.8919 0.3702 0.0186 0.9288 0.2742 0.0105 0.9616 0.1575 0.0005 0.9875 0.0371 -0.0131 0.9992 -0.0152 -0.0158 0.9998 -0.0072 -0.0146 0.9999 0.0031 -0.0131 0.9999 0.0137 -0.0114 0.9998 0.0241 -0.0093 0.9997 0.0341 -0.0069 0.9994 0.0430 -0.0041 0.9991 0.0507 -0.0006 0.9987 0.0567 0.0035 0.9984 0.0609 0.0085 0.9981 0.0632 0.0145 0.9979 0.0638 0.0214 0.9977 0.0629 0.0292 0.9976 0.0607 0.0375 0.9975 0.0573 0.0462 0.9973 0.0532 0.0545 0.9971 0.0482 0.0619 0.9969 0.0424 0.0679 0.9968 0.0357 0.0720 0.9968 0.0277 0.0737 0.9969 0.0184 0.0731 0.9972 0.0073 0.0700 0.9975 -0.0058 0.0645 0.9979 -0.0211 0.0567 0.9982 -0.0384 0.0464 0.9982 -0.0557 0.0335 0.9979 -0.0693 0.0188 0.9974 -0.0743 0.0050 0.9972 -0.0680 -0.0039 0.9977 -0.0537 -0.0040 0.9986 -0.0407 0.0055 0.9992 -0.0389 0.0200 0.9990 -0.0506 0.0315 0.9982 -0.0683 0.0334 0.9971 -0.0804 0.0238 0.9965 -0.0794 0.0060 0.9968 -0.0656 -0.0147 0.9977 -0.0444 -0.0343 0.9984 -0.0221 -0.0507 0.9985 -0.0023 -0.0641 0.9979 0.0141 -0.0751 0.9971 0.0273 -0.0841 0.9961 0.0378 -0.0912 0.9951 0.0460 -0.0961 0.9943 0.0521 -0.0986 0.9938 0.0562 -0.0985 0.9936 0.0587 -0.0957 0.9937 0.0595 -0.0904 0.9941 0.0589 -0.0831 0.9948 0.0570 -0.0742 0.9956 0.0540 -0.0642 0.9965 0.0498 -0.0537 0.9973 0.0446 -0.0433 0.9981 0.0386 -0.0334 0.9987 0.0318 -0.0243 0.9992 0.0246 -0.0161 0.9996 0.0172 -0.0090 0.9998 0.0099 -0.0030 0.9999 0.0030 0.0021 1.0000 -0.0032 0.0062 1.0000 -0.0084 0.0096 0.9999 -0.0127 0.0122 0.9998 -0.0171 0.0143 0.9998 -0.0795 0.0195 0.9966 -0.2053 0.0341 0.9781 -0.3223 0.0438 0.9456 -0.4151 0.0506 0.9083 -0.4911 0.0554 0.8694 -0.5539 0.0585 0.8305 -0.6064 0.0603 0.7928 -0.6506 0.0612 0.7569 -0.6702 0.0628 0.7395 0.6492 0.0288 0.7601 0.6267 0.0259 0.7788 0.5761 0.0233 0.8170 0.5166 0.0201 0.8560 0.4467 0.0164 0.8945 0.3644 0.0118 0.9312 0.2669 0.0063 0.9637 0.1476 -0.0006 0.9890 0.0305 -0.0102 0.9995 -0.0155 -0.0111 0.9998 -0.0062 -0.0105 0.9999 0.0043 -0.0099 0.9999 0.0150 -0.0091 0.9998 0.0257 -0.0083 0.9996 0.0359 -0.0074 0.9993 0.0452 -0.0064 0.9990 0.0534 -0.0050 0.9986 0.0600 -0.0033 0.9982 0.0649 -0.0010 0.9979 0.0681 0.0020 0.9977 0.0696 0.0058 0.9976 0.0694 0.0104 0.9975 0.0676 0.0156 0.9976 0.0644 0.0213 0.9977 0.0599 0.0272 0.9978 0.0542 0.0328 0.9980 0.0471 0.0377 0.9982 0.0386 0.0415 0.9984 0.0288 0.0438 0.9986 0.0173 0.0445 0.9989 0.0041 0.0434 0.9990 -0.0112 0.0406 0.9991 -0.0289 0.0357 0.9989 -0.0486 0.0285 0.9984 -0.0682 0.0189 0.9975 -0.0824 0.0074 0.9966 -0.0846 -0.0035 0.9964 -0.0712 -0.0100 0.9974 -0.0474 -0.0082 0.9988 -0.0269 0.0025 0.9996 -0.0240 0.0178 0.9996 -0.0424 0.0303 0.9986 -0.0712 0.0333 0.9969 -0.0938 0.0248 0.9953 -0.0988 0.0080 0.9951 -0.0861 -0.0122 0.9962 -0.0628 -0.0316 0.9975 -0.0374 -0.0482 0.9981 -0.0147 -0.0619 0.9980 0.0039 -0.0732 0.9973 0.0190 -0.0826 0.9964 0.0315 -0.0901 0.9954 0.0420 -0.0955 0.9945 0.0506 -0.0984 0.9939 0.0574 -0.0988 0.9935 0.0624 -0.0965 0.9934 0.0655 -0.0917 0.9936 0.0668 -0.0847 0.9942 0.0663 -0.0761 0.9949 0.0640 -0.0664 0.9957 0.0601 -0.0562 0.9966 0.0546 -0.0460 0.9974 0.0479 -0.0362 0.9982 0.0403 -0.0272 0.9988 0.0321 -0.0193 0.9993 0.0236 -0.0124 0.9996 0.0153 -0.0067 0.9999 0.0075 -0.0019 1.0000 0.0004 0.0019 1.0000 -0.0056 0.0049 1.0000 -0.0105 0.0072 0.9999 -0.0144 0.0090 0.9999 -0.0711 0.0116 0.9974 -0.1946 0.0221 0.9806 -0.3150 0.0288 0.9487 -0.4099 0.0336 0.9115 -0.4874 0.0368 0.8724 -0.5515 0.0389 0.8333 -0.6048 0.0402 0.7953 -0.6497 0.0409 0.7591 -0.6696 0.0419 0.7416 0.6478 0.0143 0.7616 0.6252 0.0129 0.7804 0.5742 0.0115 0.8186 0.5143 0.0099 0.8575 0.4438 0.0080 0.8961 0.3608 0.0057 0.9326 0.2623 0.0028 0.9650 0.1413 -0.0008 0.9900 0.0265 -0.0060 0.9996 -0.0156 -0.0064 0.9999 -0.0059 -0.0065 1.0000 0.0045 -0.0067 1.0000 0.0152 -0.0071 0.9999 0.0258 -0.0076 0.9996 0.0360 -0.0083 0.9993 0.0454 -0.0092 0.9989 0.0537 -0.0101 0.9985 0.0607 -0.0108 0.9981 0.0661 -0.0114 0.9977 0.0700 -0.0114 0.9975 0.0722 -0.0108 0.9973 0.0727 -0.0093 0.9973 0.0716 -0.0071 0.9974 0.0690 -0.0040 0.9976 0.0647 -0.0003 0.9979 0.0587 0.0037 0.9983 0.0511 0.0078 0.9987 0.0418 0.0116 0.9991 0.0308 0.0147 0.9994 0.0180 0.0170 0.9997 0.0034 0.0181 0.9998 -0.0136 0.0180 0.9997 -0.0332 0.0165 0.9993 -0.0552 0.0133 0.9984 -0.0767 0.0083 0.9970 -0.0916 0.0019 0.9958 -0.0916 -0.0044 0.9958 -0.0726 -0.0080 0.9973 -0.0412 -0.0064 0.9991 -0.0147 0.0008 0.9999 -0.0111 0.0109 0.9999 -0.0351 0.0189 0.9992 -0.0737 0.0202 0.9971 -0.1054 0.0132 0.9943 -0.1161 -0.0004 0.9932 -0.1048 -0.0171 0.9943 -0.0802 -0.0339 0.9962 -0.0523 -0.0492 0.9974 -0.0273 -0.0625 0.9977 -0.0067 -0.0740 0.9972 0.0103 -0.0840 0.9964 0.0248 -0.0921 0.9954 0.0375 -0.0982 0.9945 0.0486 -0.1018 0.9936 0.0581 -0.1027 0.9930 0.0657 -0.1008 0.9927 0.0712 -0.0963 0.9928 0.0745 -0.0896 0.9932 0.0754 -0.0810 0.9939 0.0739 -0.0713 0.9947 0.0702 -0.0609 0.9957 0.0646 -0.0505 0.9966 0.0573 -0.0406 0.9975 0.0487 -0.0315 0.9983 0.0394 -0.0235 0.9989 0.0298 -0.0166 0.9994 0.0204 -0.0110 0.9997 0.0116 -0.0064 0.9999 0.0037 -0.0028 1.0000 -0.0031 -0.0001 1.0000 -0.0086 0.0019 1.0000 -0.0127 0.0034 0.9999 -0.0660 0.0048 0.9978 -0.1878 0.0105 0.9822 -0.3104 0.0141 0.9505 -0.4067 0.0166 0.9134 -0.4852 0.0183 0.8742 -0.5499 0.0194 0.8350 -0.6039 0.0201 0.7968 -0.6491 0.0204 0.7604 -0.6692 0.0210 0.7428 0.6474 -0.0000 0.7622 0.6247 -0.0000 0.7809 0.5736 -0.0000 0.8191 0.5135 -0.0001 0.8581 0.4428 -0.0001 0.8966 0.3595 -0.0002 0.9331 0.2607 -0.0004 0.9654 0.1390 -0.0006 0.9903 0.0249 -0.0010 0.9997 -0.0160 -0.0016 0.9999 -0.0065 -0.0025 1.0000 0.0037 -0.0036 1.0000 0.0141 -0.0052 0.9999 0.0244 -0.0072 0.9997 0.0343 -0.0097 0.9994 0.0435 -0.0127 0.9990 0.0517 -0.0159 0.9985 0.0587 -0.0194 0.9981 0.0644 -0.0228 0.9977 0.0687 -0.0260 0.9973 0.0716 -0.0285 0.9970 0.0730 -0.0301 0.9969 0.0729 -0.0307 0.9969 0.0711 -0.0301 0.9970 0.0677 -0.0283 0.9973 0.0623 -0.0254 0.9977 0.0549 -0.0218 0.9983 0.0455 -0.0177 0.9988 0.0341 -0.0136 0.9993 0.0207 -0.0096 0.9997 0.0052 -0.0061 1.0000 -0.0128 -0.0033 0.9999 -0.0336 -0.0012 0.9994 -0.0568 0.0001 0.9984 -0.0796 0.0007 0.9968 -0.0950 0.0007 0.9955 -0.0943 0.0003 0.9955 -0.0732 -0.0002 0.9973 -0.0386 -0.0005 0.9993 -0.0096 -0.0005 1.0000 -0.0059 -0.0004 1.0000 -0.0331 -0.0012 0.9995 -0.0769 -0.0040 0.9970 -0.1141 -0.0095 0.9934 -0.1286 -0.0180 0.9915 -0.1191 -0.0288 0.9925 -0.0946 -0.0410 0.9947 -0.0658 -0.0537 0.9964 -0.0396 -0.0662 0.9970 -0.0177 -0.0779 0.9968 0.0008 -0.0886 0.9961 0.0171 -0.0977 0.9951 0.0322 -0.1047 0.9940 0.0459 -0.1091 0.9930 0.0582 -0.1106 0.9922 0.0686 -0.1091 0.9917 0.0767 -0.1048 0.9915 0.0821 -0.0979 0.9918 0.0845 -0.0891 0.9924 0.0841 -0.0790 0.9933 0.0807 -0.0681 0.9944 0.0749 -0.0571 0.9956 0.0669 -0.0467 0.9967 0.0574 -0.0371 0.9977 0.0469 -0.0288 0.9985 0.0361 -0.0217 0.9991 0.0255 -0.0159 0.9995 0.0156 -0.0114 0.9998 0.0067 -0.0079 0.9999 -0.0008 -0.0054 1.0000 -0.0069 -0.0035 1.0000 -0.0115 -0.0023 0.9999 -0.0639 -0.0014 0.9980 -0.1852 -0.0009 0.9827 -0.3087 -0.0005 0.9512 -0.4055 -0.0003 0.9141 -0.4844 -0.0001 0.8749 -0.5494 -0.0001 0.8356 -0.6035 -0.0000 0.7974 -0.6489 -0.0000 0.7608 -0.6690 -0.0000 0.7432 0.6478 -0.0143 0.7616 0.6252 -0.0129 0.7804 0.5742 -0.0116 0.8186 0.5142 -0.0101 0.8576 0.4437 -0.0082 0.8961 0.3606 -0.0061 0.9327 0.2620 -0.0036 0.9651 0.1407 -0.0005 0.9901 0.0255 0.0039 0.9997 -0.0170 0.0030 0.9999 -0.0079 0.0014 1.0000 0.0017 -0.0008 1.0000 0.0116 -0.0037 0.9999 0.0213 -0.0073 0.9997 0.0306 -0.0117 0.9995 0.0392 -0.0169 0.9991 0.0470 -0.0227 0.9986 0.0538 -0.0290 0.9981 0.0596 -0.0355 0.9976 0.0643 -0.0418 0.9971 0.0679 -0.0475 0.9966 0.0704 -0.0521 0.9962 0.0716 -0.0554 0.9959 0.0713 -0.0570 0.9958 0.0692 -0.0568 0.9960 0.0651 -0.0549 0.9964 0.0588 -0.0514 0.9969 0.0501 -0.0467 0.9977 0.0389 -0.0412 0.9984 0.0255 -0.0353 0.9991 0.0097 -0.0294 0.9995 -0.0087 -0.0235 0.9997 -0.0298 -0.0179 0.9994 -0.0533 -0.0121 0.9985 -0.0762 -0.0060 0.9971 -0.0920 0.0001 0.9958 -0.0925 0.0053 0.9957 -0.0734 0.0076 0.9973 -0.0414 0.0049 0.9991 -0.0146 -0.0029 0.9999 -0.0118 -0.0139 0.9998 -0.0387 -0.0245 0.9990 -0.0819 -0.0320 0.9961 -0.1193 -0.0362 0.9922 -0.1350 -0.0394 0.9901 -0.1274 -0.0439 0.9909 -0.1047 -0.0511 0.9932 -0.0772 -0.0609 0.9952 -0.0514 -0.0725 0.9960 -0.0292 -0.0846 0.9960 -0.0097 -0.0963 0.9953 0.0085 -0.1066 0.9943 0.0258 -0.1147 0.9931 0.0425 -0.1200 0.9919 0.0578 -0.1221 0.9908 0.0713 -0.1210 0.9901 0.0822 -0.1166 0.9898 0.0899 -0.1095 0.9899 0.0942 -0.1001 0.9905 0.0948 -0.0892 0.9915 0.0920 -0.0774 0.9927 0.0859 -0.0656 0.9941 0.0773 -0.0543 0.9955 0.0667 -0.0439 0.9968 0.0549 -0.0349 0.9979 0.0427 -0.0274 0.9987 0.0307 -0.0213 0.9993 0.0196 -0.0167 0.9997 0.0097 -0.0132 0.9999 0.0013 -0.0108 0.9999 -0.0055 -0.0091 0.9999 -0.0106 -0.0081 0.9999 -0.0646 -0.0077 0.9979 -0.1869 -0.0123 0.9823 -0.3099 -0.0151 0.9507 -0.4064 -0.0172 0.9135 -0.4850 -0.0186 0.8743 -0.5499 -0.0196 0.8350 -0.6038 -0.0202 0.7969 -0.6491 -0.0205 0.7604 -0.6692 -0.0210 0.7428 0.6492 -0.0288 0.7601 0.6267 -0.0259 0.7788 0.5761 -0.0233 0.8171 0.5165 -0.0203 0.8560 0.4465 -0.0166 0.8946 0.3640 -0.0123 0.9313 0.2661 -0.0071 0.9639 0.1463 -0.0008 0.9892 0.0284 0.0079 0.9996 -0.0185 0.0075 0.9998 -0.0103 0.0050 0.9999 -0.0014 0.0017 1.0000 0.0076 -0.0025 1.0000 0.0164 -0.0078 0.9998 0.0248 -0.0143 0.9996 0.0325 -0.0218 0.9992 0.0395 -0.0303 0.9988 0.0459 -0.0396 0.9982 0.0515 -0.0492 0.9975 0.0566 -0.0588 0.9967 0.0611 -0.0677 0.9958 0.0649 -0.0753 0.9950 0.0678 -0.0811 0.9944 0.0695 -0.0847 0.9940 0.0695 -0.0859 0.9939 0.0675 -0.0846 0.9941 0.0629 -0.0810 0.9947 0.0556 -0.0755 0.9956 0.0455 -0.0684 0.9966 0.0326 -0.0604 0.9976 0.0169 -0.0519 0.9985 -0.0013 -0.0432 0.9991 -0.0222 -0.0343 0.9992 -0.0450 -0.0248 0.9987 -0.0674 -0.0144 0.9976 -0.0837 -0.0035 0.9965 -0.0869 0.0058 0.9962 -0.0736 0.0101 0.9972 -0.0491 0.0059 0.9988 -0.0284 -0.0074 0.9996 -0.0275 -0.0262 0.9993 -0.0512 -0.0437 0.9977 -0.0887 -0.0547 0.9946 -0.1215 -0.0583 0.9909 -0.1360 -0.0577 0.9890 -0.1303 -0.0576 0.9898 -0.1111 -0.0612 0.9919 -0.0869 -0.0690 0.9938 -0.0631 -0.0803 0.9948 -0.0415 -0.0932 0.9948 -0.0213 -0.1061 0.9941 -0.0015 -0.1178 0.9930 0.0184 -0.1272 0.9917 0.0381 -0.1335 0.9903 0.0569 -0.1363 0.9890 0.0737 -0.1353 0.9881 0.0878 -0.1309 0.9875 0.0983 -0.1232 0.9875 0.1046 -0.1130 0.9881 0.1065 -0.1011 0.9892 0.1042 -0.0882 0.9906 0.0980 -0.0752 0.9923 0.0885 -0.0628 0.9941 0.0767 -0.0515 0.9957 0.0635 -0.0417 0.9971 0.0497 -0.0335 0.9982 0.0362 -0.0270 0.9990 0.0237 -0.0221 0.9995 0.0126 -0.0186 0.9997 0.0033 -0.0162 0.9999 -0.0042 -0.0147 0.9999 -0.0101 -0.0138 0.9999 -0.0683 -0.0147 0.9976 -0.1929 -0.0239 0.9809 -0.3140 -0.0299 0.9490 -0.4094 -0.0341 0.9117 -0.4871 -0.0371 0.8725 -0.5513 -0.0391 0.8334 -0.6048 -0.0403 0.7954 -0.6497 -0.0409 0.7591 -0.6695 -0.0419 0.7416 0.6513 -0.0434 0.7576 0.6291 -0.0392 0.7763 0.5791 -0.0354 0.8145 0.5203 -0.0309 0.8534 0.4511 -0.0255 0.8921 0.3696 -0.0191 0.9290 0.2730 -0.0114 0.9619 0.1555 -0.0021 0.9878 0.0339 0.0105 0.9994 -0.0199 0.0118 0.9997 -0.0137 0.0084 0.9999 -0.0058 0.0040 1.0000 0.0020 -0.0017 1.0000 0.0096 -0.0087 0.9999 0.0167 -0.0172 0.9997 0.0232 -0.0272 0.9994 0.0292 -0.0385 0.9988 0.0348 -0.0508 0.9981 0.0403 -0.0636 0.9972 0.0457 -0.0764 0.9960 0.0512 -0.0884 0.9948 0.0567 -0.0989 0.9935 0.0618 -0.1072 0.9923 0.0661 -0.1126 0.9914 0.0690 -0.1150 0.9910 0.0697 -0.1141 0.9910 0.0677 -0.1102 0.9916 0.0625 -0.1035 0.9927 0.0539 -0.0948 0.9940 0.0420 -0.0846 0.9955 0.0269 -0.0736 0.9969 0.0090 -0.0622 0.9980 -0.0114 -0.0505 0.9987 -0.0334 -0.0382 0.9987 -0.0550 -0.0251 0.9982 -0.0720 -0.0117 0.9973 -0.0790 -0.0002 0.9969 -0.0734 0.0055 0.9973 -0.0590 0.0014 0.9983 -0.0466 -0.0132 0.9988 -0.0481 -0.0342 0.9983 -0.0673 -0.0540 0.9963 -0.0966 -0.0662 0.9931 -0.1223 -0.0696 0.9901 -0.1342 -0.0678 0.9886 -0.1305 -0.0662 0.9892 -0.1157 -0.0687 0.9909 -0.0959 -0.0763 0.9925 -0.0753 -0.0881 0.9933 -0.0550 -0.1022 0.9932 -0.0344 -0.1166 0.9926 -0.0129 -0.1297 0.9915 0.0098 -0.1404 0.9900 0.0329 -0.1477 0.9885 0.0554 -0.1511 0.9870 0.0761 -0.1504 0.9857 0.0938 -0.1457 0.9849 0.1073 -0.1374 0.9847 0.1159 -0.1264 0.9852 0.1193 -0.1133 0.9864 0.1176 -0.0993 0.9881 0.1112 -0.0850 0.9902 0.1009 -0.0714 0.9923 0.0878 -0.0591 0.9944 0.0729 -0.0484 0.9962 0.0573 -0.0396 0.9976 0.0421 -0.0327 0.9986 0.0280 -0.0275 0.9992 0.0156 -0.0239 0.9996 0.0052 -0.0215 0.9998 -0.0030 -0.0201 0.9998 -0.0105 -0.0194 0.9998 -0.0751 -0.0226 0.9969 -0.2027 -0.0361 0.9786 -0.3208 -0.0449 0.9461 -0.4143 -0.0513 0.9087 -0.4907 -0.0557 0.8696 -0.5537 -0.0586 0.8306 -0.6063 -0.0604 0.7929 -0.6506 -0.0613 0.7569 -0.6702 -0.0628 0.7395 0.6542 -0.0583 0.7540 0.6325 -0.0528 0.7728 0.5833 -0.0479 0.8109 0.5254 -0.0421 0.8498 0.4574 -0.0351 0.8886 0.3772 -0.0268 0.9257 0.2825 -0.0168 0.9591 0.1679 -0.0047 0.9858 0.0423 0.0113 0.9990 -0.0205 0.0158 0.9997 -0.0181 0.0116 0.9998 -0.0115 0.0061 0.9999 -0.0051 -0.0010 1.0000 0.0009 -0.0097 1.0000 0.0063 -0.0203 0.9998 0.0112 -0.0326 0.9994 0.0159 -0.0466 0.9988 0.0206 -0.0619 0.9979 0.0257 -0.0779 0.9966 0.0316 -0.0938 0.9951 0.0383 -0.1088 0.9933 0.0458 -0.1220 0.9915 0.0536 -0.1325 0.9897 0.0612 -0.1395 0.9883 0.0676 -0.1428 0.9874 0.0719 -0.1422 0.9872 0.0732 -0.1378 0.9878 0.0708 -0.1300 0.9890 0.0643 -0.1196 0.9907 0.0538 -0.1074 0.9928 0.0395 -0.0940 0.9948 0.0219 -0.0801 0.9965 0.0019 -0.0660 0.9978 -0.0197 -0.0518 0.9985 -0.0409 -0.0373 0.9985 -0.0589 -0.0230 0.9980 -0.0699 -0.0109 0.9975 -0.0721 -0.0043 0.9974 -0.0678 -0.0067 0.9977 -0.0639 -0.0187 0.9978 -0.0682 -0.0368 0.9970 -0.0833 -0.0544 0.9950 -0.1045 -0.0657 0.9923 -0.1233 -0.0695 0.9899 -0.1326 -0.0688 0.9888 -0.1309 -0.0685 0.9890 -0.1207 -0.0723 0.9900 -0.1058 -0.0812 0.9911 -0.0887 -0.0944 0.9916 -0.0699 -0.1099 0.9915 -0.0490 -0.1258 0.9908 -0.0256 -0.1404 0.9898 -0.0000 -0.1523 0.9883 0.0268 -0.1605 0.9867 0.0535 -0.1644 0.9849 0.0785 -0.1638 0.9834 0.1001 -0.1589 0.9822 0.1170 -0.1501 0.9817 0.1282 -0.1382 0.9821 0.1332 -0.1242 0.9833 0.1322 -0.1090 0.9852 0.1256 -0.0937 0.9876 0.1144 -0.0791 0.9903 0.0997 -0.0659 0.9928 0.0830 -0.0545 0.9951 0.0655 -0.0451 0.9968 0.0483 -0.0378 0.9981 0.0325 -0.0325 0.9989 0.0186 -0.0288 0.9994 0.0070 -0.0265 0.9996 -0.0020 -0.0252 0.9997 -0.0127 -0.0246 0.9996 -0.0856 -0.0319 0.9958 -0.2159 -0.0488 0.9752 -0.3301 -0.0603 0.9420 -0.4211 -0.0686 0.9044 -0.4955 -0.0743 0.8654 -0.5570 -0.0782 0.8268 -0.6085 -0.0805 0.7895 -0.6519 -0.0816 0.7539 -0.6710 -0.0837 0.7367 0.6579 -0.0736 0.7495 0.6366 -0.0669 0.7682 0.5884 -0.0610 0.8062 0.5318 -0.0540 0.8452 0.4652 -0.0456 0.8840 0.3868 -0.0355 0.9215 0.2942 -0.0235 0.9554 0.1830 -0.0089 0.9831 0.0543 0.0099 0.9985 -0.0196 0.0195 0.9996 -0.0234 0.0146 0.9996 -0.0184 0.0080 0.9998 -0.0138 -0.0003 0.9999 -0.0097 -0.0106 0.9999 -0.0063 -0.0231 0.9997 -0.0032 -0.0376 0.9993 -0.0002 -0.0541 0.9985 0.0034 -0.0721 0.9974 0.0081 -0.0909 0.9958 0.0144 -0.1096 0.9939 0.0225 -0.1273 0.9916 0.0324 -0.1428 0.9892 0.0435 -0.1552 0.9869 0.0550 -0.1637 0.9850 0.0657 -0.1677 0.9836 0.0742 -0.1672 0.9831 0.0795 -0.1623 0.9835 0.0805 -0.1535 0.9849 0.0766 -0.1416 0.9870 0.0678 -0.1275 0.9895 0.0544 -0.1120 0.9922 0.0371 -0.0960 0.9947 0.0171 -0.0801 0.9966 -0.0046 -0.0644 0.9979 -0.0262 -0.0492 0.9984 -0.0456 -0.0348 0.9984 -0.0604 -0.0227 0.9979 -0.0692 -0.0153 0.9975 -0.0733 -0.0151 0.9972 -0.0767 -0.0225 0.9968 -0.0837 -0.0349 0.9959 -0.0963 -0.0478 0.9942 -0.1119 -0.0569 0.9921 -0.1256 -0.0612 0.9902 -0.1334 -0.0628 0.9891 -0.1338 -0.0655 0.9888 -0.1280 -0.0719 0.9892 -0.1176 -0.0829 0.9896 -0.1037 -0.0977 0.9898 -0.0862 -0.1146 0.9897 -0.0649 -0.1317 0.9892 -0.0396 -0.1474 0.9883 -0.0108 -0.1602 0.9870 0.0201 -0.1691 0.9854 0.0513 -0.1735 0.9835 0.0809 -0.1730 0.9816 0.1068 -0.1679 0.9800 0.1273 -0.1587 0.9791 0.1412 -0.1463 0.9791 0.1480 -0.1317 0.9802 0.1477 -0.1158 0.9822 0.1409 -0.0999 0.9850 0.1287 -0.0847 0.9881 0.1124 -0.0709 0.9911 0.0937 -0.0591 0.9938 0.0740 -0.0495 0.9960 0.0548 -0.0421 0.9976 0.0370 -0.0367 0.9986 0.0216 -0.0332 0.9992 0.0088 -0.0310 0.9995 -0.0011 -0.0299 0.9996 -0.0173 -0.0295 0.9994 -0.1002 -0.0424 0.9941 -0.2321 -0.0624 0.9707 -0.3417 -0.0762 0.9367 -0.4295 -0.0861 0.8990 -0.5015 -0.0930 0.8602 -0.5611 -0.0977 0.8219 -0.6111 -0.1005 0.7851 -0.6534 -0.1019 0.7501 -0.6721 -0.1044 0.7331 0.6621 -0.0892 0.7441 0.6415 -0.0815 0.7628 0.5945 -0.0748 0.8006 0.5393 -0.0667 0.8395 0.4744 -0.0571 0.8785 0.3981 -0.0456 0.9162 0.3081 -0.0317 0.9508 0.2006 -0.0149 0.9796 0.0707 0.0063 0.9975 -0.0159 0.0231 0.9996 -0.0296 0.0174 0.9994 -0.0264 0.0100 0.9996 -0.0238 0.0006 0.9997 -0.0219 -0.0110 0.9997 -0.0207 -0.0250 0.9995 -0.0199 -0.0414 0.9989 -0.0187 -0.0599 0.9980 -0.0164 -0.0801 0.9967 -0.0122 -0.1012 0.9948 -0.0054 -0.1222 0.9925 0.0044 -0.1420 0.9899 0.0170 -0.1594 0.9871 0.0319 -0.1733 0.9843 0.0478 -0.1829 0.9820 0.0633 -0.1875 0.9802 0.0767 -0.1871 0.9793 0.0865 -0.1818 0.9795 0.0913 -0.1722 0.9808 0.0904 -0.1591 0.9831 0.0836 -0.1435 0.9861 0.0712 -0.1265 0.9894 0.0542 -0.1089 0.9926 0.0337 -0.0915 0.9952 0.0114 -0.0747 0.9971 -0.0113 -0.0590 0.9982 -0.0325 -0.0447 0.9985 -0.0505 -0.0327 0.9982 -0.0645 -0.0245 0.9976 -0.0749 -0.0214 0.9970 -0.0837 -0.0239 0.9962 -0.0935 -0.0305 0.9952 -0.1053 -0.0383 0.9937 -0.1181 -0.0448 0.9920 -0.1294 -0.0493 0.9904 -0.1371 -0.0533 0.9891 -0.1399 -0.0589 0.9884 -0.1379 -0.0679 0.9881 -0.1312 -0.0808 0.9881 -0.1200 -0.0968 0.9880 -0.1036 -0.1145 0.9880 -0.0817 -0.1322 0.9879 -0.0543 -0.1484 0.9874 -0.0223 -0.1617 0.9866 0.0129 -0.1711 0.9852 0.0489 -0.1758 0.9832 0.0833 -0.1755 0.9810 0.1136 -0.1704 0.9788 0.1379 -0.1611 0.9773 0.1546 -0.1486 0.9767 0.1632 -0.1339 0.9775 0.1636 -0.1180 0.9794 0.1566 -0.1021 0.9824 0.1433 -0.0869 0.9859 0.1253 -0.0732 0.9894 0.1045 -0.0616 0.9926 0.0826 -0.0521 0.9952 0.0612 -0.0449 0.9971 0.0414 -0.0399 0.9983 0.0243 -0.0366 0.9990 0.0103 -0.0347 0.9993 -0.0005 -0.0339 0.9994 -0.0254 -0.0337 0.9991 -0.1196 -0.0544 0.9913 -0.2509 -0.0767 0.9650 -0.3553 -0.0925 0.9302 -0.4394 -0.1039 0.8923 -0.5085 -0.1119 0.8538 -0.5660 -0.1172 0.8161 -0.6143 -0.1204 0.7798 -0.6553 -0.1220 0.7455 -0.6734 -0.1250 0.7287 0.6668 -0.1054 0.7377 0.6469 -0.0967 0.7564 0.6013 -0.0894 0.7940 0.5477 -0.0805 0.8328 0.4847 -0.0699 0.8719 0.4108 -0.0571 0.9099 0.3237 -0.0417 0.9452 0.2202 -0.0231 0.9752 0.0924 0.0001 0.9957 -0.0084 0.0264 0.9996 -0.0364 0.0203 0.9991 -0.0352 0.0122 0.9993 -0.0348 0.0021 0.9994 -0.0354 -0.0105 0.9993 -0.0367 -0.0256 0.9990 -0.0382 -0.0432 0.9983 -0.0390 -0.0631 0.9972 -0.0381 -0.0847 0.9957 -0.0344 -0.1073 0.9936 -0.0270 -0.1298 0.9912 -0.0155 -0.1510 0.9884 0.0001 -0.1697 0.9855 0.0190 -0.1846 0.9826 0.0398 -0.1950 0.9800 0.0606 -0.2000 0.9779 0.0793 -0.1997 0.9766 0.0940 -0.1942 0.9765 0.1030 -0.1841 0.9775 0.1054 -0.1704 0.9797 0.1007 -0.1540 0.9829 0.0895 -0.1361 0.9867 0.0726 -0.1175 0.9904 0.0515 -0.0992 0.9937 0.0280 -0.0819 0.9962 0.0039 -0.0659 0.9978 -0.0193 -0.0516 0.9985 -0.0402 -0.0395 0.9984 -0.0580 -0.0304 0.9979 -0.0728 -0.0251 0.9970 -0.0858 -0.0236 0.9960 -0.0981 -0.0255 0.9949 -0.1106 -0.0290 0.9934 -0.1230 -0.0331 0.9919 -0.1342 -0.0374 0.9902 -0.1430 -0.0426 0.9888 -0.1484 -0.0501 0.9877 -0.1496 -0.0606 0.9869 -0.1461 -0.0743 0.9865 -0.1369 -0.0904 0.9864 -0.1213 -0.1080 0.9867 -0.0988 -0.1255 0.9872 -0.0693 -0.1415 0.9875 -0.0339 -0.1548 0.9874 0.0055 -0.1642 0.9864 0.0463 -0.1690 0.9845 0.0856 -0.1689 0.9819 0.1204 -0.1641 0.9791 0.1484 -0.1552 0.9767 0.1679 -0.1432 0.9753 0.1782 -0.1292 0.9755 0.1793 -0.1141 0.9772 0.1719 -0.0990 0.9801 0.1575 -0.0847 0.9839 0.1378 -0.0719 0.9878 0.1149 -0.0611 0.9915 0.0907 -0.0525 0.9945 0.0671 -0.0460 0.9967 0.0454 -0.0416 0.9981 0.0267 -0.0389 0.9989 0.0115 -0.0375 0.9992 -0.0002 -0.0371 0.9993 -0.0382 -0.0373 0.9986 -0.1446 -0.0678 0.9872 -0.2718 -0.0919 0.9580 -0.3705 -0.1093 0.9224 -0.4505 -0.1219 0.8844 -0.5164 -0.1307 0.8463 -0.5714 -0.1367 0.8092 -0.6178 -0.1403 0.7737 -0.6573 -0.1420 0.7401 -0.6748 -0.1454 0.7236 0.6719 -0.1220 0.7305 0.6527 -0.1126 0.7492 0.6086 -0.1048 0.7865 0.5568 -0.0953 0.8252 0.4960 -0.0839 0.8642 0.4247 -0.0701 0.9026 0.3408 -0.0535 0.9386 0.2415 -0.0335 0.9698 0.1201 -0.0087 0.9927 0.0043 0.0246 0.9997 -0.0437 0.0231 0.9988 -0.0445 0.0148 0.9989 -0.0465 0.0042 0.9989 -0.0496 -0.0087 0.9987 -0.0534 -0.0243 0.9983 -0.0574 -0.0423 0.9975 -0.0603 -0.0627 0.9962 -0.0608 -0.0848 0.9945 -0.0577 -0.1078 0.9925 -0.0497 -0.1308 0.9902 -0.0363 -0.1525 0.9876 -0.0176 -0.1717 0.9850 0.0055 -0.1871 0.9823 0.0314 -0.1978 0.9797 0.0577 -0.2031 0.9774 0.0820 -0.2030 0.9757 0.1018 -0.1976 0.9750 0.1151 -0.1875 0.9755 0.1208 -0.1738 0.9773 0.1184 -0.1575 0.9804 0.1083 -0.1395 0.9843 0.0915 -0.1209 0.9884 0.0698 -0.1026 0.9923 0.0450 -0.0852 0.9953 0.0192 -0.0693 0.9974 -0.0060 -0.0551 0.9985 -0.0294 -0.0429 0.9986 -0.0501 -0.0332 0.9982 -0.0682 -0.0263 0.9973 -0.0842 -0.0222 0.9962 -0.0989 -0.0207 0.9949 -0.1130 -0.0213 0.9934 -0.1265 -0.0232 0.9917 -0.1390 -0.0266 0.9899 -0.1497 -0.0319 0.9882 -0.1577 -0.0395 0.9867 -0.1617 -0.0499 0.9856 -0.1607 -0.0629 0.9850 -0.1533 -0.0779 0.9851 -0.1383 -0.0941 0.9859 -0.1151 -0.1103 0.9872 -0.0837 -0.1252 0.9886 -0.0452 -0.1377 0.9894 -0.0018 -0.1467 0.9892 0.0436 -0.1514 0.9875 0.0876 -0.1516 0.9846 0.1267 -0.1475 0.9809 0.1582 -0.1396 0.9775 0.1802 -0.1290 0.9751 0.1921 -0.1165 0.9744 0.1937 -0.1032 0.9756 0.1860 -0.0899 0.9784 0.1705 -0.0775 0.9823 0.1491 -0.0665 0.9866 0.1242 -0.0573 0.9906 0.0979 -0.0502 0.9939 0.0722 -0.0450 0.9964 0.0487 -0.0417 0.9979 0.0284 -0.0399 0.9988 0.0121 -0.0393 0.9992 -0.0003 -0.0395 0.9992 -0.0568 -0.0451 0.9974 -0.1758 -0.0824 0.9810 -0.2943 -0.1080 0.9496 -0.3870 -0.1266 0.9133 -0.4626 -0.1401 0.8754 -0.5250 -0.1496 0.8378 -0.5773 -0.1561 0.8015 -0.6217 -0.1600 0.7668 -0.6596 -0.1619 0.7340 -0.6763 -0.1657 0.7178 0.6772 -0.1391 0.7226 0.6588 -0.1292 0.7411 0.6163 -0.1210 0.7781 0.5665 -0.1112 0.8165 0.5080 -0.0992 0.8556 0.4395 -0.0848 0.8942 0.3590 -0.0673 0.9309 0.2641 -0.0461 0.9634 0.1501 -0.0201 0.9885 0.0235 0.0145 0.9996 -0.0462 0.0261 0.9986 -0.0540 0.0178 0.9984 -0.0583 0.0073 0.9983 -0.0638 -0.0055 0.9979 -0.0702 -0.0207 0.9973 -0.0765 -0.0383 0.9963 -0.0815 -0.0581 0.9950 -0.0834 -0.0796 0.9933 -0.0808 -0.1019 0.9915 -0.0723 -0.1242 0.9896 -0.0572 -0.1454 0.9877 -0.0354 -0.1641 0.9858 -0.0081 -0.1793 0.9838 0.0228 -0.1899 0.9815 0.0547 -0.1954 0.9792 0.0845 -0.1955 0.9771 0.1093 -0.1905 0.9756 0.1269 -0.1812 0.9752 0.1359 -0.1683 0.9763 0.1357 -0.1529 0.9789 0.1267 -0.1360 0.9826 0.1101 -0.1184 0.9868 0.0878 -0.1011 0.9910 0.0618 -0.0845 0.9945 0.0343 -0.0692 0.9970 0.0071 -0.0555 0.9984 -0.0184 -0.0436 0.9989 -0.0414 -0.0336 0.9986 -0.0619 -0.0258 0.9977 -0.0803 -0.0201 0.9966 -0.0972 -0.0165 0.9951 -0.1132 -0.0148 0.9935 -0.1284 -0.0148 0.9916 -0.1429 -0.0167 0.9896 -0.1558 -0.0207 0.9876 -0.1662 -0.0270 0.9857 -0.1726 -0.0356 0.9843 -0.1737 -0.0465 0.9837 -0.1677 -0.0590 0.9841 -0.1533 -0.0726 0.9855 -0.1296 -0.0863 0.9878 -0.0967 -0.0990 0.9904 -0.0555 -0.1099 0.9924 -0.0085 -0.1179 0.9930 0.0410 -0.1223 0.9916 0.0891 -0.1229 0.9884 0.1319 -0.1199 0.9840 0.1665 -0.1137 0.9795 0.1908 -0.1053 0.9760 0.2038 -0.0954 0.9744 0.2058 -0.0849 0.9749 0.1977 -0.0746 0.9774 0.1811 -0.0651 0.9813 0.1583 -0.0568 0.9858 0.1315 -0.0501 0.9900 0.1033 -0.0451 0.9936 0.0758 -0.0418 0.9962 0.0507 -0.0401 0.9979 0.0292 -0.0395 0.9988 0.0119 -0.0399 0.9991 -0.0060 -0.0409 0.9991 -0.0823 -0.0600 0.9948 -0.2092 -0.0984 0.9729 -0.3179 -0.1249 0.9398 -0.4045 -0.1444 0.9031 -0.4754 -0.1585 0.8654 -0.5342 -0.1686 0.8284 -0.5837 -0.1754 0.7928 -0.6258 -0.1795 0.7591 -0.6620 -0.1816 0.7272 -0.6779 -0.1857 0.7114 0.6826 -0.1568 0.7138 0.6651 -0.1464 0.7323 0.6243 -0.1382 0.7689 0.5765 -0.1282 0.8070 0.5205 -0.1160 0.8459 0.4549 -0.1011 0.8848 0.3780 -0.0831 0.9221 0.2876 -0.0611 0.9558 0.1802 -0.0343 0.9830 0.0507 0.0000 0.9987 -0.0403 0.0292 0.9988 -0.0632 0.0212 0.9978 -0.0696 0.0113 0.9975 -0.0775 -0.0006 0.9970 -0.0862 -0.0148 0.9962 -0.0947 -0.0310 0.9950 -0.1014 -0.0492 0.9936 -0.1047 -0.0687 0.9921 -0.1026 -0.0892 0.9907 -0.0936 -0.1095 0.9896 -0.0768 -0.1289 0.9887 -0.0523 -0.1462 0.9879 -0.0211 -0.1604 0.9868 0.0145 -0.1705 0.9853 0.0516 -0.1759 0.9831 0.0865 -0.1765 0.9805 0.1161 -0.1725 0.9781 0.1377 -0.1645 0.9767 0.1496 -0.1534 0.9768 0.1515 -0.1400 0.9785 0.1436 -0.1252 0.9817 0.1272 -0.1098 0.9858 0.1044 -0.0944 0.9900 0.0774 -0.0796 0.9938 0.0485 -0.0657 0.9967 0.0197 -0.0531 0.9984 -0.0075 -0.0419 0.9991 -0.0324 -0.0321 0.9990 -0.0548 -0.0239 0.9982 -0.0750 -0.0173 0.9970 -0.0937 -0.0123 0.9955 -0.1115 -0.0088 0.9937 -0.1285 -0.0070 0.9917 -0.1449 -0.0069 0.9894 -0.1599 -0.0086 0.9871 -0.1724 -0.0123 0.9850 -0.1809 -0.0179 0.9833 -0.1837 -0.0253 0.9827 -0.1790 -0.0341 0.9833 -0.1652 -0.0439 0.9853 -0.1413 -0.0539 0.9885 -0.1072 -0.0635 0.9922 -0.0641 -0.0719 0.9954 -0.0144 -0.0783 0.9968 0.0384 -0.0821 0.9959 0.0898 -0.0833 0.9925 0.1356 -0.0818 0.9874 0.1726 -0.0781 0.9819 0.1985 -0.0727 0.9774 0.2124 -0.0664 0.9749 0.2146 -0.0598 0.9749 0.2060 -0.0534 0.9771 0.1886 -0.0478 0.9809 0.1644 -0.0431 0.9854 0.1362 -0.0397 0.9899 0.1064 -0.0375 0.9936 0.0774 -0.0366 0.9963 0.0511 -0.0368 0.9980 0.0286 -0.0379 0.9989 0.0107 -0.0395 0.9992 -0.0206 -0.0413 0.9989 -0.1160 -0.0779 0.9902 -0.2426 -0.1155 0.9632 -0.3424 -0.1425 0.9287 -0.4227 -0.1625 0.8916 -0.4887 -0.1771 0.8543 -0.5437 -0.1875 0.8180 -0.5902 -0.1946 0.7834 -0.6300 -0.1989 0.7507 -0.6645 -0.2011 0.7197 -0.6795 -0.2055 0.7043 0.6879 -0.1749 0.7044 0.6713 -0.1643 0.7227 0.6323 -0.1562 0.7588 0.5866 -0.1462 0.7966 0.5332 -0.1340 0.8353 0.4707 -0.1191 0.8742 0.3976 -0.1008 0.9120 0.3118 -0.0785 0.9469 0.2107 -0.0511 0.9762 0.0872 -0.0168 0.9960 -0.0249 0.0263 0.9993 -0.0717 0.0250 0.9971 -0.0800 0.0162 0.9967 -0.0898 0.0057 0.9959 -0.1004 -0.0066 0.9949 -0.1108 -0.0206 0.9936 -0.1191 -0.0361 0.9922 -0.1234 -0.0527 0.9910 -0.1217 -0.0700 0.9901 -0.1123 -0.0872 0.9898 -0.0943 -0.1037 0.9901 -0.0674 -0.1185 0.9907 -0.0329 -0.1308 0.9909 0.0068 -0.1399 0.9901 0.0483 -0.1451 0.9882 0.0877 -0.1463 0.9853 0.1214 -0.1437 0.9821 0.1464 -0.1379 0.9796 0.1610 -0.1294 0.9784 0.1646 -0.1191 0.9791 0.1577 -0.1075 0.9816 0.1417 -0.0953 0.9853 0.1186 -0.0829 0.9895 0.0909 -0.0708 0.9933 0.0610 -0.0592 0.9964 0.0311 -0.0483 0.9983 0.0026 -0.0383 0.9993 -0.0235 -0.0292 0.9993 -0.0472 -0.0210 0.9987 -0.0688 -0.0139 0.9975 -0.0889 -0.0079 0.9960 -0.1080 -0.0029 0.9941 -0.1266 0.0009 0.9920 -0.1445 0.0034 0.9895 -0.1611 0.0046 0.9869 -0.1753 0.0044 0.9845 -0.1854 0.0027 0.9827 -0.1896 -0.0003 0.9819 -0.1859 -0.0045 0.9826 -0.1728 -0.0095 0.9849 -0.1490 -0.0149 0.9887 -0.1145 -0.0205 0.9932 -0.0703 -0.0256 0.9972 -0.0189 -0.0299 0.9994 0.0359 -0.0330 0.9988 0.0893 -0.0347 0.9954 0.1371 -0.0351 0.9899 0.1755 -0.0344 0.9839 0.2024 -0.0330 0.9787 0.2168 -0.0311 0.9757 0.2190 -0.0292 0.9753 0.2101 -0.0276 0.9773 0.1919 -0.0265 0.9811 0.1668 -0.0261 0.9857 0.1374 -0.0265 0.9902 0.1066 -0.0278 0.9939 0.0767 -0.0297 0.9966 0.0496 -0.0322 0.9983 0.0266 -0.0350 0.9990 0.0084 -0.0380 0.9992 -0.0451 -0.0469 0.9979 -0.1585 -0.0967 0.9826 -0.2759 -0.1336 0.9519 -0.3671 -0.1608 0.9162 -0.4411 -0.1810 0.8790 -0.5022 -0.1959 0.8423 -0.5534 -0.2064 0.8069 -0.5969 -0.2136 0.7733 -0.6344 -0.2181 0.7416 -0.6670 -0.2203 0.7117 -0.6812 -0.2250 0.6967 0.6931 -0.1936 0.6944 0.6774 -0.1829 0.7125 0.6401 -0.1750 0.7481 0.5966 -0.1653 0.7853 0.5459 -0.1533 0.8237 0.4866 -0.1386 0.8626 0.4174 -0.1204 0.9007 0.3364 -0.0980 0.9366 0.2413 -0.0705 0.9679 0.1282 -0.0363 0.9911 0.0016 0.0096 1.0000 -0.0732 0.0291 0.9969 -0.0889 0.0217 0.9958 -0.1002 0.0130 0.9949 -0.1123 0.0032 0.9937 -0.1239 -0.0078 0.9923 -0.1333 -0.0198 0.9909 -0.1384 -0.0325 0.9898 -0.1370 -0.0456 0.9895 -0.1274 -0.0586 0.9901 -0.1083 -0.0711 0.9916 -0.0798 -0.0825 0.9934 -0.0428 -0.0923 0.9948 -0.0000 -0.0997 0.9950 0.0449 -0.1046 0.9935 0.0878 -0.1066 0.9904 0.1247 -0.1059 0.9865 0.1524 -0.1029 0.9830 0.1690 -0.0979 0.9807 0.1741 -0.0915 0.9805 0.1681 -0.0841 0.9822 0.1525 -0.0760 0.9854 0.1295 -0.0675 0.9893 0.1016 -0.0588 0.9931 0.0713 -0.0501 0.9962 0.0408 -0.0415 0.9983 0.0116 -0.0331 0.9994 -0.0152 -0.0251 0.9996 -0.0396 -0.0174 0.9991 -0.0620 -0.0100 0.9980 -0.0828 -0.0032 0.9966 -0.1028 0.0032 0.9947 -0.1223 0.0090 0.9925 -0.1412 0.0142 0.9899 -0.1589 0.0186 0.9871 -0.1742 0.0222 0.9845 -0.1854 0.0250 0.9823 -0.1906 0.0269 0.9813 -0.1878 0.0280 0.9818 -0.1753 0.0283 0.9841 -0.1521 0.0280 0.9880 -0.1177 0.0271 0.9927 -0.0735 0.0257 0.9970 -0.0217 0.0239 0.9995 0.0335 0.0218 0.9992 0.0876 0.0194 0.9960 0.1359 0.0169 0.9906 0.1748 0.0142 0.9845 0.2019 0.0113 0.9793 0.2164 0.0082 0.9763 0.2184 0.0049 0.9759 0.2091 0.0013 0.9779 0.1904 -0.0027 0.9817 0.1647 -0.0070 0.9863 0.1349 -0.0117 0.9908 0.1035 -0.0166 0.9945 0.0732 -0.0216 0.9971 0.0459 -0.0265 0.9986 0.0229 -0.0313 0.9992 -0.0012 -0.0357 0.9994 -0.0806 -0.0651 0.9946 -0.2046 -0.1166 0.9719 -0.3088 -0.1527 0.9388 -0.3918 -0.1797 0.9023 -0.4596 -0.1998 0.8654 -0.5158 -0.2146 0.8294 -0.5632 -0.2253 0.7950 -0.6037 -0.2325 0.7626 -0.6387 -0.2371 0.7320 -0.6695 -0.2394 0.7032 -0.6828 -0.2443 0.6886 0.6980 -0.2126 0.6838 0.6832 -0.2020 0.7017 0.6477 -0.1946 0.7366 0.6064 -0.1854 0.7733 0.5583 -0.1738 0.8112 0.5023 -0.1595 0.8499 0.4370 -0.1417 0.8882 0.3609 -0.1196 0.9249 0.2719 -0.0924 0.9579 0.1673 -0.0585 0.9842 0.0408 -0.0152 0.9991 -0.0596 0.0303 0.9978 -0.0959 0.0273 0.9950 -0.1081 0.0210 0.9939 -0.1211 0.0139 0.9925 -0.1334 0.0064 0.9910 -0.1434 -0.0015 0.9897 -0.1489 -0.0096 0.9888 -0.1476 -0.0179 0.9889 -0.1378 -0.0260 0.9901 -0.1182 -0.0338 0.9924 -0.0886 -0.0411 0.9952 -0.0502 -0.0476 0.9976 -0.0056 -0.0531 0.9986 0.0414 -0.0574 0.9975 0.0865 -0.0602 0.9944 0.1253 -0.0618 0.9902 0.1548 -0.0620 0.9860 0.1729 -0.0612 0.9830 0.1790 -0.0594 0.9820 0.1739 -0.0568 0.9831 0.1589 -0.0534 0.9858 0.1364 -0.0493 0.9894 0.1087 -0.0445 0.9931 0.0786 -0.0392 0.9961 0.0482 -0.0333 0.9983 0.0191 -0.0269 0.9995 -0.0078 -0.0202 0.9998 -0.0323 -0.0131 0.9994 -0.0547 -0.0058 0.9985 -0.0757 0.0017 0.9971 -0.0959 0.0094 0.9953 -0.1157 0.0171 0.9931 -0.1350 0.0249 0.9905 -0.1531 0.0326 0.9877 -0.1689 0.0402 0.9848 -0.1806 0.0475 0.9824 -0.1864 0.0544 0.9810 -0.1843 0.0608 0.9810 -0.1725 0.0666 0.9827 -0.1501 0.0716 0.9861 -0.1167 0.0754 0.9903 -0.0734 0.0779 0.9943 -0.0228 0.0786 0.9966 0.0313 0.0776 0.9965 0.0844 0.0746 0.9936 0.1319 0.0700 0.9888 0.1701 0.0639 0.9834 0.1966 0.0566 0.9788 0.2107 0.0486 0.9764 0.2123 0.0400 0.9764 0.2027 0.0310 0.9787 0.1839 0.0219 0.9827 0.1581 0.0128 0.9873 0.1282 0.0038 0.9917 0.0969 -0.0048 0.9953 0.0669 -0.0129 0.9977 0.0399 -0.0203 0.9990 0.0174 -0.0269 0.9995 -0.0257 -0.0355 0.9990 -0.1279 -0.0899 0.9877 -0.2479 -0.1375 0.9590 -0.3410 -0.1726 0.9241 -0.4161 -0.1990 0.8873 -0.4778 -0.2188 0.8508 -0.5292 -0.2334 0.8157 -0.5728 -0.2440 0.7825 -0.6103 -0.2512 0.7513 -0.6430 -0.2558 0.7218 -0.6720 -0.2581 0.6942 -0.6843 -0.2632 0.6800 0.7025 -0.2320 0.6728 0.6887 -0.2216 0.6904 0.6549 -0.2148 0.7245 0.6157 -0.2062 0.7605 0.5703 -0.1954 0.7979 0.5175 -0.1817 0.8362 0.4562 -0.1646 0.8745 0.3850 -0.1432 0.9118 0.3021 -0.1166 0.9461 0.2054 -0.0834 0.9751 0.0909 -0.0416 0.9950 -0.0307 0.0139 0.9994 -0.0980 0.0327 0.9947 -0.1133 0.0287 0.9931 -0.1265 0.0247 0.9917 -0.1390 0.0209 0.9901 -0.1490 0.0172 0.9887 -0.1545 0.0139 0.9879 -0.1531 0.0108 0.9882 -0.1432 0.0078 0.9897 -0.1234 0.0050 0.9923 -0.0936 0.0021 0.9956 -0.0548 -0.0009 0.9985 -0.0098 -0.0042 0.9999 0.0378 -0.0077 0.9993 0.0835 -0.0114 0.9964 0.1231 -0.0152 0.9923 0.1533 -0.0190 0.9880 0.1721 -0.0225 0.9848 0.1790 -0.0255 0.9835 0.1747 -0.0279 0.9842 0.1605 -0.0294 0.9866 0.1388 -0.0299 0.9899 0.1120 -0.0293 0.9933 0.0827 -0.0274 0.9962 0.0531 -0.0244 0.9983 0.0248 -0.0202 0.9995 -0.0014 -0.0149 0.9999 -0.0253 -0.0087 0.9996 -0.0472 -0.0016 0.9989 -0.0677 0.0064 0.9977 -0.0875 0.0152 0.9961 -0.1069 0.0247 0.9940 -0.1258 0.0348 0.9914 -0.1437 0.0456 0.9886 -0.1593 0.0569 0.9856 -0.1711 0.0685 0.9829 -0.1771 0.0801 0.9809 -0.1754 0.0916 0.9802 -0.1644 0.1025 0.9811 -0.1431 0.1123 0.9833 -0.1114 0.1205 0.9864 -0.0702 0.1264 0.9895 -0.0220 0.1296 0.9913 0.0295 0.1296 0.9911 0.0799 0.1262 0.9888 0.1251 0.1197 0.9849 0.1615 0.1106 0.9807 0.1867 0.0994 0.9774 0.1998 0.0868 0.9760 0.2009 0.0733 0.9769 0.1912 0.0593 0.9798 0.1723 0.0453 0.9840 0.1469 0.0317 0.9886 0.1175 0.0187 0.9929 0.0870 0.0067 0.9962 0.0578 -0.0042 0.9983 0.0319 -0.0139 0.9994 0.0076 -0.0223 0.9997 -0.0650 -0.0520 0.9965 -0.1844 -0.1145 0.9762 -0.2891 -0.1594 0.9439 -0.3721 -0.1931 0.9079 -0.4396 -0.2187 0.8712 -0.4954 -0.2379 0.8354 -0.5423 -0.2522 0.8015 -0.5822 -0.2626 0.7695 -0.6168 -0.2697 0.7394 -0.6472 -0.2742 0.7112 -0.6743 -0.2766 0.6847 -0.6858 -0.2819 0.6710 0.7066 -0.2517 0.6614 0.6936 -0.2417 0.6786 0.6615 -0.2356 0.7119 0.6245 -0.2279 0.7471 0.5816 -0.2179 0.7838 0.5320 -0.2051 0.8215 0.4747 -0.1889 0.8596 0.4084 -0.1685 0.8971 0.3315 -0.1429 0.9326 0.2423 -0.1107 0.9639 0.1385 -0.0704 0.9879 0.0149 -0.0184 0.9997 -0.0810 0.0333 0.9962 -0.1158 0.0357 0.9926 -0.1286 0.0346 0.9911 -0.1407 0.0343 0.9895 -0.1502 0.0348 0.9880 -0.1551 0.0360 0.9872 -0.1535 0.0378 0.9874 -0.1434 0.0399 0.9889 -0.1238 0.0419 0.9914 -0.0945 0.0433 0.9946 -0.0565 0.0436 0.9974 -0.0124 0.0426 0.9990 0.0342 0.0398 0.9986 0.0790 0.0354 0.9962 0.1180 0.0295 0.9926 0.1478 0.0225 0.9888 0.1667 0.0149 0.9859 0.1741 0.0073 0.9847 0.1705 0.0002 0.9854 0.1573 -0.0060 0.9875 0.1369 -0.0109 0.9905 0.1115 -0.0142 0.9937 0.0837 -0.0158 0.9964 0.0555 -0.0155 0.9983 0.0286 -0.0135 0.9995 0.0037 -0.0097 0.9999 -0.0189 -0.0044 0.9998 -0.0396 0.0024 0.9992 -0.0590 0.0106 0.9982 -0.0777 0.0202 0.9968 -0.0961 0.0311 0.9949 -0.1141 0.0433 0.9925 -0.1311 0.0567 0.9898 -0.1460 0.0711 0.9867 -0.1573 0.0864 0.9838 -0.1631 0.1021 0.9813 -0.1618 0.1179 0.9798 -0.1516 0.1331 0.9794 -0.1318 0.1470 0.9803 -0.1023 0.1588 0.9820 -0.0642 0.1677 0.9838 -0.0197 0.1728 0.9848 0.0279 0.1736 0.9844 0.0745 0.1700 0.9826 0.1161 0.1621 0.9799 0.1496 0.1506 0.9772 0.1727 0.1362 0.9755 0.1844 0.1198 0.9755 0.1848 0.1022 0.9775 0.1748 0.0840 0.9810 0.1563 0.0659 0.9855 0.1316 0.0484 0.9901 0.1033 0.0319 0.9941 0.0741 0.0170 0.9971 0.0464 0.0037 0.9989 0.0219 -0.0079 0.9997 -0.0208 -0.0218 0.9995 -0.1195 -0.0830 0.9894 -0.2366 -0.1399 0.9615 -0.3280 -0.1821 0.9269 -0.4017 -0.2142 0.8904 -0.4621 -0.2386 0.8541 -0.5123 -0.2571 0.8194 -0.5548 -0.2709 0.7867 -0.5912 -0.2810 0.7560 -0.6231 -0.2880 0.7272 -0.6513 -0.2924 0.7003 -0.6766 -0.2947 0.6748 -0.6872 -0.3002 0.6616 0.7100 -0.2716 0.6497 0.6979 -0.2621 0.6665 0.6675 -0.2569 0.6989 0.6324 -0.2500 0.7331 0.5921 -0.2411 0.7689 0.5457 -0.2294 0.8060 0.4923 -0.2144 0.8436 0.4307 -0.1953 0.8811 0.3598 -0.1710 0.9172 0.2780 -0.1403 0.9503 0.1836 -0.1018 0.9777 0.0737 -0.0530 0.9959 -0.0441 0.0110 0.9990 -0.1118 0.0412 0.9929 -0.1277 0.0428 0.9909 -0.1386 0.0456 0.9893 -0.1472 0.0497 0.9879 -0.1513 0.0550 0.9870 -0.1491 0.0611 0.9869 -0.1390 0.0675 0.9880 -0.1199 0.0737 0.9900 -0.0918 0.0788 0.9927 -0.0555 0.0821 0.9951 -0.0136 0.0830 0.9965 0.0306 0.0810 0.9962 0.0732 0.0761 0.9944 0.1103 0.0685 0.9915 0.1390 0.0589 0.9885 0.1573 0.0479 0.9864 0.1647 0.0364 0.9857 0.1617 0.0251 0.9865 0.1498 0.0149 0.9886 0.1309 0.0061 0.9914 0.1073 -0.0007 0.9942 0.0816 -0.0052 0.9967 0.0555 -0.0074 0.9984 0.0306 -0.0073 0.9995 0.0077 -0.0050 1.0000 -0.0132 -0.0006 0.9999 -0.0322 0.0058 0.9995 -0.0499 0.0140 0.9987 -0.0670 0.0241 0.9975 -0.0838 0.0360 0.9958 -0.1002 0.0496 0.9937 -0.1158 0.0650 0.9911 -0.1296 0.0818 0.9882 -0.1400 0.1000 0.9851 -0.1454 0.1188 0.9822 -0.1442 0.1379 0.9799 -0.1350 0.1564 0.9784 -0.1170 0.1734 0.9779 -0.0903 0.1879 0.9780 -0.0559 0.1989 0.9784 -0.0159 0.2055 0.9785 0.0267 0.2070 0.9780 0.0683 0.2033 0.9767 0.1055 0.1945 0.9752 0.1353 0.1814 0.9741 0.1556 0.1647 0.9740 0.1654 0.1455 0.9754 0.1648 0.1248 0.9784 0.1547 0.1034 0.9825 0.1366 0.0821 0.9872 0.1129 0.0616 0.9917 0.0862 0.0426 0.9954 0.0588 0.0254 0.9979 0.0330 0.0103 0.9994 0.0064 -0.0027 1.0000 -0.0681 -0.0433 0.9967 -0.1845 -0.1141 0.9762 -0.2846 -0.1660 0.9442 -0.3645 -0.2054 0.9083 -0.4296 -0.2356 0.8718 -0.4833 -0.2587 0.8364 -0.5283 -0.2763 0.8029 -0.5666 -0.2895 0.7715 -0.5998 -0.2992 0.7421 -0.6290 -0.3059 0.7147 -0.6550 -0.3103 0.6889 -0.6786 -0.3126 0.6647 -0.6884 -0.3181 0.6519 0.7129 -0.2916 0.6377 0.7015 -0.2827 0.6542 0.6727 -0.2785 0.6855 0.6396 -0.2727 0.7187 0.6017 -0.2648 0.7535 0.5583 -0.2544 0.7897 0.5086 -0.2408 0.8266 0.4517 -0.2232 0.8638 0.3865 -0.2006 0.9002 0.3119 -0.1718 0.9345 0.2264 -0.1354 0.9646 0.1284 -0.0896 0.9877 0.0134 -0.0310 0.9994 -0.0842 0.0332 0.9959 -0.1241 0.0485 0.9911 -0.1336 0.0539 0.9896 -0.1407 0.0609 0.9882 -0.1437 0.0694 0.9872 -0.1409 0.0789 0.9869 -0.1308 0.0887 0.9874 -0.1126 0.0981 0.9888 -0.0861 0.1061 0.9906 -0.0523 0.1118 0.9924 -0.0135 0.1142 0.9934 0.0273 0.1129 0.9932 0.0665 0.1077 0.9920 0.1008 0.0990 0.9900 0.1274 0.0875 0.9880 0.1445 0.0740 0.9867 0.1517 0.0596 0.9866 0.1493 0.0452 0.9878 0.1386 0.0318 0.9898 0.1215 0.0201 0.9924 0.1003 0.0106 0.9949 0.0770 0.0036 0.9970 0.0534 -0.0006 0.9986 0.0310 -0.0021 0.9995 0.0105 -0.0010 0.9999 -0.0081 0.0025 1.0000 -0.0250 0.0084 0.9997 -0.0407 0.0164 0.9990 -0.0558 0.0266 0.9981 -0.0706 0.0390 0.9967 -0.0850 0.0535 0.9949 -0.0988 0.0700 0.9926 -0.1109 0.0884 0.9899 -0.1201 0.1084 0.9868 -0.1249 0.1293 0.9837 -0.1238 0.1506 0.9808 -0.1157 0.1712 0.9784 -0.0998 0.1902 0.9767 -0.0763 0.2064 0.9755 -0.0462 0.2187 0.9747 -0.0113 0.2262 0.9740 0.0258 0.2283 0.9733 0.0618 0.2246 0.9725 0.0939 0.2154 0.9720 0.1193 0.2014 0.9722 0.1363 0.1834 0.9735 0.1439 0.1625 0.9761 0.1421 0.1398 0.9799 0.1317 0.1163 0.9844 0.1143 0.0930 0.9891 0.0919 0.0707 0.9933 0.0670 0.0500 0.9965 0.0418 0.0315 0.9986 0.0183 0.0153 0.9997 -0.0318 -0.0102 0.9994 -0.1334 -0.0826 0.9876 -0.2428 -0.1454 0.9591 -0.3286 -0.1928 0.9246 -0.3982 -0.2292 0.8882 -0.4554 -0.2572 0.8523 -0.5030 -0.2788 0.8181 -0.5432 -0.2954 0.7859 -0.5777 -0.3079 0.7559 -0.6078 -0.3171 0.7280 -0.6345 -0.3236 0.7019 -0.6586 -0.3278 0.6774 -0.6805 -0.3301 0.6542 -0.6894 -0.3357 0.6418 0.7151 -0.3118 0.6256 0.7045 -0.3035 0.6416 0.6771 -0.3003 0.6718 0.6458 -0.2956 0.7039 0.6102 -0.2890 0.7376 0.5697 -0.2799 0.7727 0.5236 -0.2678 0.8088 0.4711 -0.2519 0.8453 0.4115 -0.2312 0.8816 0.3436 -0.2047 0.9165 0.2665 -0.1709 0.9486 0.1790 -0.1283 0.9755 0.0795 -0.0745 0.9940 -0.0327 -0.0043 0.9995 -0.1070 0.0488 0.9931 -0.1262 0.0587 0.9903 -0.1317 0.0678 0.9890 -0.1334 0.0785 0.9880 -0.1299 0.0903 0.9874 -0.1199 0.1025 0.9875 -0.1026 0.1141 0.9882 -0.0782 0.1240 0.9892 -0.0475 0.1312 0.9902 -0.0125 0.1347 0.9908 0.0242 0.1340 0.9907 0.0594 0.1288 0.9899 0.0902 0.1196 0.9887 0.1141 0.1069 0.9877 0.1296 0.0920 0.9873 0.1362 0.0757 0.9878 0.1342 0.0594 0.9892 0.1248 0.0440 0.9912 0.1098 0.0303 0.9935 0.0910 0.0190 0.9957 0.0705 0.0104 0.9975 0.0498 0.0047 0.9987 0.0302 0.0020 0.9995 0.0123 0.0021 0.9999 -0.0038 0.0049 1.0000 -0.0183 0.0101 0.9998 -0.0317 0.0177 0.9993 -0.0445 0.0277 0.9986 -0.0569 0.0400 0.9976 -0.0692 0.0547 0.9961 -0.0808 0.0716 0.9942 -0.0910 0.0907 0.9917 -0.0988 0.1114 0.9888 -0.1029 0.1333 0.9857 -0.1019 0.1555 0.9826 -0.0948 0.1771 0.9796 -0.0812 0.1970 0.9770 -0.0611 0.2140 0.9749 -0.0355 0.2269 0.9733 -0.0060 0.2349 0.9720 0.0252 0.2372 0.9711 0.0553 0.2337 0.9707 0.0819 0.2246 0.9710 0.1027 0.2103 0.9722 0.1161 0.1919 0.9745 0.1212 0.1704 0.9779 0.1180 0.1469 0.9821 0.1073 0.1226 0.9866 0.0905 0.0984 0.9910 0.0697 0.0753 0.9947 0.0468 0.0540 0.9974 0.0240 0.0350 0.9991 -0.0087 0.0158 0.9998 -0.0920 -0.0459 0.9947 -0.2038 -0.1212 0.9715 -0.2947 -0.1769 0.9391 -0.3684 -0.2199 0.9033 -0.4289 -0.2531 0.8672 -0.4790 -0.2790 0.8323 -0.5211 -0.2990 0.7994 -0.5569 -0.3144 0.7688 -0.5879 -0.3261 0.7402 -0.6152 -0.3349 0.7137 -0.6396 -0.3411 0.6889 -0.6618 -0.3451 0.6656 -0.6821 -0.3473 0.6435 -0.6903 -0.3529 0.6316 0.7167 -0.3319 0.6134 0.7067 -0.3244 0.6288 0.6806 -0.3222 0.6580 0.6511 -0.3187 0.6889 0.6176 -0.3133 0.7214 0.5798 -0.3057 0.7553 0.5370 -0.2952 0.7902 0.4888 -0.2811 0.8259 0.4343 -0.2626 0.8617 0.3729 -0.2385 0.8967 0.3036 -0.2077 0.9299 0.2257 -0.1686 0.9595 0.1383 -0.1195 0.9832 0.0395 -0.0576 0.9976 -0.0615 0.0188 0.9979 -0.1146 0.0599 0.9916 -0.1210 0.0702 0.9902 -0.1213 0.0821 0.9892 -0.1171 0.0952 0.9885 -0.1072 0.1087 0.9883 -0.0912 0.1214 0.9884 -0.0691 0.1323 0.9888 -0.0417 0.1403 0.9892 -0.0108 0.1445 0.9894 0.0214 0.1442 0.9893 0.0522 0.1392 0.9889 0.0791 0.1300 0.9884 0.1000 0.1171 0.9881 0.1136 0.1016 0.9883 0.1194 0.0847 0.9892 0.1177 0.0675 0.9907 0.1096 0.0512 0.9927 0.0966 0.0366 0.9947 0.0804 0.0244 0.9965 0.0628 0.0149 0.9979 0.0451 0.0084 0.9989 0.0284 0.0050 0.9996 0.0133 0.0043 0.9999 -0.0002 0.0063 1.0000 -0.0122 0.0109 0.9999 -0.0231 0.0179 0.9996 -0.0335 0.0274 0.9991 -0.0435 0.0392 0.9983 -0.0534 0.0534 0.9971 -0.0627 0.0700 0.9956 -0.0710 0.0887 0.9935 -0.0772 0.1093 0.9910 -0.0804 0.1310 0.9881 -0.0795 0.1531 0.9850 -0.0735 0.1746 0.9819 -0.0622 0.1945 0.9789 -0.0456 0.2114 0.9763 -0.0245 0.2243 0.9742 -0.0004 0.2323 0.9726 0.0249 0.2348 0.9717 0.0491 0.2316 0.9716 0.0702 0.2227 0.9724 0.0861 0.2088 0.9741 0.0957 0.1908 0.9770 0.0982 0.1696 0.9806 0.0935 0.1464 0.9848 0.0826 0.1223 0.9891 0.0666 0.0984 0.9929 0.0472 0.0757 0.9960 0.0265 0.0548 0.9981 0.0034 0.0362 0.9993 -0.0628 -0.0130 0.9979 -0.1691 -0.0950 0.9810 -0.2639 -0.1591 0.9514 -0.3408 -0.2085 0.9167 -0.4041 -0.2471 0.8807 -0.4566 -0.2772 0.8454 -0.5004 -0.3007 0.8119 -0.5375 -0.3190 0.7806 -0.5694 -0.3332 0.7515 -0.5973 -0.3442 0.7245 -0.6220 -0.3523 0.6993 -0.6442 -0.3582 0.6758 -0.6646 -0.3620 0.6536 -0.6835 -0.3641 0.6326 -0.6910 -0.3698 0.6211 0.7175 -0.3520 0.6011 0.7081 -0.3452 0.6160 0.6833 -0.3441 0.6440 0.6553 -0.3417 0.6736 0.6238 -0.3377 0.7048 0.5885 -0.3315 0.7374 0.5489 -0.3226 0.7711 0.5045 -0.3105 0.8057 0.4548 -0.2941 0.8406 0.3994 -0.2727 0.8753 0.3374 -0.2451 0.9089 0.2683 -0.2099 0.9402 0.1915 -0.1655 0.9674 0.1063 -0.1101 0.9882 0.0105 -0.0406 0.9991 -0.0751 0.0355 0.9965 -0.1096 0.0686 0.9916 -0.1085 0.0808 0.9908 -0.1036 0.0942 0.9901 -0.0939 0.1079 0.9897 -0.0791 0.1209 0.9895 -0.0594 0.1320 0.9895 -0.0354 0.1402 0.9895 -0.0087 0.1446 0.9895 0.0190 0.1446 0.9893 0.0453 0.1400 0.9891 0.0681 0.1312 0.9890 0.0859 0.1187 0.9892 0.0974 0.1037 0.9898 0.1023 0.0871 0.9909 0.1009 0.0701 0.9924 0.0940 0.0539 0.9941 0.0830 0.0393 0.9958 0.0694 0.0270 0.9972 0.0546 0.0174 0.9984 0.0398 0.0107 0.9991 0.0261 0.0068 0.9996 0.0137 0.0057 0.9999 0.0028 0.0071 1.0000 -0.0067 0.0110 0.9999 -0.0153 0.0173 0.9997 -0.0232 0.0258 0.9994 -0.0309 0.0367 0.9988 -0.0383 0.0500 0.9980 -0.0454 0.0655 0.9968 -0.0516 0.0831 0.9952 -0.0563 0.1026 0.9931 -0.0586 0.1232 0.9907 -0.0577 0.1442 0.9879 -0.0528 0.1648 0.9849 -0.0437 0.1837 0.9820 -0.0305 0.1999 0.9793 -0.0138 0.2123 0.9771 0.0051 0.2200 0.9755 0.0248 0.2225 0.9746 0.0433 0.2195 0.9746 0.0590 0.2113 0.9756 0.0703 0.1983 0.9776 0.0761 0.1812 0.9805 0.0760 0.1612 0.9840 0.0700 0.1392 0.9878 0.0587 0.1164 0.9915 0.0435 0.0938 0.9946 0.0257 0.0724 0.9970 0.0071 0.0527 0.9986 -0.0439 0.0126 0.9990 -0.1400 -0.0691 0.9877 -0.2371 -0.1409 0.9612 -0.3160 -0.1965 0.9282 -0.3814 -0.2400 0.8927 -0.4357 -0.2742 0.8573 -0.4811 -0.3011 0.8233 -0.5195 -0.3222 0.7914 -0.5522 -0.3389 0.7617 -0.5806 -0.3519 0.7342 -0.6056 -0.3620 0.7087 -0.6280 -0.3695 0.6849 -0.6484 -0.3750 0.6626 -0.6671 -0.3786 0.6415 -0.6847 -0.3806 0.6216 -0.6914 -0.3863 0.6105 0.7176 -0.3718 0.5888 0.7087 -0.3659 0.6032 0.6851 -0.3659 0.6299 0.6586 -0.3646 0.6583 0.6289 -0.3619 0.6881 0.5958 -0.3571 0.7193 0.5591 -0.3499 0.7517 0.5182 -0.3396 0.7849 0.4730 -0.3256 0.8187 0.4230 -0.3069 0.8526 0.3676 -0.2825 0.8860 0.3065 -0.2513 0.9181 0.2392 -0.2119 0.9476 0.1654 -0.1627 0.9727 0.0847 -0.1020 0.9912 -0.0058 -0.0257 0.9997 -0.0760 0.0466 0.9960 -0.0959 0.0755 0.9925 -0.0903 0.0884 0.9920 -0.0808 0.1015 0.9915 -0.0673 0.1139 0.9912 -0.0498 0.1246 0.9910 -0.0291 0.1326 0.9907 -0.0064 0.1369 0.9906 0.0169 0.1372 0.9904 0.0389 0.1331 0.9903 0.0579 0.1251 0.9905 0.0726 0.1136 0.9909 0.0820 0.0996 0.9916 0.0860 0.0841 0.9927 0.0847 0.0682 0.9941 0.0789 0.0530 0.9955 0.0698 0.0392 0.9968 0.0585 0.0275 0.9979 0.0464 0.0183 0.9988 0.0345 0.0117 0.9993 0.0234 0.0078 0.9997 0.0136 0.0064 0.9999 0.0052 0.0073 1.0000 -0.0020 0.0105 0.9999 -0.0083 0.0159 0.9998 -0.0140 0.0234 0.9996 -0.0194 0.0330 0.9993 -0.0246 0.0448 0.9987 -0.0295 0.0588 0.9978 -0.0338 0.0747 0.9966 -0.0369 0.0923 0.9950 -0.0383 0.1111 0.9931 -0.0374 0.1303 0.9908 -0.0334 0.1491 0.9883 -0.0264 0.1664 0.9857 -0.0163 0.1813 0.9833 -0.0037 0.1927 0.9812 0.0104 0.1999 0.9798 0.0248 0.2023 0.9790 0.0380 0.1997 0.9791 0.0487 0.1923 0.9801 0.0557 0.1805 0.9820 0.0580 0.1650 0.9846 0.0555 0.1467 0.9876 0.0481 0.1267 0.9908 0.0367 0.1060 0.9937 0.0222 0.0856 0.9961 0.0059 0.0662 0.9978 -0.0333 0.0313 0.9990 -0.1183 -0.0461 0.9919 -0.2151 -0.1245 0.9686 -0.2945 -0.1852 0.9376 -0.3609 -0.2331 0.9030 -0.4165 -0.2710 0.8678 -0.4632 -0.3010 0.8336 -0.5027 -0.3247 0.8012 -0.5363 -0.3436 0.7710 -0.5652 -0.3585 0.7430 -0.5906 -0.3703 0.7170 -0.6130 -0.3795 0.6929 -0.6333 -0.3865 0.6705 -0.6519 -0.3915 0.6494 -0.6692 -0.3949 0.6294 -0.6855 -0.3968 0.6104 -0.6916 -0.4024 0.5998 0.7171 -0.3915 0.5767 0.7086 -0.3864 0.5904 0.6860 -0.3874 0.6159 0.6608 -0.3873 0.6430 0.6328 -0.3857 0.6714 0.6018 -0.3824 0.7011 0.5676 -0.3768 0.7320 0.5301 -0.3684 0.7638 0.4888 -0.3565 0.7962 0.4436 -0.3405 0.8290 0.3942 -0.3193 0.8618 0.3402 -0.2921 0.8938 0.2813 -0.2576 0.9244 0.2174 -0.2146 0.9522 0.1483 -0.1617 0.9756 0.0738 -0.0970 0.9925 -0.0087 -0.0163 0.9998 -0.0670 0.0519 0.9964 -0.0778 0.0791 0.9938 -0.0686 0.0911 0.9935 -0.0562 0.1025 0.9931 -0.0409 0.1123 0.9928 -0.0231 0.1197 0.9925 -0.0040 0.1238 0.9923 0.0152 0.1242 0.9921 0.0332 0.1208 0.9921 0.0487 0.1137 0.9923 0.0605 0.1036 0.9928 0.0681 0.0912 0.9935 0.0711 0.0774 0.9945 0.0699 0.0632 0.9956 0.0650 0.0495 0.9967 0.0576 0.0371 0.9977 0.0485 0.0266 0.9985 0.0388 0.0181 0.9991 0.0293 0.0120 0.9995 0.0207 0.0082 0.9998 0.0132 0.0066 0.9999 0.0070 0.0071 1.0000 0.0018 0.0096 1.0000 -0.0024 0.0140 0.9999 -0.0061 0.0203 0.9998 -0.0094 0.0284 0.9996 -0.0125 0.0385 0.9992 -0.0154 0.0505 0.9986 -0.0180 0.0643 0.9978 -0.0197 0.0796 0.9966 -0.0203 0.0960 0.9952 -0.0192 0.1128 0.9934 -0.0161 0.1294 0.9915 -0.0108 0.1446 0.9894 -0.0035 0.1578 0.9875 0.0054 0.1679 0.9858 0.0153 0.1744 0.9846 0.0250 0.1766 0.9840 0.0335 0.1745 0.9841 0.0397 0.1680 0.9850 0.0427 0.1577 0.9866 0.0419 0.1442 0.9887 0.0372 0.1282 0.9910 0.0287 0.1107 0.9934 0.0171 0.0927 0.9955 0.0033 0.0749 0.9972 -0.0288 0.0426 0.9987 -0.1051 -0.0299 0.9940 -0.1984 -0.1124 0.9737 -0.2765 -0.1766 0.9446 -0.3429 -0.2278 0.9113 -0.3991 -0.2687 0.8767 -0.4466 -0.3013 0.8425 -0.4869 -0.3272 0.8098 -0.5213 -0.3480 0.7792 -0.5508 -0.3646 0.7508 -0.5765 -0.3779 0.7244 -0.5992 -0.3885 0.7000 -0.6195 -0.3968 0.6773 -0.6379 -0.4031 0.6561 -0.6550 -0.4078 0.6362 -0.6709 -0.4109 0.6173 -0.6861 -0.4126 0.5992 -0.6916 -0.4181 0.5890 0.7158 -0.4109 0.5646 0.7077 -0.4066 0.5778 0.6861 -0.4085 0.6020 0.6621 -0.4095 0.6277 0.6356 -0.4092 0.6547 0.6065 -0.4072 0.6829 0.5747 -0.4031 0.7122 0.5400 -0.3964 0.7425 0.5023 -0.3867 0.7734 0.4614 -0.3732 0.8049 0.4172 -0.3551 0.8366 0.3694 -0.3318 0.8680 0.3179 -0.3020 0.8987 0.2626 -0.2649 0.9278 0.2033 -0.2193 0.9542 0.1403 -0.1639 0.9765 0.0730 -0.0972 0.9926 -0.0007 -0.0153 0.9999 -0.0512 0.0508 0.9974 -0.0576 0.0785 0.9952 -0.0462 0.0886 0.9950 -0.0328 0.0973 0.9947 -0.0177 0.1038 0.9944 -0.0018 0.1076 0.9942 0.0140 0.1082 0.9940 0.0285 0.1055 0.9940 0.0408 0.0996 0.9942 0.0501 0.0910 0.9946 0.0559 0.0805 0.9952 0.0581 0.0687 0.9959 0.0569 0.0565 0.9968 0.0529 0.0448 0.9976 0.0468 0.0340 0.9983 0.0395 0.0248 0.9989 0.0319 0.0174 0.9993 0.0246 0.0119 0.9996 0.0180 0.0084 0.9998 0.0125 0.0067 0.9999 0.0082 0.0068 0.9999 0.0048 0.0085 1.0000 0.0024 0.0119 0.9999 0.0005 0.0168 0.9999 -0.0011 0.0234 0.9997 -0.0024 0.0316 0.9995 -0.0036 0.0415 0.9991 -0.0046 0.0529 0.9986 -0.0051 0.0656 0.9978 -0.0049 0.0793 0.9968 -0.0037 0.0935 0.9956 -0.0012 0.1074 0.9942 0.0026 0.1204 0.9927 0.0076 0.1316 0.9913 0.0134 0.1402 0.9900 0.0195 0.1458 0.9891 0.0252 0.1478 0.9887 0.0296 0.1461 0.9888 0.0320 0.1408 0.9895 0.0316 0.1322 0.9907 0.0282 0.1209 0.9923 0.0217 0.1075 0.9940 0.0122 0.0929 0.9956 0.0005 0.0778 0.9970 -0.0282 0.0458 0.9986 -0.0987 -0.0236 0.9948 -0.1869 -0.1067 0.9766 -0.2622 -0.1725 0.9495 -0.3273 -0.2257 0.9176 -0.3832 -0.2686 0.8837 -0.4311 -0.3030 0.8499 -0.4720 -0.3307 0.8172 -0.5070 -0.3529 0.7864 -0.5371 -0.3708 0.7576 -0.5633 -0.3853 0.7309 -0.5862 -0.3970 0.7062 -0.6066 -0.4064 0.6833 -0.6250 -0.4138 0.6620 -0.6418 -0.4195 0.6419 -0.6575 -0.4237 0.6231 -0.6722 -0.4265 0.6051 -0.6863 -0.4281 0.5879 -0.6913 -0.4335 0.5781 0.7139 -0.4299 0.5527 0.7062 -0.4264 0.5652 0.6853 -0.4293 0.5883 0.6624 -0.4312 0.6126 0.6373 -0.4320 0.6381 0.6099 -0.4313 0.6648 0.5802 -0.4286 0.6926 0.5481 -0.4236 0.7212 0.5136 -0.4158 0.7506 0.4765 -0.4046 0.7805 0.4369 -0.3895 0.8108 0.3945 -0.3697 0.8412 0.3494 -0.3444 0.8714 0.3014 -0.3128 0.9007 0.2505 -0.2739 0.9286 0.1967 -0.2268 0.9539 0.1403 -0.1706 0.9753 0.0809 -0.1038 0.9913 0.0159 -0.0231 0.9996 -0.0309 0.0427 0.9986 -0.0376 0.0739 0.9966 -0.0257 0.0815 0.9963 -0.0128 0.0872 0.9961 0.0004 0.0906 0.9959 0.0131 0.0914 0.9957 0.0247 0.0893 0.9957 0.0344 0.0847 0.9958 0.0415 0.0778 0.9961 0.0458 0.0692 0.9966 0.0472 0.0595 0.9971 0.0460 0.0495 0.9977 0.0426 0.0397 0.9983 0.0376 0.0308 0.9988 0.0319 0.0230 0.9992 0.0259 0.0166 0.9995 0.0203 0.0118 0.9997 0.0154 0.0086 0.9998 0.0116 0.0068 0.9999 0.0088 0.0064 0.9999 0.0069 0.0074 0.9999 0.0059 0.0097 0.9999 0.0055 0.0133 0.9999 0.0054 0.0182 0.9998 0.0056 0.0245 0.9997 0.0059 0.0322 0.9995 0.0062 0.0412 0.9991 0.0068 0.0513 0.9987 0.0077 0.0622 0.9980 0.0091 0.0736 0.9972 0.0111 0.0849 0.9963 0.0137 0.0954 0.9953 0.0168 0.1046 0.9944 0.0201 0.1118 0.9935 0.0232 0.1164 0.9929 0.0256 0.1182 0.9927 0.0266 0.1170 0.9928 0.0258 0.1128 0.9933 0.0226 0.1060 0.9941 0.0170 0.0969 0.9951 0.0090 0.0863 0.9962 -0.0012 0.0746 0.9972 -0.0301 0.0400 0.9987 -0.0980 -0.0282 0.9948 -0.1798 -0.1094 0.9776 -0.2510 -0.1747 0.9521 -0.3138 -0.2282 0.9216 -0.3688 -0.2718 0.8889 -0.4165 -0.3072 0.8557 -0.4577 -0.3359 0.8232 -0.4931 -0.3591 0.7924 -0.5238 -0.3779 0.7634 -0.5504 -0.3932 0.7365 -0.5737 -0.4057 0.7115 -0.5943 -0.4158 0.6884 -0.6128 -0.4240 0.6669 -0.6295 -0.4305 0.6468 -0.6450 -0.4356 0.6279 -0.6594 -0.4393 0.6100 -0.6731 -0.4419 0.5930 -0.6863 -0.4433 0.5767 -0.6907 -0.4486 0.5672 0.7114 -0.4486 0.5410 0.7040 -0.4458 0.5529 0.6839 -0.4495 0.5747 0.6619 -0.4524 0.5977 0.6380 -0.4542 0.6218 0.6122 -0.4546 0.6470 0.5844 -0.4532 0.6731 0.5546 -0.4497 0.7001 0.5229 -0.4437 0.7278 0.4891 -0.4347 0.7562 0.4535 -0.4222 0.7849 0.4158 -0.4056 0.8140 0.3760 -0.3844 0.8431 0.3342 -0.3577 0.8720 0.2903 -0.3249 0.9001 0.2444 -0.2853 0.9268 0.1965 -0.2380 0.9512 0.1468 -0.1825 0.9722 0.0951 -0.1177 0.9885 0.0394 -0.0402 0.9984 -0.0075 0.0270 0.9996 -0.0195 0.0638 0.9978 -0.0086 0.0715 0.9974 0.0024 0.0746 0.9972 0.0128 0.0755 0.9971 0.0219 0.0742 0.9970 0.0293 0.0708 0.9971 0.0347 0.0655 0.9973 0.0377 0.0588 0.9976 0.0384 0.0511 0.9980 0.0371 0.0431 0.9984 0.0342 0.0353 0.9988 0.0301 0.0280 0.9992 0.0254 0.0216 0.9994 0.0207 0.0162 0.9997 0.0165 0.0120 0.9998 0.0129 0.0089 0.9999 0.0104 0.0070 0.9999 0.0088 0.0062 0.9999 0.0081 0.0064 0.9999 0.0082 0.0077 0.9999 0.0090 0.0099 0.9999 0.0102 0.0133 0.9999 0.0116 0.0177 0.9998 0.0130 0.0232 0.9996 0.0145 0.0299 0.9994 0.0160 0.0374 0.9992 0.0175 0.0457 0.9988 0.0191 0.0545 0.9983 0.0208 0.0632 0.9978 0.0225 0.0714 0.9972 0.0242 0.0786 0.9966 0.0255 0.0843 0.9961 0.0262 0.0881 0.9958 0.0260 0.0896 0.9956 0.0244 0.0889 0.9957 0.0210 0.0858 0.9961 0.0157 0.0808 0.9966 0.0084 0.0740 0.9972 -0.0008 0.0632 0.9980 -0.0342 0.0240 0.9991 -0.1020 -0.0445 0.9938 -0.1760 -0.1216 0.9768 -0.2423 -0.1844 0.9525 -0.3021 -0.2365 0.9235 -0.3554 -0.2796 0.8919 -0.4024 -0.3149 0.8596 -0.4435 -0.3438 0.8277 -0.4793 -0.3673 0.7971 -0.5105 -0.3865 0.7682 -0.5376 -0.4021 0.7411 -0.5614 -0.4150 0.7160 -0.5824 -0.4256 0.6926 -0.6010 -0.4343 0.6710 -0.6178 -0.4413 0.6508 -0.6332 -0.4470 0.6319 -0.6474 -0.4514 0.6140 -0.6608 -0.4547 0.5971 -0.6736 -0.4569 0.5810 -0.6859 -0.4581 0.5654 -0.6899 -0.4632 0.5563 0.7083 -0.4668 0.5296 0.7011 -0.4647 0.5408 0.6817 -0.4692 0.5614 0.6606 -0.4729 0.5830 0.6378 -0.4756 0.6058 0.6134 -0.4770 0.6294 0.5873 -0.4768 0.6540 0.5596 -0.4747 0.6793 0.5303 -0.4703 0.7054 0.4995 -0.4632 0.7321 0.4672 -0.4530 0.7592 0.4335 -0.4393 0.7868 0.3984 -0.4216 0.8146 0.3618 -0.3993 0.8424 0.3237 -0.3719 0.8700 0.2843 -0.3388 0.8969 0.2435 -0.2994 0.9226 0.2013 -0.2532 0.9462 0.1580 -0.1998 0.9670 0.1132 -0.1385 0.9839 0.0662 -0.0669 0.9956 0.0189 0.0028 0.9998 -0.0020 0.0462 0.9989 0.0044 0.0608 0.9981 0.0128 0.0619 0.9980 0.0200 0.0613 0.9979 0.0257 0.0590 0.9979 0.0295 0.0551 0.9980 0.0315 0.0501 0.9982 0.0316 0.0443 0.9985 0.0301 0.0381 0.9988 0.0274 0.0319 0.9991 0.0239 0.0261 0.9994 0.0201 0.0208 0.9996 0.0163 0.0163 0.9997 0.0130 0.0126 0.9998 0.0105 0.0096 0.9999 0.0088 0.0075 0.9999 0.0081 0.0062 0.9999 0.0084 0.0056 0.9999 0.0094 0.0058 0.9999 0.0111 0.0068 0.9999 0.0132 0.0087 0.9999 0.0156 0.0113 0.9998 0.0180 0.0149 0.9997 0.0204 0.0194 0.9996 0.0227 0.0246 0.9994 0.0248 0.0305 0.9992 0.0266 0.0368 0.9990 0.0281 0.0432 0.9987 0.0292 0.0492 0.9984 0.0298 0.0547 0.9981 0.0297 0.0590 0.9978 0.0287 0.0620 0.9977 0.0265 0.0634 0.9976 0.0229 0.0631 0.9977 0.0177 0.0612 0.9980 0.0107 0.0577 0.9983 -0.0006 0.0413 0.9991 -0.0411 -0.0033 0.9992 -0.1083 -0.0732 0.9914 -0.1741 -0.1434 0.9742 -0.2351 -0.2019 0.9508 -0.2913 -0.2513 0.9230 -0.3425 -0.2926 0.8928 -0.3884 -0.3268 0.8616 -0.4292 -0.3550 0.8305 -0.4651 -0.3782 0.8004 -0.4967 -0.3972 0.7717 -0.5244 -0.4128 0.7447 -0.5488 -0.4256 0.7195 -0.5702 -0.4363 0.6961 -0.5893 -0.4451 0.6743 -0.6063 -0.4524 0.6540 -0.6218 -0.4584 0.6350 -0.6360 -0.4632 0.6172 -0.6492 -0.4670 0.6004 -0.6617 -0.4698 0.5844 -0.6736 -0.4717 0.5690 -0.6852 -0.4726 0.5542 -0.6888 -0.4776 0.5454 0.7047 -0.4845 0.5183 0.6977 -0.4831 0.5290 0.6789 -0.4883 0.5484 0.6586 -0.4927 0.5687 0.6368 -0.4963 0.5901 0.6137 -0.4986 0.6123 0.5891 -0.4994 0.6353 0.5632 -0.4985 0.6590 0.5361 -0.4955 0.6834 0.5079 -0.4901 0.7084 0.4786 -0.4820 0.7339 0.4483 -0.4708 0.7599 0.4170 -0.4561 0.7862 0.3847 -0.4376 0.8127 0.3515 -0.4148 0.8393 0.3174 -0.3872 0.8656 0.2823 -0.3545 0.8914 0.2463 -0.3163 0.9161 0.2094 -0.2723 0.9391 0.1717 -0.2221 0.9598 0.1330 -0.1654 0.9772 0.0930 -0.1011 0.9905 0.0494 -0.0307 0.9983 0.0182 0.0199 0.9996 0.0133 0.0472 0.9988 0.0190 0.0512 0.9985 0.0232 0.0499 0.9985 0.0258 0.0473 0.9985 0.0269 0.0437 0.9987 0.0264 0.0395 0.9989 0.0248 0.0348 0.9991 0.0221 0.0300 0.9993 0.0190 0.0253 0.9995 0.0156 0.0210 0.9997 0.0125 0.0170 0.9998 0.0098 0.0136 0.9999 0.0079 0.0107 0.9999 0.0069 0.0083 0.9999 0.0069 0.0064 1.0000 0.0078 0.0051 1.0000 0.0094 0.0043 0.9999 0.0118 0.0041 0.9999 0.0147 0.0045 0.9999 0.0178 0.0056 0.9998 0.0211 0.0074 0.9998 0.0242 0.0100 0.9997 0.0272 0.0132 0.9995 0.0297 0.0169 0.9994 0.0318 0.0211 0.9993 0.0333 0.0254 0.9991 0.0341 0.0297 0.9990 0.0340 0.0335 0.9989 0.0330 0.0368 0.9988 0.0307 0.0391 0.9988 0.0272 0.0404 0.9988 0.0221 0.0405 0.9989 0.0156 0.0355 0.9992 -0.0042 0.0076 1.0000 -0.0525 -0.0430 0.9977 -0.1145 -0.1122 0.9871 -0.1727 -0.1743 0.9694 -0.2284 -0.2273 0.9467 -0.2809 -0.2726 0.9202 -0.3295 -0.3111 0.8914 -0.3741 -0.3433 0.8615 -0.4143 -0.3701 0.8315 -0.4502 -0.3923 0.8021 -0.4822 -0.4105 0.7739 -0.5104 -0.4256 0.7472 -0.5354 -0.4381 0.7221 -0.5575 -0.4484 0.6987 -0.5771 -0.4570 0.6768 -0.5946 -0.4642 0.6565 -0.6104 -0.4702 0.6375 -0.6247 -0.4751 0.6197 -0.6379 -0.4792 0.6029 -0.6503 -0.4823 0.5870 -0.6620 -0.4846 0.5718 -0.6732 -0.4861 0.5572 -0.6842 -0.4868 0.5430 -0.6875 -0.4916 0.5345 0.7006 -0.5018 0.5074 0.6938 -0.5009 0.5175 0.6755 -0.5067 0.5357 0.6560 -0.5118 0.5548 0.6351 -0.5160 0.5748 0.6131 -0.5191 0.5955 0.5899 -0.5209 0.6171 0.5656 -0.5210 0.6392 0.5405 -0.5192 0.6620 0.5145 -0.5153 0.6854 0.4877 -0.5090 0.7093 0.4603 -0.4999 0.7336 0.4323 -0.4879 0.7583 0.4037 -0.4726 0.7833 0.3746 -0.4537 0.8086 0.3448 -0.4309 0.8339 0.3144 -0.4038 0.8591 0.2833 -0.3723 0.8838 0.2516 -0.3360 0.9076 0.2192 -0.2948 0.9301 0.1862 -0.2486 0.9505 0.1525 -0.1972 0.9684 0.1179 -0.1401 0.9831 0.0819 -0.0750 0.9938 0.0442 -0.0172 0.9989 0.0228 0.0214 0.9995 0.0217 0.0408 0.9989 0.0234 0.0420 0.9988 0.0236 0.0397 0.9989 0.0227 0.0366 0.9991 0.0207 0.0331 0.9992 0.0180 0.0294 0.9994 0.0149 0.0256 0.9996 0.0118 0.0219 0.9997 0.0089 0.0184 0.9998 0.0067 0.0151 0.9999 0.0052 0.0121 0.9999 0.0046 0.0093 0.9999 0.0049 0.0069 1.0000 0.0063 0.0048 1.0000 0.0084 0.0031 1.0000 0.0113 0.0018 0.9999 0.0147 0.0009 0.9999 0.0185 0.0006 0.9998 0.0224 0.0009 0.9997 0.0262 0.0017 0.9997 0.0297 0.0032 0.9996 0.0327 0.0051 0.9995 0.0351 0.0075 0.9994 0.0367 0.0101 0.9993 0.0374 0.0129 0.9992 0.0370 0.0155 0.9992 0.0354 0.0178 0.9992 0.0324 0.0196 0.9993 0.0280 0.0180 0.9994 0.0180 -0.0014 0.9998 -0.0152 -0.0395 0.9991 -0.0674 -0.0961 0.9931 -0.1195 -0.1589 0.9800 -0.1710 -0.2126 0.9621 -0.2215 -0.2595 0.9400 -0.2701 -0.3001 0.9149 -0.3161 -0.3350 0.8876 -0.3590 -0.3645 0.8592 -0.3984 -0.3893 0.8305 -0.4342 -0.4099 0.8022 -0.4664 -0.4269 0.7747 -0.4953 -0.4410 0.7485 -0.5209 -0.4527 0.7237 -0.5438 -0.4623 0.7004 -0.5641 -0.4704 0.6786 -0.5822 -0.4772 0.6583 -0.5985 -0.4829 0.6392 -0.6132 -0.4877 0.6214 -0.6266 -0.4916 0.6047 -0.6391 -0.4948 0.5888 -0.6507 -0.4974 0.5738 -0.6618 -0.4992 0.5594 -0.6724 -0.5003 0.5455 -0.6828 -0.5008 0.5320 -0.6858 -0.5053 0.5238 0.6960 -0.5185 0.4967 0.6894 -0.5182 0.5062 0.6717 -0.5244 0.5233 0.6528 -0.5301 0.5412 0.6327 -0.5349 0.5599 0.6117 -0.5387 0.5793 0.5898 -0.5412 0.5994 0.5670 -0.5422 0.6201 0.5436 -0.5415 0.6413 0.5196 -0.5389 0.6631 0.4951 -0.5341 0.6853 0.4702 -0.5269 0.7080 0.4449 -0.5171 0.7312 0.4194 -0.5046 0.7547 0.3935 -0.4890 0.7785 0.3673 -0.4701 0.8025 0.3408 -0.4477 0.8267 0.3137 -0.4217 0.8507 0.2862 -0.3919 0.8744 0.2580 -0.3580 0.8973 0.2293 -0.3202 0.9192 0.2000 -0.2784 0.9394 0.1701 -0.2325 0.9576 0.1397 -0.1825 0.9732 0.1086 -0.1277 0.9858 0.0766 -0.0676 0.9948 0.0439 -0.0194 0.9988 0.0247 0.0135 0.9996 0.0215 0.0317 0.9993 0.0199 0.0356 0.9992 0.0175 0.0330 0.9993 0.0146 0.0301 0.9994 0.0115 0.0269 0.9996 0.0084 0.0236 0.9997 0.0056 0.0203 0.9998 0.0035 0.0170 0.9999 0.0022 0.0137 0.9999 0.0018 0.0106 0.9999 0.0024 0.0076 1.0000 0.0039 0.0047 1.0000 0.0064 0.0021 1.0000 0.0097 -0.0002 1.0000 0.0135 -0.0021 0.9999 0.0178 -0.0037 0.9998 0.0222 -0.0047 0.9997 0.0265 -0.0053 0.9996 0.0306 -0.0053 0.9995 0.0341 -0.0049 0.9994 0.0368 -0.0040 0.9993 0.0387 -0.0027 0.9992 0.0394 -0.0012 0.9992 0.0390 0.0004 0.9992 0.0371 -0.0041 0.9993 0.0310 -0.0223 0.9993 0.0062 -0.0546 0.9985 -0.0352 -0.1016 0.9942 -0.0785 -0.1594 0.9841 -0.1230 -0.2110 0.9697 -0.1684 -0.2567 0.9517 -0.2139 -0.2972 0.9305 -0.2587 -0.3329 0.9068 -0.3019 -0.3637 0.8812 -0.3430 -0.3901 0.8545 -0.3814 -0.4123 0.8273 -0.4169 -0.4310 0.8003 -0.4493 -0.4464 0.7739 -0.4786 -0.4591 0.7484 -0.5050 -0.4697 0.7241 -0.5287 -0.4784 0.7012 -0.5499 -0.4857 0.6795 -0.5688 -0.4917 0.6593 -0.5858 -0.4968 0.6403 -0.6011 -0.5012 0.6225 -0.6150 -0.5048 0.6058 -0.6277 -0.5078 0.5901 -0.6394 -0.5103 0.5751 -0.6505 -0.5122 0.5608 -0.6610 -0.5135 0.5471 -0.6712 -0.5142 0.5339 -0.6811 -0.5144 0.5210 -0.6839 -0.5187 0.5131 0.6911 -0.5346 0.4864 0.6846 -0.5348 0.4953 0.6673 -0.5415 0.5113 0.6491 -0.5476 0.5280 0.6298 -0.5530 0.5455 0.6097 -0.5573 0.5636 0.5889 -0.5604 0.5823 0.5675 -0.5622 0.6015 0.5456 -0.5624 0.6213 0.5233 -0.5608 0.6416 0.5008 -0.5574 0.6623 0.4780 -0.5518 0.6834 0.4552 -0.5439 0.7049 0.4322 -0.5337 0.7269 0.4091 -0.5208 0.7492 0.3859 -0.5053 0.7719 0.3624 -0.4868 0.7948 0.3386 -0.4654 0.8178 0.3144 -0.4408 0.8407 0.2897 -0.4131 0.8634 0.2644 -0.3821 0.8855 0.2385 -0.3480 0.9067 0.2120 -0.3107 0.9266 0.1849 -0.2704 0.9448 0.1574 -0.2272 0.9610 0.1296 -0.1810 0.9749 0.1018 -0.1315 0.9861 0.0740 -0.0785 0.9942 0.0457 -0.0354 0.9983 0.0240 -0.0043 0.9997 0.0151 0.0159 0.9998 0.0118 0.0266 0.9996 0.0084 0.0288 0.9995 0.0052 0.0258 0.9997 0.0023 0.0225 0.9997 0.0001 0.0191 0.9998 -0.0012 0.0155 0.9999 -0.0016 0.0119 0.9999 -0.0009 0.0084 1.0000 0.0008 0.0048 1.0000 0.0035 0.0014 1.0000 0.0070 -0.0018 1.0000 0.0112 -0.0047 0.9999 0.0159 -0.0073 0.9998 0.0207 -0.0095 0.9997 0.0256 -0.0112 0.9996 0.0301 -0.0125 0.9995 0.0341 -0.0132 0.9993 0.0373 -0.0135 0.9992 0.0395 -0.0183 0.9991 0.0405 -0.0309 0.9987 0.0341 -0.0522 0.9981 0.0126 -0.0836 0.9964 -0.0181 -0.1259 0.9919 -0.0510 -0.1771 0.9829 -0.0867 -0.2238 0.9708 -0.1248 -0.2661 0.9558 -0.1647 -0.3045 0.9382 -0.2055 -0.3390 0.9181 -0.2465 -0.3696 0.8959 -0.2869 -0.3963 0.8722 -0.3259 -0.4193 0.8473 -0.3631 -0.4389 0.8219 -0.3981 -0.4553 0.7964 -0.4305 -0.4688 0.7713 -0.4603 -0.4800 0.7468 -0.4874 -0.4892 0.7233 -0.5120 -0.4967 0.7008 -0.5341 -0.5029 0.6796 -0.5540 -0.5081 0.6595 -0.5718 -0.5124 0.6407 -0.5879 -0.5160 0.6230 -0.6025 -0.5190 0.6064 -0.6157 -0.5216 0.5907 -0.6278 -0.5237 0.5758 -0.6391 -0.5254 0.5617 -0.6497 -0.5267 0.5481 -0.6598 -0.5275 0.5351 -0.6696 -0.5279 0.5225 -0.6791 -0.5277 0.5102 -0.6817 -0.5317 0.5026 0.6859 -0.5502 0.4763 0.6795 -0.5508 0.4847 0.6627 -0.5579 0.4997 0.6449 -0.5644 0.5153 0.6264 -0.5701 0.5316 0.6072 -0.5749 0.5484 0.5874 -0.5786 0.5658 0.5672 -0.5810 0.5837 0.5467 -0.5819 0.6021 0.5260 -0.5813 0.6209 0.5051 -0.5789 0.6401 0.4843 -0.5747 0.6597 0.4634 -0.5685 0.6798 0.4427 -0.5601 0.7002 0.4219 -0.5496 0.7210 0.4011 -0.5368 0.7423 0.3801 -0.5217 0.7638 0.3590 -0.5040 0.7856 0.3374 -0.4838 0.8075 0.3154 -0.4611 0.8294 0.2929 -0.4358 0.8511 0.2696 -0.4080 0.8723 0.2457 -0.3777 0.8927 0.2211 -0.3451 0.9122 0.1960 -0.3103 0.9302 0.1705 -0.2735 0.9466 0.1448 -0.2350 0.9611 0.1194 -0.1949 0.9735 0.0945 -0.1533 0.9836 0.0708 -0.1094 0.9915 0.0484 -0.0696 0.9964 0.0275 -0.0391 0.9989 0.0106 -0.0168 0.9998 0.0020 -0.0017 1.0000 -0.0011 0.0076 1.0000 -0.0035 0.0123 0.9999 -0.0050 0.0134 0.9999 -0.0054 0.0119 0.9999 -0.0047 0.0089 0.9999 -0.0030 0.0050 1.0000 -0.0002 0.0009 1.0000 0.0035 -0.0031 1.0000 0.0080 -0.0072 0.9999 0.0130 -0.0118 0.9998 0.0182 -0.0175 0.9997 0.0235 -0.0252 0.9994 0.0285 -0.0356 0.9990 0.0330 -0.0499 0.9982 0.0317 -0.0692 0.9971 0.0212 -0.0945 0.9953 0.0054 -0.1269 0.9919 -0.0138 -0.1673 0.9858 -0.0367 -0.2106 0.9769 -0.0631 -0.2505 0.9661 -0.0928 -0.2877 0.9532 -0.1253 -0.3222 0.9383 -0.1601 -0.3541 0.9214 -0.1964 -0.3830 0.9026 -0.2337 -0.4089 0.8822 -0.2710 -0.4317 0.8604 -0.3079 -0.4514 0.8375 -0.3437 -0.4682 0.8141 -0.3779 -0.4823 0.7903 -0.4101 -0.4939 0.7667 -0.4402 -0.5034 0.7435 -0.4679 -0.5111 0.7210 -0.4934 -0.5173 0.6993 -0.5165 -0.5223 0.6786 -0.5374 -0.5263 0.6589 -0.5563 -0.5296 0.6403 -0.5734 -0.5323 0.6228 -0.5888 -0.5346 0.6063 -0.6027 -0.5365 0.5907 -0.6155 -0.5380 0.5759 -0.6272 -0.5393 0.5619 -0.6381 -0.5403 0.5485 -0.6483 -0.5410 0.5357 -0.6581 -0.5413 0.5233 -0.6675 -0.5413 0.5113 -0.6768 -0.5408 0.4995 -0.6792 -0.5445 0.4922 0.6804 -0.5652 0.4665 0.6741 -0.5662 0.4744 0.6577 -0.5735 0.4884 0.6405 -0.5803 0.5030 0.6226 -0.5864 0.5182 0.6042 -0.5915 0.5339 0.5854 -0.5956 0.5500 0.5663 -0.5986 0.5666 0.5470 -0.6002 0.5836 0.5276 -0.6003 0.6011 0.5083 -0.5989 0.6189 0.4891 -0.5958 0.6371 0.4700 -0.5909 0.6557 0.4511 -0.5843 0.6747 0.4323 -0.5757 0.6941 0.4135 -0.5652 0.7138 0.3946 -0.5528 0.7340 0.3756 -0.5383 0.7544 0.3562 -0.5218 0.7752 0.3364 -0.5032 0.7960 0.3160 -0.4826 0.8169 0.2949 -0.4600 0.8376 0.2730 -0.4354 0.8579 0.2503 -0.4091 0.8775 0.2269 -0.3811 0.8963 0.2029 -0.3516 0.9139 0.1785 -0.3210 0.9301 0.1541 -0.2894 0.9447 0.1300 -0.2574 0.9575 0.1066 -0.2251 0.9685 0.0844 -0.1930 0.9776 0.0639 -0.1614 0.9848 0.0454 -0.1302 0.9904 0.0295 -0.1018 0.9944 0.0162 -0.0801 0.9967 0.0058 -0.0643 0.9979 -0.0015 -0.0537 0.9986 -0.0060 -0.0474 0.9989 -0.0078 -0.0448 0.9990 -0.0071 -0.0454 0.9989 -0.0046 -0.0488 0.9988 -0.0011 -0.0548 0.9985 0.0025 -0.0634 0.9980 0.0055 -0.0749 0.9972 0.0073 -0.0894 0.9960 0.0074 -0.1075 0.9942 0.0052 -0.1298 0.9915 0.0004 -0.1569 0.9876 -0.0075 -0.1895 0.9819 -0.0186 -0.2234 0.9746 -0.0331 -0.2564 0.9660 -0.0511 -0.2886 0.9561 -0.0726 -0.3198 0.9447 -0.0973 -0.3496 0.9319 -0.1248 -0.3777 0.9175 -0.1549 -0.4038 0.9016 -0.1870 -0.4278 0.8843 -0.2205 -0.4494 0.8657 -0.2548 -0.4686 0.8459 -0.2893 -0.4852 0.8252 -0.3234 -0.4994 0.8038 -0.3565 -0.5113 0.7820 -0.3883 -0.5210 0.7601 -0.4184 -0.5289 0.7384 -0.4467 -0.5351 0.7171 -0.4728 -0.5399 0.6964 -0.4969 -0.5436 0.6764 -0.5190 -0.5464 0.6573 -0.5390 -0.5486 0.6392 -0.5571 -0.5503 0.6219 -0.5736 -0.5516 0.6056 -0.5885 -0.5526 0.5901 -0.6020 -0.5535 0.5755 -0.6144 -0.5541 0.5616 -0.6258 -0.5546 0.5484 -0.6364 -0.5550 0.5357 -0.6464 -0.5551 0.5235 -0.6559 -0.5549 0.5117 -0.6651 -0.5544 0.5002 -0.6741 -0.5536 0.4889 -0.6764 -0.5570 0.4819 0.6746 -0.5797 0.4571 0.6684 -0.5810 0.4644 0.6524 -0.5885 0.4775 0.6357 -0.5955 0.4912 0.6185 -0.6018 0.5053 0.6008 -0.6072 0.5199 0.5829 -0.6117 0.5349 0.5648 -0.6150 0.5502 0.5466 -0.6172 0.5660 0.5285 -0.6179 0.5821 0.5105 -0.6173 0.5986 0.4927 -0.6152 0.6155 0.4751 -0.6115 0.6327 0.4578 -0.6062 0.6503 0.4406 -0.5993 0.6683 0.4235 -0.5908 0.6867 0.4064 -0.5807 0.7055 0.3891 -0.5688 0.7246 0.3715 -0.5553 0.7440 0.3534 -0.5402 0.7637 0.3347 -0.5235 0.7835 0.3152 -0.5052 0.8034 0.2949 -0.4855 0.8230 0.2736 -0.4643 0.8423 0.2515 -0.4419 0.8611 0.2286 -0.4184 0.8790 0.2052 -0.3941 0.8959 0.1813 -0.3693 0.9115 0.1574 -0.3441 0.9256 0.1339 -0.3191 0.9382 0.1112 -0.2946 0.9491 0.0896 -0.2710 0.9584 0.0697 -0.2487 0.9661 0.0517 -0.2283 0.9722 0.0360 -0.2101 0.9770 0.0227 -0.1946 0.9806 0.0118 -0.1821 0.9832 0.0034 -0.1730 0.9849 -0.0027 -0.1677 0.9858 -0.0069 -0.1664 0.9860 -0.0095 -0.1693 0.9855 -0.0110 -0.1765 0.9842 -0.0120 -0.1877 0.9822 -0.0129 -0.2024 0.9792 -0.0145 -0.2200 0.9754 -0.0171 -0.2402 0.9706 -0.0214 -0.2623 0.9647 -0.0278 -0.2858 0.9579 -0.0366 -0.3102 0.9500 -0.0481 -0.3351 0.9409 -0.0626 -0.3600 0.9308 -0.0801 -0.3845 0.9196 -0.1005 -0.4083 0.9073 -0.1237 -0.4310 0.8938 -0.1496 -0.4524 0.8792 -0.1776 -0.4721 0.8635 -0.2075 -0.4900 0.8467 -0.2386 -0.5059 0.8289 -0.2704 -0.5198 0.8103 -0.3025 -0.5316 0.7911 -0.3343 -0.5415 0.7713 -0.3654 -0.5495 0.7514 -0.3953 -0.5558 0.7313 -0.4238 -0.5606 0.7115 -0.4505 -0.5641 0.6920 -0.4755 -0.5666 0.6730 -0.4985 -0.5683 0.6546 -0.5197 -0.5693 0.6370 -0.5390 -0.5699 0.6202 -0.5566 -0.5702 0.6042 -0.5726 -0.5703 0.5890 -0.5872 -0.5702 0.5745 -0.6004 -0.5701 0.5608 -0.6125 -0.5699 0.5477 -0.6237 -0.5697 0.5352 -0.6341 -0.5693 0.5232 -0.6440 -0.5689 0.5116 -0.6533 -0.5682 0.5003 -0.6623 -0.5673 0.4893 -0.6711 -0.5662 0.4786 -0.6733 -0.5692 0.4718 0.6687 -0.5935 0.4479 0.6626 -0.5951 0.4548 0.6469 -0.6028 0.4671 0.6307 -0.6099 0.4798 0.6141 -0.6164 0.4929 0.5972 -0.6220 0.5064 0.5800 -0.6268 0.5204 0.5628 -0.6304 0.5346 0.5456 -0.6330 0.5492 0.5286 -0.6343 0.5641 0.5118 -0.6343 0.5794 0.4953 -0.6330 0.5950 0.4790 -0.6303 0.6109 0.4630 -0.6263 0.6272 0.4472 -0.6208 0.6439 0.4316 -0.6140 0.6609 0.4158 -0.6057 0.6784 0.4000 -0.5961 0.6962 0.3837 -0.5852 0.7143 0.3670 -0.5730 0.7328 0.3497 -0.5595 0.7514 0.3315 -0.5449 0.7702 0.3123 -0.5291 0.7890 0.2922 -0.5123 0.8076 0.2711 -0.4945 0.8258 0.2490 -0.4760 0.8434 0.2261 -0.4569 0.8603 0.2026 -0.4375 0.8761 0.1788 -0.4179 0.8907 0.1550 -0.3986 0.9039 0.1316 -0.3798 0.9157 0.1090 -0.3618 0.9259 0.0876 -0.3451 0.9345 0.0678 -0.3300 0.9415 0.0499 -0.3169 0.9471 0.0340 -0.3061 0.9514 0.0202 -0.2979 0.9544 0.0087 -0.2924 0.9563 -0.0008 -0.2899 0.9571 -0.0085 -0.2904 0.9569 -0.0145 -0.2939 0.9557 -0.0194 -0.3004 0.9536 -0.0236 -0.3096 0.9506 -0.0274 -0.3214 0.9466 -0.0315 -0.3353 0.9416 -0.0364 -0.3511 0.9356 -0.0424 -0.3683 0.9287 -0.0500 -0.3866 0.9209 -0.0596 -0.4056 0.9121 -0.0715 -0.4249 0.9024 -0.0859 -0.4442 0.8918 -0.1028 -0.4631 0.8803 -0.1223 -0.4814 0.8679 -0.1443 -0.4987 0.8547 -0.1686 -0.5148 0.8406 -0.1949 -0.5295 0.8256 -0.2228 -0.5427 0.8099 -0.2519 -0.5542 0.7934 -0.2818 -0.5640 0.7762 -0.3119 -0.5721 0.7585 -0.3418 -0.5786 0.7405 -0.3712 -0.5836 0.7223 -0.3995 -0.5871 0.7040 -0.4266 -0.5895 0.6859 -0.4522 -0.5909 0.6681 -0.4762 -0.5915 0.6507 -0.4985 -0.5914 0.6338 -0.5190 -0.5910 0.6176 -0.5378 -0.5902 0.6020 -0.5550 -0.5893 0.5872 -0.5706 -0.5883 0.5730 -0.5849 -0.5873 0.5594 -0.5980 -0.5863 0.5465 -0.6100 -0.5853 0.5342 -0.6210 -0.5844 0.5224 -0.6313 -0.5834 0.5110 -0.6410 -0.5824 0.4999 -0.6502 -0.5813 0.4892 -0.6592 -0.5800 0.4787 -0.6679 -0.5784 0.4684 -0.6700 -0.5812 0.4619 0.6626 -0.6068 0.4390 0.6566 -0.6086 0.4455 0.6413 -0.6164 0.4570 0.6256 -0.6236 0.4688 0.6095 -0.6302 0.4810 0.5932 -0.6360 0.4936 0.5768 -0.6409 0.5065 0.5604 -0.6449 0.5197 0.5442 -0.6477 0.5332 0.5281 -0.6495 0.5470 0.5124 -0.6501 0.5611 0.4970 -0.6495 0.5755 0.4819 -0.6476 0.5902 0.4670 -0.6446 0.6053 0.4524 -0.6403 0.6207 0.4379 -0.6349 0.6365 0.4234 -0.6283 0.6527 0.4086 -0.6207 0.6692 0.3935 -0.6119 0.6861 0.3779 -0.6021 0.7033 0.3616 -0.5914 0.7208 0.3444 -0.5798 0.7384 0.3262 -0.5673 0.7561 0.3069 -0.5541 0.7738 0.2864 -0.5403 0.7912 0.2649 -0.5259 0.8082 0.2424 -0.5112 0.8246 0.2191 -0.4962 0.8401 0.1953 -0.4812 0.8546 0.1711 -0.4665 0.8678 0.1471 -0.4522 0.8797 0.1236 -0.4387 0.8901 0.1010 -0.4262 0.8990 0.0797 -0.4151 0.9063 0.0598 -0.4056 0.9121 0.0418 -0.3980 0.9164 0.0257 -0.3924 0.9194 0.0117 -0.3890 0.9212 -0.0004 -0.3879 0.9217 -0.0107 -0.3892 0.9211 -0.0195 -0.3928 0.9194 -0.0269 -0.3986 0.9167 -0.0335 -0.4065 0.9130 -0.0396 -0.4163 0.9084 -0.0456 -0.4276 0.9028 -0.0521 -0.4403 0.8963 -0.0594 -0.4540 0.8890 -0.0679 -0.4685 0.8808 -0.0781 -0.4834 0.8719 -0.0901 -0.4985 0.8622 -0.1043 -0.5135 0.8517 -0.1207 -0.5281 0.8406 -0.1393 -0.5421 0.8287 -0.1602 -0.5552 0.8162 -0.1831 -0.5672 0.8030 -0.2078 -0.5781 0.7891 -0.2341 -0.5876 0.7745 -0.2615 -0.5957 0.7594 -0.2897 -0.6024 0.7438 -0.3181 -0.6076 0.7277 -0.3465 -0.6115 0.7114 -0.3744 -0.6140 0.6948 -0.4015 -0.6155 0.6782 -0.4275 -0.6159 0.6617 -0.4522 -0.6156 0.6454 -0.4754 -0.6146 0.6295 -0.4970 -0.6132 0.6140 -0.5170 -0.6114 0.5990 -0.5354 -0.6095 0.5846 -0.5523 -0.6076 0.5708 -0.5678 -0.6056 0.5575 -0.5819 -0.6038 0.5448 -0.5948 -0.6020 0.5327 -0.6067 -0.6003 0.5211 -0.6177 -0.5988 0.5098 -0.6279 -0.5972 0.4990 -0.6376 -0.5957 0.4885 -0.6468 -0.5941 0.4783 -0.6556 -0.5924 0.4682 -0.6643 -0.5905 0.4584 -0.6664 -0.5929 0.4521 0.6564 -0.6196 0.4305 0.6505 -0.6216 0.4365 0.6356 -0.6293 0.4472 0.6203 -0.6366 0.4583 0.6047 -0.6432 0.4697 0.5890 -0.6491 0.4813 0.5733 -0.6542 0.4933 0.5577 -0.6583 0.5055 0.5423 -0.6615 0.5180 0.5272 -0.6636 0.5308 0.5124 -0.6647 0.5438 0.4979 -0.6647 0.5571 0.4838 -0.6635 0.5707 0.4699 -0.6614 0.5846 0.4563 -0.6582 0.5988 0.4428 -0.6540 0.6134 0.4292 -0.6488 0.6284 0.4154 -0.6428 0.6437 0.4012 -0.6359 0.6593 0.3864 -0.6282 0.6753 0.3709 -0.6198 0.6916 0.3545 -0.6107 0.7081 0.3369 -0.6011 0.7247 0.3182 -0.5909 0.7413 0.2983 -0.5803 0.7578 0.2772 -0.5694 0.7739 0.2550 -0.5582 0.7896 0.2317 -0.5469 0.8045 0.2078 -0.5357 0.8184 0.1833 -0.5247 0.8313 0.1588 -0.5141 0.8429 0.1345 -0.5042 0.8531 0.1108 -0.4951 0.8618 0.0882 -0.4870 0.8689 0.0669 -0.4802 0.8746 0.0472 -0.4749 0.8788 0.0292 -0.4712 0.8815 0.0132 -0.4692 0.8830 -0.0010 -0.4690 0.8832 -0.0134 -0.4707 0.8822 -0.0242 -0.4741 0.8801 -0.0336 -0.4792 0.8771 -0.0420 -0.4858 0.8730 -0.0498 -0.4939 0.8681 -0.0573 -0.5031 0.8623 -0.0650 -0.5133 0.8557 -0.0732 -0.5243 0.8484 -0.0824 -0.5358 0.8403 -0.0929 -0.5475 0.8316 -0.1050 -0.5593 0.8223 -0.1188 -0.5709 0.8124 -0.1347 -0.5821 0.8019 -0.1525 -0.5928 0.7908 -0.1723 -0.6026 0.7792 -0.1940 -0.6116 0.7670 -0.2174 -0.6194 0.7543 -0.2423 -0.6262 0.7411 -0.2682 -0.6316 0.7274 -0.2949 -0.6359 0.7132 -0.3220 -0.6389 0.6987 -0.3491 -0.6407 0.6839 -0.3758 -0.6414 0.6689 -0.4018 -0.6412 0.6538 -0.4269 -0.6401 0.6388 -0.4507 -0.6384 0.6239 -0.4733 -0.6362 0.6093 -0.4944 -0.6336 0.5951 -0.5140 -0.6308 0.5813 -0.5321 -0.6280 0.5679 -0.5488 -0.6251 0.5550 -0.5641 -0.6224 0.5426 -0.5781 -0.6198 0.5307 -0.5910 -0.6173 0.5193 -0.6029 -0.6150 0.5083 -0.6139 -0.6128 0.4977 -0.6241 -0.6107 0.4874 -0.6337 -0.6087 0.4774 -0.6429 -0.6066 0.4676 -0.6518 -0.6045 0.4580 -0.6604 -0.6023 0.4486 -0.6625 -0.6043 0.4426 0.6501 -0.6317 0.4222 0.6443 -0.6339 0.4279 0.6297 -0.6416 0.4379 0.6149 -0.6489 0.4482 0.5999 -0.6555 0.4588 0.5847 -0.6615 0.4696 0.5697 -0.6666 0.4807 0.5548 -0.6709 0.4920 0.5401 -0.6743 0.5036 0.5258 -0.6767 0.5154 0.5118 -0.6782 0.5274 0.4982 -0.6787 0.5397 0.4849 -0.6782 0.5522 0.4719 -0.6768 0.5650 0.4591 -0.6745 0.5782 0.4464 -0.6713 0.5916 0.4336 -0.6674 0.6054 0.4206 -0.6628 0.6196 0.4071 -0.6574 0.6341 0.3930 -0.6515 0.6489 0.3781 -0.6451 0.6640 0.3622 -0.6382 0.6793 0.3451 -0.6309 0.6948 0.3269 -0.6233 0.7104 0.3073 -0.6154 0.7258 0.2865 -0.6074 0.7410 0.2644 -0.5992 0.7557 0.2411 -0.5910 0.7698 0.2170 -0.5828 0.7831 0.1923 -0.5749 0.7953 0.1673 -0.5673 0.8064 0.1423 -0.5601 0.8161 0.1178 -0.5537 0.8244 0.0942 -0.5480 0.8312 0.0717 -0.5433 0.8365 0.0506 -0.5397 0.8403 0.0312 -0.5373 0.8428 0.0136 -0.5363 0.8439 -0.0022 -0.5366 0.8438 -0.0162 -0.5383 0.8426 -0.0286 -0.5414 0.8403 -0.0395 -0.5458 0.8370 -0.0494 -0.5513 0.8328 -0.0584 -0.5579 0.8278 -0.0670 -0.5654 0.8221 -0.0756 -0.5736 0.8156 -0.0845 -0.5823 0.8085 -0.0941 -0.5914 0.8009 -0.1048 -0.6006 0.7926 -0.1168 -0.6098 0.7839 -0.1303 -0.6188 0.7747 -0.1456 -0.6274 0.7650 -0.1627 -0.6354 0.7548 -0.1816 -0.6428 0.7442 -0.2022 -0.6493 0.7332 -0.2244 -0.6549 0.7217 -0.2480 -0.6594 0.7097 -0.2727 -0.6629 0.6973 -0.2981 -0.6652 0.6845 -0.3239 -0.6665 0.6714 -0.3499 -0.6668 0.6580 -0.3755 -0.6661 0.6445 -0.4006 -0.6645 0.6308 -0.4249 -0.6623 0.6171 -0.4482 -0.6595 0.6035 -0.4702 -0.6563 0.5901 -0.4908 -0.6528 0.5770 -0.5101 -0.6492 0.5642 -0.5280 -0.6455 0.5518 -0.5446 -0.6419 0.5398 -0.5598 -0.6385 0.5282 -0.5738 -0.6352 0.5170 -0.5866 -0.6321 0.5063 -0.5985 -0.6292 0.4959 -0.6095 -0.6265 0.4858 -0.6198 -0.6239 0.4760 -0.6295 -0.6214 0.4665 -0.6387 -0.6189 0.4572 -0.6476 -0.6164 0.4480 -0.6562 -0.6138 0.4390 -0.6584 -0.6155 0.4332 0.6438 -0.6434 0.4142 0.6381 -0.6456 0.4195 0.6239 -0.6533 0.4289 0.6095 -0.6605 0.4385 0.5949 -0.6672 0.4483 0.5803 -0.6731 0.4584 0.5658 -0.6783 0.4687 0.5516 -0.6827 0.4792 0.5376 -0.6863 0.4899 0.5240 -0.6890 0.5008 0.5107 -0.6908 0.5119 0.4978 -0.6917 0.5232 0.4853 -0.6917 0.5348 0.4730 -0.6910 0.5466 0.4610 -0.6895 0.5587 0.4489 -0.6872 0.5711 0.4368 -0.6844 0.5838 0.4243 -0.6809 0.5969 0.4114 -0.6770 0.6103 0.3978 -0.6726 0.6240 0.3834 -0.6678 0.6380 0.3679 -0.6628 0.6522 0.3512 -0.6575 0.6666 0.3333 -0.6520 0.6810 0.3139 -0.6464 0.6954 0.2932 -0.6407 0.7096 0.2712 -0.6350 0.7233 0.2480 -0.6293 0.7365 0.2237 -0.6237 0.7490 0.1987 -0.6182 0.7605 0.1733 -0.6130 0.7708 0.1478 -0.6081 0.7800 0.1227 -0.6037 0.7877 0.0982 -0.5999 0.7940 0.0747 -0.5967 0.7989 0.0526 -0.5944 0.8024 0.0321 -0.5930 0.8046 0.0133 -0.5926 0.8054 -0.0037 -0.5932 0.8051 -0.0190 -0.5948 0.8036 -0.0326 -0.5975 0.8012 -0.0447 -0.6012 0.7979 -0.0556 -0.6057 0.7937 -0.0656 -0.6111 0.7888 -0.0750 -0.6171 0.7833 -0.0842 -0.6236 0.7772 -0.0936 -0.6305 0.7705 -0.1035 -0.6377 0.7633 -0.1142 -0.6449 0.7557 -0.1261 -0.6520 0.7476 -0.1393 -0.6589 0.7392 -0.1541 -0.6655 0.7303 -0.1705 -0.6715 0.7211 -0.1885 -0.6769 0.7115 -0.2082 -0.6816 0.7015 -0.2293 -0.6854 0.6911 -0.2518 -0.6883 0.6804 -0.2753 -0.6902 0.6692 -0.2996 -0.6911 0.6577 -0.3244 -0.6911 0.6459 -0.3494 -0.6901 0.6338 -0.3741 -0.6884 0.6214 -0.3984 -0.6858 0.6090 -0.4220 -0.6827 0.5965 -0.4447 -0.6790 0.5841 -0.4662 -0.6750 0.5718 -0.4865 -0.6708 0.5597 -0.5056 -0.6665 0.5479 -0.5233 -0.6622 0.5363 -0.5397 -0.6580 0.5251 -0.5549 -0.6540 0.5143 -0.5688 -0.6501 0.5038 -0.5817 -0.6465 0.4936 -0.5937 -0.6431 0.4838 -0.6047 -0.6398 0.4742 -0.6151 -0.6368 0.4649 -0.6249 -0.6338 0.4559 -0.6341 -0.6309 0.4470 -0.6431 -0.6280 0.4382 -0.6517 -0.6251 0.4296 -0.6540 -0.6265 0.4241 0.6376 -0.6545 0.4064 0.6319 -0.6568 0.4114 0.6180 -0.6644 0.4202 0.6040 -0.6716 0.4292 0.5899 -0.6781 0.4384 0.5758 -0.6841 0.4477 0.5619 -0.6893 0.4573 0.5482 -0.6938 0.4670 0.5348 -0.6975 0.4769 0.5218 -0.7004 0.4870 0.5092 -0.7025 0.4972 0.4970 -0.7037 0.5077 0.4851 -0.7043 0.5183 0.4735 -0.7041 0.5292 0.4620 -0.7033 0.5404 0.4505 -0.7018 0.5518 0.4389 -0.6999 0.5635 0.4269 -0.6975 0.5756 0.4144 -0.6947 0.5879 0.4012 -0.6917 0.6005 0.3871 -0.6883 0.6135 0.3719 -0.6849 0.6266 0.3555 -0.6813 0.6399 0.3377 -0.6776 0.6533 0.3185 -0.6739 0.6666 0.2979 -0.6702 0.6798 0.2759 -0.6665 0.6926 0.2526 -0.6628 0.7048 0.2283 -0.6593 0.7164 0.2031 -0.6558 0.7271 0.1774 -0.6525 0.7368 0.1515 -0.6494 0.7452 0.1258 -0.6466 0.7524 0.1007 -0.6442 0.7582 0.0765 -0.6422 0.7627 0.0536 -0.6408 0.7658 0.0323 -0.6401 0.7676 0.0125 -0.6400 0.7682 -0.0054 -0.6408 0.7677 -0.0216 -0.6422 0.7662 -0.0361 -0.6445 0.7637 -0.0491 -0.6475 0.7605 -0.0608 -0.6512 0.7565 -0.0716 -0.6554 0.7518 -0.0816 -0.6602 0.7466 -0.0913 -0.6654 0.7409 -0.1010 -0.6708 0.7347 -0.1111 -0.6764 0.7281 -0.1218 -0.6821 0.7211 -0.1335 -0.6876 0.7137 -0.1464 -0.6929 0.7061 -0.1606 -0.6978 0.6981 -0.1764 -0.7023 0.6897 -0.1936 -0.7061 0.6811 -0.2124 -0.7093 0.6721 -0.2326 -0.7118 0.6627 -0.2541 -0.7134 0.6530 -0.2766 -0.7142 0.6430 -0.3000 -0.7140 0.6326 -0.3238 -0.7130 0.6219 -0.3478 -0.7112 0.6110 -0.3718 -0.7085 0.5998 -0.3954 -0.7052 0.5885 -0.4184 -0.7014 0.5771 -0.4405 -0.6971 0.5657 -0.4616 -0.6925 0.5544 -0.4817 -0.6877 0.5432 -0.5005 -0.6829 0.5322 -0.5180 -0.6780 0.5214 -0.5344 -0.6733 0.5110 -0.5495 -0.6688 0.5008 -0.5635 -0.6644 0.4909 -0.5764 -0.6603 0.4813 -0.5884 -0.6565 0.4720 -0.5996 -0.6528 0.4630 -0.6100 -0.6493 0.4541 -0.6199 -0.6460 0.4455 -0.6293 -0.6427 0.4370 -0.6383 -0.6394 0.4287 -0.6470 -0.6361 0.4205 -0.6493 -0.6372 0.4152 0.6361 -0.6587 0.4019 0.6306 -0.6610 0.4067 0.6171 -0.6685 0.4152 0.6035 -0.6754 0.4238 0.5899 -0.6819 0.4325 0.5764 -0.6877 0.4415 0.5630 -0.6928 0.4506 0.5500 -0.6972 0.4599 0.5372 -0.7008 0.4693 0.5249 -0.7037 0.4789 0.5129 -0.7058 0.4886 0.5013 -0.7072 0.4986 0.4901 -0.7078 0.5087 0.4790 -0.7078 0.5191 0.4681 -0.7073 0.5298 0.4571 -0.7062 0.5407 0.4460 -0.7047 0.5519 0.4345 -0.7027 0.5634 0.4224 -0.7005 0.5752 0.4095 -0.6981 0.5873 0.3956 -0.6955 0.5998 0.3806 -0.6929 0.6124 0.3643 -0.6901 0.6253 0.3466 -0.6874 0.6382 0.3274 -0.6847 0.6512 0.3066 -0.6820 0.6639 0.2844 -0.6794 0.6764 0.2608 -0.6769 0.6884 0.2359 -0.6744 0.6997 0.2102 -0.6719 0.7102 0.1837 -0.6696 0.7196 0.1571 -0.6674 0.7279 0.1305 -0.6655 0.7349 0.1044 -0.6638 0.7406 0.0792 -0.6624 0.7450 0.0552 -0.6614 0.7480 0.0327 -0.6610 0.7497 0.0118 -0.6611 0.7502 -0.0073 -0.6618 0.7496 -0.0246 -0.6632 0.7481 -0.0401 -0.6652 0.7456 -0.0541 -0.6678 0.7423 -0.0667 -0.6711 0.7384 -0.0783 -0.6748 0.7338 -0.0890 -0.6790 0.7287 -0.0992 -0.6835 0.7232 -0.1093 -0.6883 0.7172 -0.1197 -0.6931 0.7108 -0.1306 -0.6980 0.7041 -0.1423 -0.7028 0.6970 -0.1550 -0.7073 0.6897 -0.1690 -0.7115 0.6821 -0.1844 -0.7152 0.6741 -0.2013 -0.7184 0.6658 -0.2195 -0.7210 0.6573 -0.2391 -0.7228 0.6484 -0.2600 -0.7238 0.6391 -0.2818 -0.7240 0.6296 -0.3045 -0.7234 0.6197 -0.3277 -0.7219 0.6095 -0.3511 -0.7196 0.5990 -0.3745 -0.7166 0.5884 -0.3976 -0.7130 0.5776 -0.4201 -0.7088 0.5666 -0.4418 -0.7043 0.5557 -0.4626 -0.6994 0.5448 -0.4824 -0.6943 0.5341 -0.5010 -0.6892 0.5235 -0.5184 -0.6841 0.5131 -0.5346 -0.6791 0.5030 -0.5496 -0.6743 0.4931 -0.5636 -0.6698 0.4835 -0.5765 -0.6654 0.4742 -0.5885 -0.6613 0.4651 -0.5997 -0.6574 0.4563 -0.6102 -0.6537 0.4477 -0.6200 -0.6501 0.4392 -0.6294 -0.6466 0.4310 -0.6384 -0.6432 0.4228 -0.6471 -0.6397 0.4148 -0.6495 -0.6406 0.4097</float_array>
          <technique_common>
            <accessor source="#Terrain-mesh-normals-array" count="6561" stride="3">
              <param name="X" type="float"/>
              <param name="Y" type="float"/>
              <param name="Z" type="float"/>
            </accessor>
          </technique_common>
        </source>
        <source id="Terrain-mesh-map-0">
          <float_array id="Terrain-mesh-map-0-array" count="13122">0.000 0.000 0.113 0.000 0.225 0.000 0.338 0.000 0.450 0.000 0.562 0.000 0.675 0.000 0.787 0.000 0.900 0.000 1.012 0.000 1.125 0.000 1.238 0.000 1.350 0.000 1.462 0.000 1.575 0.000 1.688 0.000 1.800 0.000 1.913 0.000 2.025 0.000 2.138 0.000 2.250 0.000 2.362 0.000 2.475 0.000 2.587 0.000 2.700 0.000 2.812 0.000 2.925 0.000 3.038 0.000 3.150 0.000 3.263 0.000 3.375 0.000 3.487 0.000 3.600 0.000 3.712 0.000 3.825 0.000 3.938 0.000 4.050 0.000 4.162 0.000 4.275 0.000 4.388 0.000 4.500 0.000 4.612 0.000 4.725 0.000 4.838 0.000 4.950 0.000 5.062 0.000 5.175 0.000 5.287 0.000 5.400 0.000 5.513 0.000 5.625 0.000 5.737 0.000 5.850 0.000 5.963 0.000 6.075 0.000 6.188 0.000 6.300 0.000 6.412 0.000 6.525 0.000 6.638 0.000 6.750 0.000 6.862 0.000 6.975 0.000 7.088 0.000 7.200 0.000 7.312 0.000 7.425 0.000 7.537 0.000 7.650 0.000 7.763 0.000 7.875 0.000 7.987 0.000 8.100 0.000 8.213 0.000 8.325 0.000 8.438 0.000 8.550 0.000 8.662 0.000 8.775 0.000 8.887 0.000 9.000 0.000 0.000 0.113 0.113 0.113 0.225 0.113 0.338 0.113 0.450 0.113 0.562 0.113 0.675 0.113 0.787 0.113 0.900 0.113 1.012 0.113 1.125 0.113 1.238 0.113 1.350 0.113 1.462 0.113 1.575 0.113 1.688 0.113 1.800 0.113 1.913 0.113 2.025 0.113 2.138 0.113 2.250 0.113 2.362 0.113 2.475 0.113 2.587 0.113 2.700 0.113 2.812 0.113 2.925 0.113 3.038 0.113 3.150 0.113 3.263 0.113 3.375 0.113 3.487 0.113 3.600 0.113 3.712 0.113 3.825 0.113 3.938 0.113 4.050 0.113 4.162 0.113 4.275 0.113 4.388 0.113 4.500 0.113 4.612 0.113 4.725 0.113 4.838 0.113 4.950 0.113 5.062 0.113 5.175 0.113 5.287 0.113 5.400 0.113 5.513 0.113 5.625 0.113 5.737 0.113 5.850 0.113 5.963 0.113 6.075 0.113 6.188 0.113 6.300 0.113 6.412 0.113 6.525 0.113 6.638 0.113 6.750 0.113 6.862 0.113 6.975 0.113 7.088 0.113 7.200 0.113 7.312 0.113 7.425 0.113 7.537 0.113 7.650 0.113 7.763 0.113 7.875 0.113 7.987 0.113 8.100 0.113 8.213 0.113 8.325 0.113 8.438 0.113 8.550 0.113 8.662 0.113 8.775 0.113 8.887 0.113 9.000 0.113 0.000 0.225 0.113 0.225 0.225 0.225 0.338 0.225 0.450 0.225 0.562 0.225 0.675 0.225 0.787 0.225 0.900 0.225 1.012 0.225 1.125 0.225 1.238 0.225 1.350 0.225 1.462 0.225 1.575 0.225 1.688 0.225 1.800 0.225 1.913 0.225 2.025 0.225 2.138 0.225 2.250 0.225 2.362 0.225 2.475 0.225 2.587 0.225 2.700 0.225 2.812 0.225 2.925 0.225 3.038 0.225 3.150 0.225 3.263 0.225 3.375 0.225 3.487 0.225 3.600 0.225 3.712 0.225 3.825 0.225 3.938 0.225 4.050 0.225 4.162 0.225 4.275 0.225 4.388 0.225 4.500 0.225 4.612 0.225 4.725 0.225 4.838 0.225 4.950 0.225 5.062 0.225 5.175 0.225 5.287 0.225 5.400 0.225 5.513 0.225 5.625 0.225 5.737 0.225 5.850 0.225 5.963 0.225 6.075 0.225 6.188 0.225 6.300 0.225 6.412 0.225 6.525 0.225 6.638 0.225 6.750 0.225 6.862 0.225 6.975 0.225 7.088 0.225 7.200 0.225 7.312 0.225 7.425 0.225 7.537 0.225 7.650 0.225 7.763 0.225 7.875 0.225 7.987 0.225 8.100 0.225 8.213 0.225 8.325 0.225 8.438 0.225 8.550 0.225 8.662 0.225 8.775 0.225 8.887 0.225 9.000 0.225 0.000 0.338 0.113 0.338 0.225 0.338 0.338 0.338 0.450 0.338 0.562 0.338 0.675 0.338 0.787 0.338 0.900 0.338 1.012 0.338 1.125 0.338 1.238 0.338 1.350 0.338 1.462 0.338 1.575 0.338 1.688 0.338 1.800 0.338 1.913 0.338 2.025 0.338 2.138 0.338 2.250 0.338 2.362 0.338 2.475 0.338 2.587 0.338 2.700 0.338 2.812 0.338 2.925 0.338 3.038 0.338 3.150 0.338 3.263 0.338 3.375 0.338 3.487 0.338 3.600 0.338 3.712 0.338 3.825 0.338 3.938 0.338 4.050 0.338 4.162 0.338 4.275 0.338 4.388 0.338 4.500 0.338 4.612 0.338 4.725 0.338 4.838 0.338 4.950 0.338 5.062 0.338 5.175 0.338 5.287 0.338 5.400 0.338 5.513 0.338 5.625 0.338 5.737 0.338 5.850 0.338 5.963 0.338 6.075 0.338 6.188 0.338 6.300 0.338 6.412 0.338 6.525 0.338 6.638 0.338 6.750 0.338 6.862 0.338 6.975 0.338 7.088 0.338 7.200 0.338 7.312 0.338 7.425 0.338 7.537 0.338 7.650 0.338 7.763 0.338 7.875 0.338 7.987 0.338 8.100 0.338 8.213 0.338 8.325 0.338 8.438 0.338 8.550 0.338 8.662 0.338 8.775 0.338 8.887 0.338 9.000 0.338 0.000 0.450 0.113 0.450 0.225 0.450 0.338 0.450 0.450 0.450 0.562 0.450 0.675 0.450 0.787 0.450 0.900 0.450 1.012 0.450 1.125 0.450 1.238 0.450 1.350 0.450 1.462 0.450 1.575 0.450 1.688 0.450 1.800 0.450 1.913 0.450 2.025 0.450 2.138 0.450 2.250 0.450 2.362 0.450 2.475 0.450 2.587 0.450 2.700 0.450 2.812 0.450 2.925 0.450 3.038 0.450 3.150 0.450 3.263 0.450 3.375 0.450 3.487 0.450 3.600 0.450 3.712 0.450 3.825 0.450 3.938 0.450 4.050 0.450 4.162 0.450 4.275 0.450 4.388 0.450 4.500 0.450 4.612 0.450 4.725 0.450 4.838 0.450 4.950 0.450 5.062 0.450 5.175 0.450 5.287 0.450 5.400 0.450 5.513 0.450 5.625 0.450 5.737 0.450 5.850 0.450 5.963 0.450 6.075 0.450 6.188 0.450 6.300 0.450 6.412 0.450 6.525 0.450 6.638 0.450 6.750 0.450 6.862 0.450 6.975 0.450 7.088 0.450 7.200 0.450 7.312 0.450 7.425 0.450 7.537 0.450 7.650 0.450 7.763 0.450 7.875 0.450 7.987 0.450 8.100 0.450 8.213 0.450 8.325 0.450 8.438 0.450 8.550 0.450 8.662 0.450 8.775 0.450 8.887 0.450 9.000 0.450 0.000 0.562 0.113 0.562 0.225 0.562 0.338 0.562 0.450 0.562 0.562 0.562 0.675 0.562 0.787 0.562 0.900 0.562 1.012 0.562 1.125 0.562 1.238 0.562 1.350 0.562 1.462 0.562 1.575 0.562 1.688 0.562 1.800 0.562 1.913 0.562 2.025 0.562 2.138 0.562 2.250 0.562 2.362 0.562 2.475 0.562 2.587 0.562 2.700 0.562 2.812 0.562 2.925 0.562 3.038 0.562 3.150 0.562 3.263 0.562 3.375 0.562 3.487 0.562 3.600 0.562 3.712 0.562 3.825 0.562 3.938 0.562 4.050 0.562 4.162 0.562 4.275 0.562 4.388 0.562 4.500 0.562 4.612 0.562 4.725 0.562 4.838 0.562 4.950 0.562 5.062 0.562 5.175 0.562 5.287 0.562 5.400 0.562 5.513 0.562 5.625 0.562 5.737 0.562 5.850 0.562 5.963 0.562 6.075 0.562 6.188 0.562 6.300 0.562 6.412 0.562 6.525 0.562 6.638 0.562 6.750 0.562 6.862 0.562 6.975 0.562 7.088 0.562 7.200 0.562 7.312 0.562 7.425 0.562 7.537 0.562 7.650 0.562 7.763 0.562 7.875 0.562 7.987 0.562 8.100 0.562 8.213 0.562 8.325 0.562 8.438 0.562 8.550 0.562 8.662 0.562 8.775 0.562 8.887 0.562 9.000 0.562 0.000 0.675 0.113 0.675 0.225 0.675 0.338 0.675 0.450 0.675 0.562 0.675 0.675 0.675 0.787 0.675 0.900 0.675 1.012 0.675 1.125 0.675 1.238 0.675 1.350 0.675 1.462 0.675 1.575 0.675 1.688 0.675 1.800 0.675 1.913 0.675 2.025 0.675 2.138 0.675 2.250 0.675 2.362 0.675 2.475 0.675 2.587 0.675 2.700 0.675 2.812 0.675 2.925 0.675 3.038 0.675 3.150 0.675 3.263 0.675 3.375 0.675 3.487 0.675 3.600 0.675 3.712 0.675 3.825 0.675 3.938 0.675 4.050 0.675 4.162 0.675 4.275 0.675 4.388 0.675 4.500 0.675 4.612 0.675 4.725 0.675 4.838 0.675 4.950 0.675 5.062 0.675 5.175 0.675 5.287 0.675 5.400 0.675 5.513 0.675 5.625 0.675 5.737 0.675 5.850 0.675 5.963 0.675 6.075 0.675 6.188 0.675 6.300 0.675 6.412 0.675 6.525 0.675 6.638 0.675 6.750 0.675 6.862 0.675 6.975 0.675 7.088 0.675 7.200 0.675 7.312 0.675 7.425 0.675 7.537 0.675 7.650 0.675 7.763 0.675 7.875 0.675 7.987 0.675 8.100 0.675 8.213 0.675 8.325 0.675 8.438 0.675 8.550 0.675 8.662 0.675 8.775 0.675 8.887 0.675 9.000 0.675 0.000 0.787 0.113 0.787 0.225 0.787 0.338 0.787 0.450 0.787 0.562 0.787 0.675 0.787 0.787 0.787 0.900 0.787 1.012 0.787 1.125 0.787 1.238 0.787 1.350 0.787 1.462 0.787 1.575 0.787 1.688 0.787 1.800 0.787 1.913 0.787 2.025 0.787 2.138 0.787 2.250 0.787 2.362 0.787 2.475 0.787 2.587 0.787 2.700 0.787 2.812 0.787 2.925 0.787 3.038 0.787 3.150 0.787 3.263 0.787 3.375 0.787 3.487 0.787 3.600 0.787 3.712 0.787 3.825 0.787 3.938 0.787 4.050 0.787 4.162 0.787 4.275 0.787 4.388 0.787 4.500 0.787 4.612 0.787 4.725 0.787 4.838 0.787 4.950 0.787 5.062 0.787 5.175 0.787 5.287 0.787 5.400 0.787 5.513 0.787 5.625 0.787 5.737 0.787 5.850 0.787 5.963 0.787 6.075 0.787 6.188 0.787 6.300 0.787 6.412 0.787 6.525 0.787 6.638 0.787 6.750 0.787 6.862 0.787 6.975 0.787 7.088 0.787 7.200 0.787 7.312 0.787 7.425 0.787 7.537 0.787 7.650 0.787 7.763 0.787 7.875 0.787 7.987 0.787 8.100 0.787 8.213 0.787 8.325 0.787 8.438 0.787 8.550 0.787 8.662 0.787 8.775 0.787 8.887 0.787 9.000 0.787 0.000 0.900 0.113 0.900 0.225 0.900 0.338 0.900 0.450 0.900 0.562 0.900 0.675 0.900 0.787 0.900 0.900 0.900 1.012 0.900 1.125 0.900 1.238 0.900 1.350 0.900 1.462 0.900 1.575 0.900 1.688 0.900 1.800 0.900 1.913 0.900 2.025 0.900 2.138 0.900 2.250 0.900 2.362 0.900 2.475 0.900 2.587 0.900 2.700 0.900 2.812 0.900 2.925 0.900 3.038 0.900 3.150 0.900 3.263 0.900 3.375 0.900 3.487 0.900 3.600 0.900 3.712 0.900 3.825 0.900 3.938 0.900 4.050 0.900 4.162 0.900 4.275 0.900 4.388 0.900 4.500 0.900 4.612 0.900 4.725 0.900 4.838 0.900 4.950 0.900 5.062 0.900 5.175 0.900 5.287 0.900 5.400 0.900 5.513 0.900 5.625 0.900 5.737 0.900 5.850 0.900 5.963 0.900 6.075 0.900 6.188 0.900 6.300 0.900 6.412 0.900 6.525 0.900 6.638 0.900 6.750 0.900 6.862 0.900 6.975 0.900 7.088 0.900 7.200 0.900 7.312 0.900 7.425 0.900 7.537 0.900 7.650 0.900 7.763 0.900 7.875 0.900 7.987 0.900 8.100 0.900 8.213 0.900 8.325 0.900 8.438 0.900 8.550 0.900 8.662 0.900 8.775 0.900 8.887 0.900 9.000 0.900 0.000 1.012 0.113 1.012 0.225 1.012 0.338 1.012 0.450 1.012 0.562 1.012 0.675 1.012 0.787 1.012 0.900 1.012 1.012 1.012 1.125 1.012 1.238 1.012 1.350 1.012 1.462 1.012 1.575 1.012 1.688 1.012 1.800 1.012 1.913 1.012 2.025 1.012 2.138 1.012 2.250 1.012 2.362 1.012 2.475 1.012 2.587 1.012 2.700 1.012 2.812 1.012 2.925 1.012 3.038 1.012 3.150 1.012 3.263 1.012 3.375 1.012 3.487 1.012 3.600 1.012 3.712 1.012 3.825 1.012 3.938 1.012 4.050 1.012 4.162 1.012 4.275 1.012 4.388 1.012 4.500 1.012 4.612 1.012 4.725 1.012 4.838 1.012 4.950 1.012 5.062 1.012 5.175 1.012 5.287 1.012 5.400 1.012 5.513 1.012 5.625 1.012 5.737 1.012 5.850 1.012 5.963 1.012 6.075 1.012 6.188 1.012 6.300 1.012 6.412 1.012 6.525 1.012 6.638 1.012 6.750 1.012 6.862 1.012 6.975 1.012 7.088 1.012 7.200 1.012 7.312 1.012 7.425 1.012 7.537 1.012 7.650 1.012 7.763 1.012 7.875 1.012 7.987 1.012 8.100 1.012 8.213 1.012 8.325 1.012 8.438 1.012 8.550 1.012 8.662 1.012 8.775 1.012 8.887 1.012 9.000 1.012 0.000 1.125 0.113 1.125 0.225 1.125 0.338 1.125 0.450 1.125 0.562 1.125 0.675 1.125 0.787 1.125 0.900 1.125 1.012 1.125 1.125 1.125 1.238 1.125 1.350 1.125 1.462 1.125 1.575 1.125 1.688 1.125 1.800 1.125 1.913 1.125 2.025 1.125 2.138 1.125 2.250 1.125 2.362 1.125 2.475 1.125 2.587 1.125 2.700 1.125 2.812 1.125 2.925 1.125 3.038 1.125 3.150 1.125 3.263 1.125 3.375 1.125 3.487 1.125 3.600 1.125 3.712 1.125 3.825 1.125 3.938 1.125 4.050 1.125 4.162 1.125 4.275 1.125 4.388 1.125 4.500 1.125 4.612 1.125 4.725 1.125 4.838 1.125 4.950 1.125 5.062 1.125 5.175 1.125 5.287 1.125 5.400 1.125 5.513 1.125 5.625 1.125 5.737 1.125 5.850 1.125 5.963 1.125 6.075 1.125 6.188 1.125 6.300 1.125 6.412 1.125 6.525 1.125 6.638 1.125 6.750 1.125 6.862 1.125 6.975 1.125 7.088 1.125 7.200 1.125 7.312 1.125 7.425 1.125 7.537 1.125 7.650 1.125 7.763 1.125 7.875 1.125 7.987 1.125 8.100 1.125 8.213 1.125 8.325 1.125 8.438 1.125 8.550 1.125 8.662 1.125 8.775 1.125 8.887 1.125 9.000 1.125 0.000 1.238 0.113 1.238 0.225 1.238 0.338 1.238 0.450 1.238 0.562 1.238 0.675 1.238 0.787 1.238 0.900 1.238 1.012 1.238 1.125 1.238 1.238 1.238 1.350 1.238 1.462 1.238 1.575 1.238 1.688 1.238 1.800 1.238 1.913 1.238 2.025 1.238 2.138 1.238 2.250 1.238 2.362 1.238 2.475 1.238 2.587 1.238 2.700 1.238 2.812 1.238 2.925 1.238 3.038 1.238 3.150 1.238 3.263 1.238 3.375 1.238 3.487 1.238 3.600 1.238 3.712 1.238 3.825 1.238 3.938 1.238 4.050 1.238 4.162 1.238 4.275 1.238 4.388 1.238 4.500 1.238 4.612 1.238 4.725 1.238 4.838 1.238 4.950 1.238 5.062 1.238 5.175 1.238 5.287 1.238 5.400 1.238 5.513 1.238 5.625 1.238 5.737 1.238 5.850 1.238 5.963 1.238 6.075 1.238 6.188 1.238 6.300 1.238 6.412 1.238 6.525 1.238 6.638 1.238 6.750 1.238 6.862 1.238 6.975 1.238 7.088 1.238 7.200 1.238 7.312 1.238 7.425 1.238 7.537 1.238 7.650 1.238 7.763 1.238 7.875 1.238 7.987 1.238 8.100 1.238 8.213 1.238 8.325 1.238 8.438 1.238 8.550 1.238 8.662 1.238 8.775 1.238 8.887 1.238 9.000 1.238 0.000 1.350 0.113 1.350 0.225 1.350 0.338 1.350 0.450 1.350 0.562 1.350 0.675 1.350 0.787 1.350 0.900 1.350 1.012 1.350 1.125 1.350 1.238 1.350 1.350 1.350 1.462 1.350 1.575 1.350 1.688 1.350 1.800 1.350 1.913 1.350 2.025 1.350 2.138 1.350 2.250 1.350 2.362 1.350 2.475 1.350 2.587 1.350 2.700 1.350 2.812 1.350 2.925 1.350 3.038 1.350 3.150 1.350 3.263 1.350 3.375 1.350 3.487 1.350 3.600 1.350 3.712 1.350 3.825 1.350 3.938 1.350 4.050 1.350 4.162 1.350 4.275 1.350 4.388 1.350 4.500 1.350 4.612 1.350 4.725 1.350 4.838 1.350 4.950 1.350 5.062 1.350 5.175 1.350 5.287 1.350 5.400 1.350 5.513 1.350 5.625 1.350 5.737 1.350 5.850 1.350 5.963 1.350 6.075 1.350 6.188 1.350 6.300 1.350 6.412 1.350 6.525 1.350 6.638 1.350 6.750 1.350 6.862 1.350 6.975 1.350 7.088 1.350 7.200 1.350 7.312 1.350 7.425 1.350 7.537 1.350 7.650 1.350 7.763 1.350 7.875 1.350 7.987 1.350 8.100 1.350 8.213 1.350 8.325 1.350 8.438 1.350 8.550 1.350 8.662 1.350 8.775 1.350 8.887 1.350 9.000 1.350 0.000 1.462 0.113 1.462 0.225 1.462 0.338 1.462 0.450 1.462 0.562 1.462 0.675 1.462 0.787 1.462 0.900 1.462 1.012 1.462 1.125 1.462 1.238 1.462 1.350 1.462 1.462 1.462 1.575 1.462 1.688 1.462 1.800 1.462 1.913 1.462 2.025 1.462 2.138 1.462 2.250 1.462 2.362 1.462 2.475 1.462 2.587 1.462 2.700 1.462 2.812 1.462 2.925 1.462 3.038 1.462 3.150 1.462 3.263 1.462 3.375 1.462 3.487 1.462 3.600 1.462 3.712 1.462 3.825 1.462 3.938 1.462 4.050 1.462 4.162 1.462 4.275 1.462 4.388 1.462 4.500 1.462 4.612 1.462 4.725 1.462 4.838 1.462 4.950 1.462 5.062 1.462 5.175 1.462 5.287 1.462 5.400 1.462 5.513 1.462 5.625 1.462 5.737 1.462 5.850 1.462 5.963 1.462 6.075 1.462 6.188 1.462 6.300 1.462 6.412 1.462 6.525 1.462 6.638 1.462 6.750 1.462 6.862 1.462 6.975 1.462 7.088 1.462 7.200 1.462 7.312 1.462 7.425 1.462 7.537 1.462 7.650 1.462 7.763 1.462 7.875 1.462 7.987 1.462 8.100 1.462 8.213 1.462 8.325 1.462 8.438 1.462 8.550 1.462 8.662 1.462 8.775 1.462 8.887 1.462 9.000 1.462 0.000 1.575 0.113 1.575 0.225 1.575 0.338 1.575 0.450 1.575 0.562 1.575 0.675 1.575 0.787 1.575 0.900 1.575 1.012 1.575 1.125 1.575 1.238 1.575 1.350 1.575 1.462 1.575 1.575 1.575 1.688 1.575 1.800 1.575 1.913 1.575 2.025 1.575 2.138 1.575 2.250 1.575 2.362 1.575 2.475 1.575 2.587 1.575 2.700 1.575 2.812 1.575 2.925 1.575 3.038 1.575 3.150 1.575 3.263 1.575 3.375 1.575 3.487 1.575 3.600 1.575 3.712 1.575 3.825 1.575 3.938 1.575 4.050 1.575 4.162 1.575 4.275 1.575 4.388 1.575 4.500 1.575 4.612 1.575 4.725 1.575 4.838 1.575 4.950 1.575 5.062 1.575 5.175 1.575 5.287 1.575 5.400 1.575 5.513 1.575 5.625 1.575 5.737 1.575 5.850 1.575 5.963 1.575 6.075 1.575 6.188 1.575 6.300 1.575 6.412 1.575 6.525 1.575 6.638 1.575 6.750 1.575 6.862 1.575 6.975 1.575 7.088 1.575 7.200 1.575 7.312 1.575 7.425 1.575 7.537 1.575 7.650 1.575 7.763 1.575 7.875 1.575 7.987 1.575 8.100 1.575 8.213 1.575 8.325 1.575 8.438 1.575 8.550 1.575 8.662 1.575 8.775 1.575 8.887 1.575 9.000 1.575 0.000 1.688 0.113 1.688 0.225 1.688 0.338 1.688 0.450 1.688 0.562 1.688 0.675 1.688 0.787 1.688 0.900 1.688 1.012 1.688 1.125 1.688 1.238 1.688 1.350 1.688 1.462 1.688 1.575 1.688 1.688 1.688 1.800 1.688 1.913 1.688 2.025 1.688 2.138 1.688 2.250 1.688 2.362 1.688 2.475 1.688 2.587 1.688 2.700 1.688 2.812 1.688 2.925 1.688 3.038 1.688 3.150 1.688 3.263 1.688 3.375 1.688 3.487 1.688 3.600 1.688 3.712 1.688 3.825 1.688 3.938 1.688 4.050 1.688 4.162 1.688 4.275 1.688 4.388 1.688 4.500 1.688 4.612 1.688 4.725 1.688 4.838 1.688 4.950 1.688 5.062 1.688 5.175 1.688 5.287 1.688 5.400 1.688 5.513 1.688 5.625 1.688 5.737 1.688 5.850 1.688 5.963 1.688 6.075 1.688 6.188 1.688 6.300 1.688 6.412 1.688 6.525 1.688 6.638 1.688 6.750 1.688 6.862 1.688 6.975 1.688 7.088 1.688 7.200 1.688 7.312 1.688 7.425 1.688 7.537 1.688 7.650 1.688 7.763 1.688 7.875 1.688 7.987 1.688 8.100 1.688 8.213 1.688 8.325 1.688 8.438 1.688 8.550 1.688 8.662 1.688 8.775 1.688 8.887 1.688 9.000 1.688 0.000 1.800 0.113 1.800 0.225 1.800 0.338 1.800 0.450 1.800 0.562 1.800 0.675 1.800 0.787 1.800 0.900 1.800 1.012 1.800 1.125 1.800 1.238 1.800 1.350 1.800 1.462 1.800 1.575 1.800 1.688 1.800 1.800 1.800 1.913 1.800 2.025 1.800 2.138 1.800 2.250 1.800 2.362 1.800 2.475 1.800 2.587 1.800 2.700 1.800 2.812 1.800 2.925 1.800 3.038 1.800 3.150 1.800 3.263 1.800 3.375 1.800 3.487 1.800 3.600 1.800 3.712 1.800 3.825 1.800 3.938 1.800 4.050 1.800 4.162 1.800 4.275 1.800 4.388 1.800 4.500 1.800 4.612 1.800 4.725 1.800 4.838 1.800 4.950 1.800 5.062 1.800 5.175 1.800 5.287 1.800 5.400 1.800 5.513 1.800 5.625 1.800 5.737 1.800 5.850 1.800 5.963 1.800 6.075 1.800 6.188 1.800 6.300 1.800 6.412 1.800 6.525 1.800 6.638 1.800 6.750 1.800 6.862 1.800 6.975 1.800 7.088 1.800 7.200 1.800 7.312 1.800 7.425 1.800 7.537 1.800 7.650 1.800 7.763 1.800 7.875 1.800 7.987 1.800 8.100 1.800 8.213 1.800 8.325 1.800 8.438 1.800 8.550 1.800 8.662 1.800 8.775 1.800 8.887 1.800 9.000 1.800 0.000 1.913 0.113 1.913 0.225 1.913 0.338 1.913 0.450 1.913 0.562 1.913 0.675 1.913 0.787 1.913 0.900 1.913 1.012 1.913 1.125 1.913 1.238 1.913 1.350 1.913 1.462 1.913 1.575 1.913 1.688 1.913 1.800 1.913 1.913 1.913 2.025 1.913 2.138 1.913 2.250 1.913 2.362 1.913 2.475 1.913 2.587 1.913 2.700 1.913 2.812 1.913 2.925 1.913 3.038 1.913 3.150 1.913 3.263 1.913 3.375 1.913 3.487 1.913 3.600 1.913 3.712 1.913 3.825 1.913 3.938 1.913 4.050 1.913 4.162 1.913 4.275 1.913 4.388 1.913 4.500 1.913 4.612 1.913 4.725 1.913 4.838 1.913 4.950 1.913 5.062 1.913 5.175 1.913 5.287 1.913 5.400 1.913 5.513 1.913 5.625 1.913 5.737 1.913 5.850 1.913 5.963 1.913 6.075 1.913 6.188 1.913 6.300 1.913 6.412 1.913 6.525 1.913 6.638 1.913 6.750 1.913 6.862 1.913 6.975 1.913 7.088 1.913 7.200 1.913 7.312 1.913 7.425 1.913 7.537 1.913 7.650 1.913 7.763 1.913 7.875 1.913 7.987 1.913 8.100 1.913 8.213 1.913 8.325 1.913 8.438 1.913 8.550 1.913 8.662 1.913 8.775 1.913 8.887 1.913 9.000 1.913 0.000 2.025 0.113 2.025 0.225 2.025 0.338 2.025 0.450 2.025 0.562 2.025 0.675 2.025 0.787 2.025 0.900 2.025 1.012 2.025 1.125 2.025 1.238 2.025 1.350 2.025 1.462 2.025 1.575 2.025 1.688 2.025 1.800 2.025 1.913 2.025 2.025 2.025 2.138 2.025 2.250 2.025 2.362 2.025 2.475 2.025 2.587 2.025 2.700 2.025 2.812 2.025 2.925 2.025 3.038 2.025 3.150 2.025 3.263 2.025 3.375 2.025 3.487 2.025 3.600 2.025 3.712 2.025 3.825 2.025 3.938 2.025 4.050 2.025 4.162 2.025 4.275 2.025 4.388 2.025 4.500 2.025 4.612 2.025 4.725 2.025 4.838 2.025 4.950 2.025 5.062 2.025 5.175 2.025 5.287 2.025 5.400 2.025 5.513 2.025 5.625 2.025 5.737 2.025 5.850 2.025 5.963 2.025 6.075 2.025 6.188 2.025 6.300 2.025 6.412 2.025 6.525 2.025 6.638 2.025 6.750 2.025 6.862 2.025 6.975 2.025 7.088 2.025 7.200 2.025 7.312 2.025 7.425 2.025 7.537 2.025 7.650 2.025 7.763 2.025 7.875 2.025 7.987 2.025 8.100 2.025 8.213 2.025 8.325 2.025 8.438 2.025 8.550 2.025 8.662 2.025 8.775 2.025 8.887 2.025 9.000 2.025 0.000 2.138 0.113 2.138 0.225 2.138 0.338 2.138 0.450 2.138 0.562 2.138 0.675 2.138 0.787 2.138 0.900 2.138 1.012 2.138 1.125 2.138 1.238 2.138 1.350 2.138 1.462 2.138 1.575 2.138 1.688 2.138 1.800 2.138 1.913 2.138 2.025 2.138 2.138 2.138 2.250 2.138 2.362 2.138 2.475 2.138 2.587 2.138 2.700 2.138 2.812 2.138 2.925 2.138 3.038 2.138 3.150 2.138 3.263 2.138 3.375 2.138 3.487 2.138 3.600 2.138 3.712 2.138 3.825 2.138 3.938 2.138 4.050 2.138 4.162 2.138 4.275 2.138 4.388 2.138 4.500 2.138 4.612 2.138 4.725 2.138 4.838 2.138 4.950 2.138 5.062 2.138 5.175 2.138 5.287 2.138 5.400 2.138 5.513 2.138 5.625 2.138 5.737 2.138 5.850 2.138 5.963 2.138 6.075 2.138 6.188 2.138 6.300 2.138 6.412 2.138 6.525 2.138 6.638 2.138 6.750 2.138 6.862 2.138 6.975 2.138 7.088 2.138 7.200 2.138 7.312 2.138 7.425 2.138 7.537 2.138 7.650 2.138 7.763 2.138 7.875 2.138 7.987 2.138 8.100 2.138 8.213 2.138 8.325 2.138 8.438 2.138 8.550 2.138 8.662 2.138 8.775 2.138 8.887 2.138 9.000 2.138 0.000 2.250 0.113 2.250 0.225 2.250 0.338 2.250 0.450 2.250 0.562 2.250 0.675 2.250 0.787 2.250 0.900 2.250 1.012 2.250 1.125 2.250 1.238 2.250 1.350 2.250 1.462 2.250 1.575 2.250 1.688 2.250 1.800 2.250 1.913 2.250 2.025 2.250 2.138 2.250 2.250 2.250 2.362 2.250 2.475 2.250 2.587 2.250 2.700 2.250 2.812 2.250 2.925 2.250 3.038 2.250 3.150 2.250 3.263 2.250 3.375 2.250 3.487 2.250 3.600 2.250 3.712 2.250 3.825 2.250 3.938 2.250 4.050 2.250 4.162 2.250 4.275 2.250 4.388 2.250 4.500 2.250 4.612 2.250 4.725 2.250 4.838 2.250 4.950 2.250 5.062 2.250 5.175 2.250 5.287 2.250 5.400 2.250 5.513 2.250 5.625 2.250 5.737 2.250 5.850 2.250 5.963 2.250 6.075 2.250 6.188 2.250 6.300 2.250 6.412 2.250 6.525 2.250 6.638 2.250 6.750 2.250 6.862 2.250 6.975 2.250 7.088 2.250 7.200 2.250 7.312 2.250 7.425 2.250 7.537 2.250 7.650 2.250 7.763 2.250 7.875 2.250 7.987 2.250 8.100 2.250 8.213 2.250 8.325 2.250 8.438 2.250 8.550 2.250 8.662 2.250 8.775 2.250 8.887 2.250 9.000 2.250 0.000 2.362 0.113 2.362 0.225 2.362 0.338 2.362 0.450 2.362 0.562 2.362 0.675 2.362 0.787 2.362 0.900 2.362 1.012 2.362 1.125 2.362 1.238 2.362 1.350 2.362 1.462 2.362 1.575 2.362 1.688 2.362 1.800 2.362 1.913 2.362 2.025 2.362 2.138 2.362 2.250 2.362 2.362 2.362 2.475 2.362 2.587 2.362 2.700 2.362 2.812 2.362 2.925 2.362 3.038 2.362 3.150 2.362 3.263 2.362 3.375 2.362 3.487 2.362 3.600 2.362 3.712 2.362 3.825 2.362 3.938 2.362 4.050 2.362 4.162 2.362 4.275 2.362 4.388 2.362 4.500 2.362 4.612 2.362 4.725 2.362 4.838 2.362 4.950 2.362 5.062 2.362 5.175 2.362 5.287 2.362 5.400 2.362 5.513 2.362 5.625 2.362 5.737 2.362 5.850 2.362 5.963 2.362 6.075 2.362 6.188 2.362 6.300 2.362 6.412 2.362 6.525 2.362 6.638 2.362 6.750 2.362 6.862 2.362 6.975 2.362 7.088 2.362 7.200 2.362 7.312 2.362 7.425 2.362 7.537 2.362 7.650 2.362 7.763 2.362 7.875 2.362 7.987 2.362 8.100 2.362 8.213 2.362 8.325 2.362 8.438 2.362 8.550 2.362 8.662 2.362 8.775 2.362 8.887 2.362 9.000 2.362 0.000 2.475 0.113 2.475 0.225 2.475 0.338 2.475 0.450 2.475 0.562 2.475 0.675 2.475 0.787 2.475 0.900 2.475 1.012 2.475 1.125 2.475 1.238 2.475 1.350 2.475 1.462 2.475 1.575 2.475 1.688 2.475 1.800 2.475 1.913 2.475 2.025 2.475 2.138 2.475 2.250 2.475 2.362 2.475 2.475 2.475 2.587 2.475 2.700 2.475 2.812 2.475 2.925 2.475 3.038 2.475 3.150 2.475 3.263 2.475 3.375 2.475 3.487 2.475 3.600 2.475 3.712 2.475 3.825 2.475 3.938 2.475 4.050 2.475 4.162 2.475 4.275 2.475 4.388 2.475 4.500 2.475 4.612 2.475 4.725 2.475 4.838 2.475 4.950 2.475 5.062 2.475 5.175 2.475 5.287 2.475 5.400 2.475 5.513 2.475 5.625 2.475 5.737 2.475 5.850 2.475 5.963 2.475 6.075 2.475 6.188 2.475 6.300 2.475 6.412 2.475 6.525 2.475 6.638 2.475 6.750 2.475 6.862 2.475 6.975 2.475 7.088 2.475 7.200 2.475 7.312 2.475 7.425 2.475 7.537 2.475 7.650 2.475 7.763 2.475 7.875 2.475 7.987 2.475 8.100 2.475 8.213 2.475 8.325 2.475 8.438 2.475 8.550 2.475 8.662 2.475 8.775 2.475 8.887 2.475 9.000 2.475 0.000 2.587 0.113 2.587 0.225 2.587 0.338 2.587 0.450 2.587 0.562 2.587 0.675 2.587 0.787 2.587 0.900 2.587 1.012 2.587 1.125 2.587 1.238 2.587 1.350 2.587 1.462 2.587 1.575 2.587 1.688 2.587 1.800 2.587 1.913 2.587 2.025 2.587 2.138 2.587 2.250 2.587 2.362 2.587 2.475 2.587 2.587 2.587 2.700 2.587 2.812 2.587 2.925 2.587 3.038 2.587 3.150 2.587 3.263 2.587 3.375 2.587 3.487 2.587 3.600 2.587 3.712 2.587 3.825 2.587 3.938 2.587 4.050 2.587 4.162 2.587 4.275 2.587 4.388 2.587 4.500 2.587 4.612 2.587 4.725 2.587 4.838 2.587 4.950 2.587 5.062 2.587 5.175 2.587 5.287 2.587 5.400 2.587 5.513 2.587 5.625 2.587 5.737 2.587 5.850 2.587 5.963 2.587 6.075 2.587 6.188 2.587 6.300 2.587 6.412 2.587 6.525 2.587 6.638 2.587 6.750 2.587 6.862 2.587 6.975 2.587 7.088 2.587 7.200 2.587 7.312 2.587 7.425 2.587 7.537 2.587 7.650 2.587 7.763 2.587 7.875 2.587 7.987 2.587 8.100 2.587 8.213 2.587 8.325 2.587 8.438 2.587 8.550 2.587 8.662 2.587 8.775 2.587 8.887 2.587 9.000 2.587 0.000 2.700 0.113 2.700 0.225 2.700 0.338 2.700 0.450 2.700 0.562 2.700 0.675 2.700 0.787 2.700 0.900 2.700 1.012 2.700 1.125 2.700 1.238 2.700 1.350 2.700 1.462 2.700 1.575 2.700 1.688 2.700 1.800 2.700 1.913 2.700 2.025 2.700 2.138 2.700 2.250 2.700 2.362 2.700 2.475 2.700 2.587 2.700 2.700 2.700 2.812 2.700 2.925 2.700 3.038 2.700 3.150 2.700 3.263 2.700 3.375 2.700 3.487 2.700 3.600 2.700 3.712 2.700 3.825 2.700 3.938 2.700 4.050 2.700 4.162 2.700 4.275 2.700 4.388 2.700 4.500 2.700 4.612 2.700 4.725 2.700 4.838 2.700 4.950 2.700 5.062 2.700 5.175 2.700 5.287 2.700 5.400 2.700 5.513 2.700 5.625 2.700 5.737 2.700 5.850 2.700 5.963 2.700 6.075 2.700 6.188 2.700 6.300 2.700 6.412 2.700 6.525 2.700 6.638 2.700 6.750 2.700 6.862 2.700 6.975 2.700 7.088 2.700 7.200 2.700 7.312 2.700 7.425 2.700 7.537 2.700 7.650 2.700 7.763 2.700 7.875 2.700 7.987 2.700 8.100 2.700 8.213 2.700 8.325 2.700 8.438 2.700 8.550 2.700 8.662 2.700 8.775 2.700 8.887 2.700 9.000 2.700 0.000 2.812 0.113 2.812 0.225 2.812 0.338 2.812 0.450 2.812 0.562 2.812 0.675 2.812 0.787 2.812 0.900 2.812 1.012 2.812 1.125 2.812 1.238 2.812 1.350 2.812 1.462 2.812 1.575 2.812 1.688 2.812 1.800 2.812 1.913 2.812 2.025 2.812 2.138 2.812 2.250 2.812 2.362 2.812 2.475 2.812 2.587 2.812 2.700 2.812 2.812 2.812 2.925 2.812 3.038 2.812 3.150 2.812 3.263 2.812 3.375 2.812 3.487 2.812 3.600 2.812 3.712 2.812 3.825 2.812 3.938 2.812 4.050 2.812 4.162 2.812 4.275 2.812 4.388 2.812 4.500 2.812 4.612 2.812 4.725 2.812 4.838 2.812 4.950 2.812 5.062 2.812 5.175 2.812 5.287 2.812 5.400 2.812 5.513 2.812 5.625 2.812 5.737 2.812 5.850 2.812 5.963 2.812 6.075 2.812 6.188 2.812 6.300 2.812 6.412 2.812 6.525 2.812 6.638 2.812 6.750 2.812 6.862 2.812 6.975 2.812 7.088 2.812 7.200 2.812 7.312 2.812 7.425 2.812 7.537 2.812 7.650 2.812 7.763 2.812 7.875 2.812 7.987 2.812 8.100 2.812 8.213 2.812 8.325 2.812 8.438 2.812 8.550 2.812 8.662 2.812 8.775 2.812 8.887 2.812 9.000 2.812 0.000 2.925 0.113 2.925 0.225 2.925 0.338 2.925 0.450 2.925 0.562 2.925 0.675 2.925 0.787 2.925 0.900 2.925 1.012 2.925 1.125 2.925 1.238 2.925 1.350 2.925 1.462 2.925 1.575 2.925 1.688 2.925 1.800 2.925 1.913 2.925 2.025 2.925 2.138 2.925 2.250 2.925 2.362 2.925 2.475 2.925 2.587 2.925 2.700 2.925 2.812 2.925 2.925 2.925 3.038 2.925 3.150 2.925 3.263 2.925 3.375 2.925 3.487 2.925 3.600 2.925 3.712 2.925 3.825 2.925 3.938 2.925 4.050 2.925 4.162 2.925 4.275 2.925 4.388 2.925 4.500 2.925 4.612 2.925 4.725 2.925 4.838 2.925 4.950 2.925 5.062 2.925 5.175 2.925 5.287 2.925 5.400 2.925 5.513 2.925 5.625 2.925 5.737 2.925 5.850 2.925 5.963 2.925 6.075 2.925 6.188 2.925 6.300 2.925 6.412 2.925 6.525 2.925 6.638 2.925 6.750 2.925 6.862 2.925 6.975 2.925 7.088 2.925 7.200 2.925 7.312 2.925 7.425 2.925 7.537 2.925 7.650 2.925 7.763 2.925 7.875 2.925 7.987 2.925 8.100 2.925 8.213 2.925 8.325 2.925 8.438 2.925 8.550 2.925 8.662 2.925 8.775 2.925 8.887 2.925 9.000 2.925 0.000 3.038 0.113 3.038 0.225 3.038 0.338 3.038 0.450 3.038 0.562 3.038 0.675 3.038 0.787 3.038 0.900 3.038 1.012 3.038 1.125 3.038 1.238 3.038 1.350 3.038 1.462 3.038 1.575 3.038 1.688 3.038 1.800 3.038 1.913 3.038 2.025 3.038 2.138 3.038 2.250 3.038 2.362 3.038 2.475 3.038 2.587 3.038 2.700 3.038 2.812 3.038 2.925 3.038 3.038 3.038 3.150 3.038 3.263 3.038 3.375 3.038 3.487 3.038 3.600 3.038 3.712 3.038 3.825 3.038 3.938 3.038 4.050 3.038 4.162 3.038 4.275 3.038 4.388 3.038 4.500 3.038 4.612 3.038 4.725 3.038 4.838 3.038 4.950 3.038 5.062 3.038 5.175 3.038 5.287 3.038 5.400 3.038 5.513 3.038 5.625 3.038 5.737 3.038 5.850 3.038 5.963 3.038 6.075 3.038 6.188 3.038 6.300 3.038 6.412 3.038 6.525 3.038 6.638 3.038 6.750 3.038 6.862 3.038 6.975 3.038 7.088 3.038 7.200 3.038 7.312 3.038 7.425 3.038 7.537 3.038 7.650 3.038 7.763 3.038 7.875 3.038 7.987 3.038 8.100 3.038 8.213 3.038 8.325 3.038 8.438 3.038 8.550 3.038 8.662 3.038 8.775 3.038 8.887 3.038 9.000 3.038 0.000 3.150 0.113 3.150 0.225 3.150 0.338 3.150 0.450 3.150 0.562 3.150 0.675 3.150 0.787 3.150 0.900 3.150 1.012 3.150 1.125 3.150 1.238 3.150 1.350 3.150 1.462 3.150 1.575 3.150 1.688 3.150 1.800 3.150 1.913 3.150 2.025 3.150 2.138 3.150 2.250 3.150 2.362 3.150 2.475 3.150 2.587 3.150 2.700 3.150 2.812 3.150 2.925 3.150 3.038 3.150 3.150 3.150 3.263 3.150 3.375 3.150 3.487 3.150 3.600 3.150 3.712 3.150 3.825 3.150 3.938 3.150 4.050 3.150 4.162 3.150 4.275 3.150 4.388 3.150 4.500 3.150 4.612 3.150 4.725 3.150 4.838 3.150 4.950 3.150 5.062 3.150 5.175 3.150 5.287 3.150 5.400 3.150 5.513 3.150 5.625 3.150 5.737 3.150 5.850 3.150 5.963 3.150 6.075 3.150 6.188 3.150 6.300 3.150 6.412 3.150 6.525 3.150 6.638 3.150 6.750 3.150 6.862 3.150 6.975 3.150 7.088 3.150 7.200 3.150 7.312 3.150 7.425 3.150 7.537 3.150 7.650 3.150 7.763 3.150 7.875 3.150 7.987 3.150 8.100 3.150 8.213 3.150 8.325 3.150 8.438 3.150 8.550 3.150 8.662 3.150 8.775 3.150 8.887 3.150 9.000 3.150 0.000 3.263 0.113 3.263 0.225 3.263 0.338 3.263 0.450 3.263 0.562 3.263 0.675 3.263 0.787 3.263 0.900 3.263 1.012 3.263 1.125 3.263 1.238 3.263 1.350 3.263 1.462 3.263 1.575 3.263 1.688 3.263 1.800 3.263 1.913 3.263 2.025 3.263 2.138 3.263 2.250 3.263 2.362 3.263 2.475 3.263 2.587 3.263 2.700 3.263 2.812 3.263 2.925 3.263 3.038 3.263 3.150 3.263 3.263 3.263 3.375 3.263 3.487 3.263 3.600 3.263 3.712 3.263 3.825 3.263 3.938 3.263 4.050 3.263 4.162 3.263 4.275 3.263 4.388 3.263 4.500 3.263 4.612 3.263 4.725 3.263 4.838 3.263 4.950 3.263 5.062 3.263 5.175 3.263 5.287 3.263 5.400 3.263 5.513 3.263 5.625 3.263 5.737 3.263 5.850 3.263 5.963 3.263 6.075 3.263 6.188 3.263 6.300 3.263 6.412 3.263 6.525 3.263 6.638 3.263 6.750 3.263 6.862 3.263 6.975 3.263 7.088 3.263 7.200 3.263 7.312 3.263 7.425 3.263 7.537 3.263 7.650 3.263 7.763 3.263 7.875 3.263 7.987 3.263 8.100 3.263 8.213 3.263 8.325 3.263 8.438 3.263 8.550 3.263 8.662 3.263 8.775 3.263 8.887 3.263 9.000 3.263 0.000 3.375 0.113 3.375 0.225 3.375 0.338 3.375 0.450 3.375 0.562 3.375 0.675 3.375 0.787 3.375 0.900 3.375 1.012 3.375 1.125 3.375 1.238 3.375 1.350 3.375 1.462 3.375 1.575 3.375 1.688 3.375 1.800 3.375 1.913 3.375 2.025 3.375 2.138 3.375 2.250 3.375 2.362 3.375 2.475 3.375 2.587 3.375 2.700 3.375 2.812 3.375 2.925 3.375 3.038 3.375 3.150 3.375 3.263 3.375 3.375 3.375 3.487 3.375 3.600 3.375 3.712 3.375 3.825 3.375 3.938 3.375 4.050 3.375 4.162 3.375 4.275 3.375 4.388 3.375 4.500 3.375 4.612 3.375 4.725 3.375 4.838 3.375 4.950 3.375 5.062 3.375 5.175 3.375 5.287 3.375 5.400 3.375 5.513 3.375 5.625 3.375 5.737 3.375 5.850 3.375 5.963 3.375 6.075 3.375 6.188 3.375 6.300 3.375 6.412 3.375 6.525 3.375 6.638 3.375 6.750 3.375 6.862 3.375 6.975 3.375 7.088 3.375 7.200 3.375 7.312 3.375 7.425 3.375 7.537 3.375 7.650 3.375 7.763 3.375 7.875 3.375 7.987 3.375 8.100 3.375 8.213 3.375 8.325 3.375 8.438 3.375 8.550 3.375 8.662 3.375 8.775 3.375 8.887 3.375 9.000 3.375 0.000 3.487 0.113 3.487 0.225 3.487 0.338 3.487 0.450 3.487 0.562 3.487 0.675 3.487 0.787 3.487 0.900 3.487 1.012 3.487 1.125 3.487 1.238 3.487 1.350 3.487 1.462 3.487 1.575 3.487 1.688 3.487 1.800 3.487 1.913 3.487 2.025 3.487 2.138 3.487 2.250 3.487 2.362 3.487 2.475 3.487 2.587 3.487 2.700 3.487 2.812 3.487 2.925 3.487 3.038 3.487 3.150 3.487 3.263 3.487 3.375 3.487 3.487 3.487 3.600 3.487 3.712 3.487 3.825 3.487 3.938 3.487 4.050 3.487 4.162 3.487 4.275 3.487 4.388 3.487 4.500 3.487 4.612 3.487 4.725 3.487 4.838 3.487 4.950 3.487 5.062 3.487 5.175 3.487 5.287 3.487 5.400 3.487 5.513 3.487 5.625 3.487 5.737 3.487 5.850 3.487 5.963 3.487 6.075 3.487 6.188 3.487 6.300 3.487 6.412 3.487 6.525 3.487 6.638 3.487 6.750 3.487 6.862 3.487 6.975 3.487 7.088 3.487 7.200 3.487 7.312 3.487 7.425 3.487 7.537 3.487 7.650 3.487 7.763 3.487 7.875 3.487 7.987 3.487 8.100 3.487 8.213 3.487 8.325 3.487 8.438 3.487 8.550 3.487 8.662 3.487 8.775 3.487 8.887 3.487 9.000 3.487 0.000 3.600 0.113 3.600 0.225 3.600 0.338 3.600 0.450 3.600 0.562 3.600 0.675 3.600 0.787 3.600 0.900 3.600 1.012 3.600 1.125 3.600 1.238 3.600 1.350 3.600 1.462 3.600 1.575 3.600 1.688 3.600 1.800 3.600 1.913 3.600 2.025 3.600 2.138 3.600 2.250 3.600 2.362 3.600 2.475 3.600 2.587 3.600 2.700 3.600 2.812 3.600 2.925 3.600 3.038 3.600 3.150 3.600 3.263 3.600 3.375 3.600 3.487 3.600 3.600 3.600 3.712 3.600 3.825 3.600 3.938 3.600 4.050 3.600 4.162 3.600 4.275 3.600 4.388 3.600 4.500 3.600 4.612 3.600 4.725 3.600 4.838 3.600 4.950 3.600 5.062 3.600 5.175 3.600 5.287 3.600 5.400 3.600 5.513 3.600 5.625 3.600 5.737 3.600 5.850 3.600 5.963 3.600 6.075 3.600 6.188 3.600 6.300 3.600 6.412 3.600 6.525 3.600 6.638 3.600 6.750 3.600 6.862 3.600 6.975 3.600 7.088 3.600 7.200 3.600 7.312 3.600 7.425 3.600 7.537 3.600 7.650 3.600 7.763 3.600 7.875 3.600 7.987 3.600 8.100 3.600 8.213 3.600 8.325 3.600 8.438 3.600 8.550 3.600 8.662 3.600 8.775 3.600 8.887 3.600 9.000 3.600 0.000 3.712 0.113 3.712 0.225 3.712 0.338 3.712 0.450 3.712 0.562 3.712 0.675 3.712 0.787 3.712 0.900 3.712 1.012 3.712 1.125 3.712 1.238 3.712 1.350 3.712 1.462 3.712 1.575 3.712 1.688 3.712 1.800 3.712 1.913 3.712 2.025 3.712 2.138 3.712 2.250 3.712 2.362 3.712 2.475 3.712 2.587 3.712 2.700 3.712 2.812 3.712 2.925 3.712 3.038 3.712 3.150 3.712 3.263 3.712 3.375 3.712 3.487 3.712 3.600 3.712 3.712 3.712 3.825 3.712 3.938 3.712 4.050 3.712 4.162 3.712 4.275 3.712 4.388 3.712 4.500 3.712 4.612 3.712 4.725 3.712 4.838 3.712 4.950 3.712 5.062 3.712 5.175 3.712 5.287 3.712 5.400 3.712 5.513 3.712 5.625 3.712 5.737 3.712 5.850 3.712 5.963 3.712 6.075 3.712 6.188 3.712 6.300 3.712 6.412 3.712 6.525 3.712 6.638 3.712 6.750 3.712 6.862 3.712 6.975 3.712 7.088 3.712 7.200 3.712 7.312 3.712 7.425 3.712 7.537 3.712 7.650 3.712 7.763 3.712 7.875 3.712 7.987 3.712 8.100 3.712 8.213 3.712 8.325 3.712 8.438 3.712 8.550 3.712 8.662 3.712 8.775 3.712 8.887 3.712 9.000 3.712 0.000 3.825 0.113 3.825 0.225 3.825 0.338 3.825 0.450 3.825 0.562 3.825 0.675 3.825 0.787 3.825 0.900 3.825 1.012 3.825 1.125 3.825 1.238 3.825 1.350 3.825 1.462 3.825 1.575 3.825 1.688 3.825 1.800 3.825 1.913 3.825 2.025 3.825 2.138 3.825 2.250 3.825 2.362 3.825 2.475 3.825 2.587 3.825 2.700 3.825 2.812 3.825 2.925 3.825 3.038 3.825 3.150 3.825 3.263 3.825 3.375 3.825 3.487 3.825 3.600 3.825 3.712 3.825 3.825 3.825 3.938 3.825 4.050 3.825 4.162 3.825 4.275 3.825 4.388 3.825 4.500 3.825 4.612 3.825 4.725 3.825 4.838 3.825 4.950 3.825 5.062 3.825 5.175 3.825 5.287 3.825 5.400 3.825 5.513 3.825 5.625 3.825 5.737 3.825 5.850 3.825 5.963 3.825 6.075 3.825 6.188 3.825 6.300 3.825 6.412 3.825 6.525 3.825 6.638 3.825 6.750 3.825 6.862 3.825 6.975 3.825 7.088 3.825 7.200 3.825 7.312 3.825 7.425 3.825 7.537 3.825 7.650 3.825 7.763 3.825 7.875 3.825 7.987 3.825 8.100 3.825 8.213 3.825 8.325 3.825 8.438 3.825 8.550 3.825 8.662 3.825 8.775 3.825 8.887 3.825 9.000 3.825 0.000 3.938 0.113 3.938 0.225 3.938 0.338 3.938 0.450 3.938 0.562 3.938 0.675 3.938 0.787 3.938 0.900 3.938 1.012 3.938 1.125 3.938 1.238 3.938 1.350 3.938 1.462 3.938 1.575 3.938 1.688 3.938 1.800 3.938 1.913 3.938 2.025 3.938 2.138 3.938 2.250 3.938 2.362 3.938 2.475 3.938 2.587 3.938 2.700 3.938 2.812 3.938 2.925 3.938 3.038 3.938 3.150 3.938 3.263 3.938 3.375 3.938 3.487 3.938 3.600 3.938 3.712 3.938 3.825 3.938 3.938 3.938 4.050 3.938 4.162 3.938 4.275 3.938 4.388 3.938 4.500 3.938 4.612 3.938 4.725 3.938 4.838 3.938 4.950 3.938 5.062 3.938 5.175 3.938 5.287 3.938 5.400 3.938 5.513 3.938 5.625 3.938 5.737 3.938 5.850 3.938 5.963 3.938 6.075 3.938 6.188 3.938 6.300 3.938 6.412 3.938 6.525 3.938 6.638 3.938 6.750 3.938 6.862 3.938 6.975 3.938 7.088 3.938 7.200 3.938 7.312 3.938 7.425 3.938 7.537 3.938 7.650 3.938 7.763 3.938 7.875 3.938 7.987 3.938 8.100 3.938 8.213 3.938 8.325 3.938 8.438 3.938 8.550 3.938 8.662 3.938 8.775 3.938 8.887 3.938 9.000 3.938 0.000 4.050 0.113 4.050 0.225 4.050 0.338 4.050 0.450 4.050 0.562 4.050 0.675 4.050 0.787 4.050 0.900 4.050 1.012 4.050 1.125 4.050 1.238 4.050 1.350 4.050 1.462 4.050 1.575 4.050 1.688 4.050 1.800 4.050 1.913 4.050 2.025 4.050 2.138 4.050 2.250 4.050 2.362 4.050 2.475 4.050 2.587 4.050 2.700 4.050 2.812 4.050 2.925 4.050 3.038 4.050 3.150 4.050 3.263 4.050 3.375 4.050 3.487 4.050 3.600 4.050 3.712 4.050 3.825 4.050 3.938 4.050 4.050 4.050 4.162 4.050 4.275 4.050 4.388 4.050 4.500 4.050 4.612 4.050 4.725 4.050 4.838 4.050 4.950 4.050 5.062 4.050 5.175 4.050 5.287 4.050 5.400 4.050 5.513 4.050 5.625 4.050 5.737 4.050 5.850 4.050 5.963 4.050 6.075 4.050 6.188 4.050 6.300 4.050 6.412 4.050 6.525 4.050 6.638 4.050 6.750 4.050 6.862 4.050 6.975 4.050 7.088 4.050 7.200 4.050 7.312 4.050 7.425 4.050 7.537 4.050 7.650 4.050 7.763 4.050 7.875 4.050 7.987 4.050 8.100 4.050 8.213 4.050 8.325 4.050 8.438 4.050 8.550 4.050 8.662 4.050 8.775 4.050 8.887 4.050 9.000 4.050 0.000 4.162 0.113 4.162 0.225 4.162 0.338 4.162 0.450 4.162 0.562 4.162 0.675 4.162 0.787 4.162 0.900 4.162 1.012 4.162 1.125 4.162 1.238 4.162 1.350 4.162 1.462 4.162 1.575 4.162 1.688 4.162 1.800 4.162 1.913 4.162 2.025 4.162 2.138 4.162 2.250 4.162 2.362 4.162 2.475 4.162 2.587 4.162 2.700 4.162 2.812 4.162 2.925 4.162 3.038 4.162 3.150 4.162 3.263 4.162 3.375 4.162 3.487 4.162 3.600 4.162 3.712 4.162 3.825 4.162 3.938 4.162 4.050 4.162 4.162 4.162 4.275 4.162 4.388 4.162 4.500 4.162 4.612 4.162 4.725 4.162 4.838 4.162 4.950 4.162 5.062 4.162 5.175 4.162 5.287 4.162 5.400 4.162 5.513 4.162 5.625 4.162 5.737 4.162 5.850 4.162 5.963 4.162 6.075 4.162 6.188 4.162 6.300 4.162 6.412 4.162 6.525 4.162 6.638 4.162 6.750 4.162 6.862 4.162 6.975 4.162 7.088 4.162 7.200 4.162 7.312 4.162 7.425 4.162 7.537 4.162 7.650 4.162 7.763 4.162 7.875 4.162 7.987 4.162 8.100 4.162 8.213 4.162 8.325 4.162 8.438 4.162 8.550 4.162 8.662 4.162 8.775 4.162 8.887 4.162 9.000 4.162 0.000 4.275 0.113 4.275 0.225 4.275 0.338 4.275 0.450 4.275 0.562 4.275 0.675 4.275 0.787 4.275 0.900 4.275 1.012 4.275 1.125 4.275 1.238 4.275 1.350 4.275 1.462 4.275 1.575 4.275 1.688 4.275 1.800 4.275 1.913 4.275 2.025 4.275 2.138 4.275 2.250 4.275 2.362 4.275 2.475 4.275 2.587 4.275 2.700 4.275 2.812 4.275 2.925 4.275 3.038 4.275 3.150 4.275 3.263 4.275 3.375 4.275 3.487 4.275 3.600 4.275 3.712 4.275 3.825 4.275 3.938 4.275 4.050 4.275 4.162 4.275 4.275 4.275 4.388 4.275 4.500 4.275 4.612 4.275 4.725 4.275 4.838 4.275 4.950 4.275 5.062 4.275 5.175 4.275 5.287 4.275 5.400 4.275 5.513 4.275 5.625 4.275 5.737 4.275 5.850 4.275 5.963 4.275 6.075 4.275 6.188 4.275 6.300 4.275 6.412 4.275 6.525 4.275 6.638 4.275 6.750 4.275 6.862 4.275 6.975 4.275 7.088 4.275 7.200 4.275 7.312 4.275 7.425 4.275 7.537 4.275 7.650 4.275 7.763 4.275 7.875 4.275 7.987 4.275 8.100 4.275 8.213 4.275 8.325 4.275 8.438 4.275 8.550 4.275 8.662 4.275 8.775 4.275 8.887 4.275 9.000 4.275 0.000 4.388 0.113 4.388 0.225 4.388 0.338 4.388 0.450 4.388 0.562 4.388 0.675 4.388 0.787 4.388 0.900 4.388 1.012 4.388 1.125 4.388 1.238 4.388 1.350 4.388 1.462 4.388 1.575 4.388 1.688 4.388 1.800 4.388 1.913 4.388 2.025 4.388 2.138 4.388 2.250 4.388 2.362 4.388 2.475 4.388 2.587 4.388 2.700 4.388 2.812 4.388 2.925 4.388 3.038 4.388 3.150 4.388 3.263 4.388 3.375 4.388 3.487 4.388 3.600 4.388 3.712 4.388 3.825 4.388 3.938 4.388 4.050 4.388 4.162 4.388 4.275 4.388 4.388 4.388 4.500 4.388 4.612 4.388 4.725 4.388 4.838 4.388 4.950 4.388 5.062 4.388 5.175 4.388 5.287 4.388 5.400 4.388 5.513 4.388 5.625 4.388 5.737 4.388 5.850 4.388 5.963 4.388 6.075 4.388 6.188 4.388 6.300 4.388 6.412 4.388 6.525 4.388 6.638 4.388 6.750 4.388 6.862 4.388 6.975 4.388 7.088 4.388 7.200 4.388 7.312 4.388 7.425 4.388 7.537 4.388 7.650 4.388 7.763 4.388 7.875 4.388 7.987 4.388 8.100 4.388 8.213 4.388 8.325 4.388 8.438 4.388 8.550 4.388 8.662 4.388 8.775 4.388 8.887 4.388 9.000 4.388 0.000 4.500 0.113 4.500 0.225 4.500 0.338 4.500 0.450 4.500 0.562 4.500 0.675 4.500 0.787 4.500 0.900 4.500 1.012 4.500 1.125 4.500 1.238 4.500 1.350 4.500 1.462 4.500 1.575 4.500 1.688 4.500 1.800 4.500 1.913 4.500 2.025 4.500 2.138 4.500 2.250 4.500 2.362 4.500 2.475 4.500 2.587 4.500 2.700 4.500 2.812 4.500 2.925 4.500 3.038 4.500 3.150 4.500 3.263 4.500 3.375 4.500 3.487 4.500 3.600 4.500 3.712 4.500 3.825 4.500 3.938 4.500 4.050 4.500 4.162 4.500 4.275 4.500 4.388 4.500 4.500 4.500 4.612 4.500 4.725 4.500 4.838 4.500 4.950 4.500 5.062 4.500 5.175 4.500 5.287 4.500 5.400 4.500 5.513 4.500 5.625 4.500 5.737 4.500 5.850 4.500 5.963 4.500 6.075 4.500 6.188 4.500 6.300 4.500 6.412 4.500 6.525 4.500 6.638 4.500 6.750 4.500 6.862 4.500 6.975 4.500 7.088 4.500 7.200 4.500 7.312 4.500 7.425 4.500 7.537 4.500 7.650 4.500 7.763 4.500 7.875 4.500 7.987 4.500 8.100 4.500 8.213 4.500 8.325 4.500 8.438 4.500 8.550 4.500 8.662 4.500 8.775 4.500 8.887 4.500 9.000 4.500 0.000 4.612 0.113 4.612 0.225 4.612 0.338 4.612 0.450 4.612 0.562 4.612 0.675 4.612 0.787 4.612 0.900 4.612 1.012 4.612 1.125 4.612 1.238 4.612 1.350 4.612 1.462 4.612 1.575 4.612 1.688 4.612 1.800 4.612 1.913 4.612 2.025 4.612 2.138 4.612 2.250 4.612 2.362 4.612 2.475 4.612 2.587 4.612 2.700 4.612 2.812 4.612 2.925 4.612 3.038 4.612 3.150 4.612 3.263 4.612 3.375 4.612 3.487 4.612 3.600 4.612 3.712 4.612 3.825 4.612 3.938 4.612 4.050 4.612 4.162 4.612 4.275 4.612 4.388 4.612 4.500 4.612 4.612 4.612 4.725 4.612 4.838 4.612 4.950 4.612 5.062 4.612 5.175 4.612 5.287 4.612 5.400 4.612 5.513 4.612 5.625 4.612 5.737 4.612 5.850 4.612 5.963 4.612 6.075 4.612 6.188 4.612 6.300 4.612 6.412 4.612 6.525 4.612 6.638 4.612 6.750 4.612 6.862 4.612 6.975 4.612 7.088 4.612 7.200 4.612 7.312 4.612 7.425 4.612 7.537 4.612 7.650 4.612 7.763 4.612 7.875 4.612 7.987 4.612 8.100 4.612 8.213 4.612 8.325 4.612 8.438 4.612 8.550 4.612 8.662 4.612 8.775 4.612 8.887 4.612 9.000 4.612 0.000 4.725 0.113 4.725 0.225 4.725 0.338 4.725 0.450 4.725 0.562 4.725 0.675 4.725 0.787 4.725 0.900 4.725 1.012 4.725 1.125 4.725 1.238 4.725 1.350 4.725 1.462 4.725 1.575 4.725 1.688 4.725 1.800 4.725 1.913 4.725 2.025 4.725 2.138 4.725 2.250 4.725 2.362 4.725 2.475 4.725 2.587 4.725 2.700 4.725 2.812 4.725 2.925 4.725 3.038 4.725 3.150 4.725 3.263 4.725 3.375 4.725 3.487 4.725 3.600 4.725 3.712 4.725 3.825 4.725 3.938 4.725 4.050 4.725 4.162 4.725 4.275 4.725 4.388 4.725 4.500 4.725 4.612 4.725 4.725 4.725 4.838 4.725 4.950 4.725 5.062 4.725 5.175 4.725 5.287 4.725 5.400 4.725 5.513 4.725 5.625 4.725 5.737 4.725 5.850 4.725 5.963 4.725 6.075 4.725 6.188 4.725 6.300 4.725 6.412 4.725 6.525 4.725 6.638 4.725 6.750 4.725 6.862 4.725 6.975 4.725 7.088 4.725 7.200 4.725 7.312 4.725 7.425 4.725 7.537 4.725 7.650 4.725 7.763 4.725 7.875 4.725 7.987 4.725 8.100 4.725 8.213 4.725 8.325 4.725 8.438 4.725 8.550 4.725 8.662 4.725 8.775 4.725 8.887 4.725 9.000 4.725 0.000 4.838 0.113 4.838 0.225 4.838 0.338 4.838 0.450 4.838 0.562 4.838 0.675 4.838 0.787 4.838 0.900 4.838 1.012 4.838 1.125 4.838 1.238 4.838 1.350 4.838 1.462 4.838 1.575 4.838 1.688 4.838 1.800 4.838 1.913 4.838 2.025 4.838 2.138 4.838 2.250 4.838 2.362 4.838 2.475 4.838 2.587 4.838 2.700 4.838 2.812 4.838 2.925 4.838 3.038 4.838 3.150 4.838 3.263 4.838 3.375 4.838 3.487 4.838 3.600 4.838 3.712 4.838 3.825 4.838 3.938 4.838 4.050 4.838 4.162 4.838 4.275 4.838 4.388 4.838 4.500 4.838 4.612 4.838 4.725 4.838 4.838 4.838 4.950 4.838 5.062 4.838 5.175 4.838 5.287 4.838 5.400 4.838 5.513 4.838 5.625 4.838 5.737 4.838 5.850 4.838 5.963 4.838 6.075 4.838 6.188 4.838 6.300 4.838 6.412 4.838 6.525 4.838 6.638 4.838 6.750 4.838 6.862 4.838 6.975 4.838 7.088 4.838 7.200 4.838 7.312 4.838 7.425 4.838 7.537 4.838 7.650 4.838 7.763 4.838 7.875 4.838 7.987 4.838 8.100 4.838 8.213 4.838 8.325 4.838 8.438 4.838 8.550 4.838 8.662 4.838 8.775 4.838 8.887 4.838 9.000 4.838 0.000 4.950 0.113 4.950 0.225 4.950 0.338 4.950 0.450 4.950 0.562 4.950 0.675 4.950 0.787 4.950 0.900 4.950 1.012 4.950 1.125 4.950 1.238 4.950 1.350 4.950 1.462 4.950 1.575 4.950 1.688 4.950 1.800 4.950 1.913 4.950 2.025 4.950 2.138 4.950 2.250 4.950 2.362 4.950 2.475 4.950 2.587 4.950 2.700 4.950 2.812 4.950 2.925 4.950 3.038 4.950 3.150 4.950 3.263 4.950 3.375 4.950 3.487 4.950 3.600 4.950 3.712 4.950 3.825 4.950 3.938 4.950 4.050 4.950 4.162 4.950 4.275 4.950 4.388 4.950 4.500 4.950 4.612 4.950 4.725 4.950 4.838 4.950 4.950 4.950 5.062 4.950 5.175 4.950 5.287 4.950 5.400 4.950 5.513 4.950 5.625 4.950 5.737 4.950 5.850 4.950 5.963 4.950 6.075 4.950 6.188 4.950 6.300 4.950 6.412 4.950 6.525 4.950 6.638 4.950 6.750 4.950 6.862 4.950 6.975 4.950 7.088 4.950 7.200 4.950 7.312 4.950 7.425 4.950 7.537 4.950 7.650 4.950 7.763 4.950 7.875 4.950 7.987 4.950 8.100 4.950 8.213 4.950 8.325 4.950 8.438 4.950 8.550 4.950 8.662 4.950 8.775 4.950 8.887 4.950 9.000 4.950 0.000 5.062 0.113 5.062 0.225 5.062 0.338 5.062 0.450 5.062 0.562 5.062 0.675 5.062 0.787 5.062 0.900 5.062 1.012 5.062 1.125 5.062 1.238 5.062 1.350 5.062 1.462 5.062 1.575 5.062 1.688 5.062 1.800 5.062 1.913 5.062 2.025 5.062 2.138 5.062 2.250 5.062 2.362 5.062 2.475 5.062 2.587 5.062 2.700 5.062 2.812 5.062 2.925 5.062 3.038 5.062 3.150 5.062 3.263 5.062 3.375 5.062 3.487 5.062 3.600 5.062 3.712 5.062 3.825 5.062 3.938 5.062 4.050 5.062 4.162 5.062 4.275 5.062 4.388 5.062 4.500 5.062 4.612 5.062 4.725 5.062 4.838 5.062 4.950 5.062 5.062 5.062 5.175 5.062 5.287 5.062 5.400 5.062 5.513 5.062 5.625 5.062 5.737 5.062 5.850 5.062 5.963 5.062 6.075 5.062 6.188 5.062 6.300 5.062 6.412 5.062 6.525 5.062 6.638 5.062 6.750 5.062 6.862 5.062 6.975 5.062 7.088 5.062 7.200 5.062 7.312 5.062 7.425 5.062 7.537 5.062 7.650 5.062 7.763 5.062 7.875 5.062 7.987 5.062 8.100 5.062 8.213 5.062 8.325 5.062 8.438 5.062 8.550 5.062 8.662 5.062 8.775 5.062 8.887 5.062 9.000 5.062 0.000 5.175 0.113 5.175 0.225 5.175 0.338 5.175 0.450 5.175 0.562 5.175 0.675 5.175 0.787 5.175 0.900 5.175 1.012 5.175 1.125 5.175 1.238 5.175 1.350 5.175 1.462 5.175 1.575 5.175 1.688 5.175 1.800 5.175 1.913 5.175 2.025 5.175 2.138 5.175 2.250 5.175 2.362 5.175 2.475 5.175 2.587 5.175 2.700 5.175 2.812 5.175 2.925 5.175 3.038 5.175 3.150 5.175 3.263 5.175 3.375 5.175 3.487 5.175 3.600 5.175 3.712 5.175 3.825 5.175 3.938 5.175 4.050 5.175 4.162 5.175 4.275 5.175 4.388 5.175 4.500 5.175 4.612 5.175 4.725 5.175 4.838 5.175 4.950 5.175 5.062 5.175 5.175 5.175 5.287 5.175 5.400 5.175 5.513 5.175 5.625 5.175 5.737 5.175 5.850 5.175 5.963 5.175 6.075 5.175 6.188 5.175 6.300 5.175 6.412 5.175 6.525 5.175 6.638 5.175 6.750 5.175 6.862 5.175 6.975 5.175 7.088 5.175 7.200 5.175 7.312 5.175 7.425 5.175 7.537 5.175 7.650 5.175 7.763 5.175 7.875 5.175 7.987 5.175 8.100 5.175 8.213 5.175 8.325 5.175 8.438 5.175 8.550 5.175 8.662 5.175 8.775 5.175 8.887 5.175 9.000 5.175 0.000 5.287 0.113 5.287 0.225 5.287 0.338 5.287 0.450 5.287 0.562 5.287 0.675 5.287 0.787 5.287 0.900 5.287 1.012 5.287 1.125 5.287 1.238 5.287 1.350 5.287 1.462 5.287 1.575 5.287 1.688 5.287 1.800 5.287 1.913 5.287 2.025 5.287 2.138 5.287 2.250 5.287 2.362 5.287 2.475 5.287 2.587 5.287 2.700 5.287 2.812 5.287 2.925 5.287 3.038 5.287 3.150 5.287 3.263 5.287 3.375 5.287 3.487 5.287 3.600 5.287 3.712 5.287 3.825 5.287 3.938 5.287 4.050 5.287 4.162 5.287 4.275 5.287 4.388 5.287 4.500 5.287 4.612 5.287 4.725 5.287 4.838 5.287 4.950 5.287 5.062 5.287 5.175 5.287 5.287 5.287 5.400 5.287 5.513 5.287 5.625 5.287 5.737 5.287 5.850 5.287 5.963 5.287 6.075 5.287 6.188 5.287 6.300 5.287 6.412 5.287 6.525 5.287 6.638 5.287 6.750 5.287 6.862 5.287 6.975 5.287 7.088 5.287 7.200 5.287 7.312 5.287 7.425 5.287 7.537 5.287 7.650 5.287 7.763 5.287 7.875 5.287 7.987 5.287 8.100 5.287 8.213 5.287 8.325 5.287 8.438 5.287 8.550 5.287 8.662 5.287 8.775 5.287 8.887 5.287 9.000 5.287 0.000 5.400 0.113 5.400 0.225 5.400 0.338 5.400 0.450 5.400 0.562 5.400 0.675 5.400 0.787 5.400 0.900 5.400 1.012 5.400 1.125 5.400 1.238 5.400 1.350 5.400 1.462 5.400 1.575 5.400 1.688 5.400 1.800 5.400 1.913 5.400 2.025 5.400 2.138 5.400 2.250 5.400 2.362 5.400 2.475 5.400 2.587 5.400 2.700 5.400 2.812 5.400 2.925 5.400 3.038 5.400 3.150 5.400 3.263 5.400 3.375 5.400 3.487 5.400 3.600 5.400 3.712 5.400 3.825 5.400 3.938 5.400 4.050 5.400 4.162 5.400 4.275 5.400 4.388 5.400 4.500 5.400 4.612 5.400 4.725 5.400 4.838 5.400 4.950 5.400 5.062 5.400 5.175 5.400 5.287 5.400 5.400 5.400 5.513 5.400 5.625 5.400 5.737 5.400 5.850 5.400 5.963 5.400 6.075 5.400 6.188 5.400 6.300 5.400 6.412 5.400 6.525 5.400 6.638 5.400 6.750 5.400 6.862 5.400 6.975 5.400 7.088 5.400 7.200 5.400 7.312 5.400 7.425 5.400 7.537 5.400 7.650 5.400 7.763 5.400 7.875 5.400 7.987 5.400 8.100 5.400 8.213 5.400 8.325 5.400 8.438 5.400 8.550 5.400 8.662 5.400 8.775 5.400 8.887 5.400 9.000 5.400 0.000 5.513 0.113 5.513 0.225 5.513 0.338 5.513 0.450 5.513 0.562 5.513 0.675 5.513 0.787 5.513 0.900 5.513 1.012 5.513 1.125 5.513 1.238 5.513 1.350 5.513 1.462 5.513 1.575 5.513 1.688 5.513 1.800 5.513 1.913 5.513 2.025 5.513 2.138 5.513 2.250 5.513 2.362 5.513 2.475 5.513 2.587 5.513 2.700 5.513 2.812 5.513 2.925 5.513 3.038 5.513 3.150 5.513 3.263 5.513 3.375 5.513 3.487 5.513 3.600 5.513 3.712 5.513 3.825 5.513 3.938 5.513 4.050 5.513 4.162 5.513 4.275 5.513 4.388 5.513 4.500 5.513 4.612 5.513 4.725 5.513 4.838 5.513 4.950 5.513 5.062 5.513 5.175 5.513 5.287 5.513 5.400 5.513 5.513 5.513 5.625 5.513 5.737 5.513 5.850 5.513 5.963 5.513 6.075 5.513 6.188 5.513 6.300 5.513 6.412 5.513 6.525 5.513 6.638 5.513 6.750 5.513 6.862 5.513 6.975 5.513 7.088 5.513 7.200 5.513 7.312 5.513 7.425 5.513 7.537 5.513 7.650 5.513 7.763 5.513 7.875 5.513 7.987 5.513 8.100 5.513 8.213 5.513 8.325 5.513 8.438 5.513 8.550 5.513 8.662 5.513 8.775 5.513 8.887 5.513 9.000 5.513 0.000 5.625 0.113 5.625 0.225 5.625 0.338 5.625 0.450 5.625 0.562 5.625 0.675 5.625 0.787 5.625 0.900 5.625 1.012 5.625 1.125 5.625 1.238 5.625 1.350 5.625 1.462 5.625 1.575 5.625 1.688 5.625 1.800 5.625 1.913 5.625 2.025 5.625 2.138 5.625 2.250 5.625 2.362 5.625 2.475 5.625 2.587 5.625 2.700 5.625 2.812 5.625 2.925 5.625 3.038 5.625 3.150 5.625 3.263 5.625 3.375 5.625 3.487 5.625 3.600 5.625 3.712 5.625 3.825 5.625 3.938 5.625 4.050 5.625 4.162 5.625 4.275 5.625 4.388 5.625 4.500 5.625 4.612 5.625 4.725 5.625 4.838 5.625 4.950 5.625 5.062 5.625 5.175 5.625 5.287 5.625 5.400 5.625 5.513 5.625 5.625 5.625 5.737 5.625 5.850 5.625 5.963 5.625 6.075 5.625 6.188 5.625 6.300 5.625 6.412 5.625 6.525 5.625 6.638 5.625 6.750 5.625 6.862 5.625 6.975 5.625 7.088 5.625 7.200 5.625 7.312 5.625 7.425 5.625 7.537 5.625 7.650 5.625 7.763 5.625 7.875 5.625 7.987 5.625 8.100 5.625 8.213 5.625 8.325 5.625 8.438 5.625 8.550 5.625 8.662 5.625 8.775 5.625 8.887 5.625 9.000 5.625 0.000 5.737 0.113 5.737 0.225 5.737 0.338 5.737 0.450 5.737 0.562 5.737 0.675 5.737 0.787 5.737 0.900 5.737 1.012 5.737 1.125 5.737 1.238 5.737 1.350 5.737 1.462 5.737 1.575 5.737 1.688 5.737 1.800 5.737 1.913 5.737 2.025 5.737 2.138 5.737 2.250 5.737 2.362 5.737 2.475 5.737 2.587 5.737 2.700 5.737 2.812 5.737 2.925 5.737 3.038 5.737 3.150 5.737 3.263 5.737 3.375 5.737 3.487 5.737 3.600 5.737 3.712 5.737 3.825 5.737 3.938 5.737 4.050 5.737 4.162 5.737 4.275 5.737 4.388 5.737 4.500 5.737 4.612 5.737 4.725 5.737 4.838 5.737 4.950 5.737 5.062 5.737 5.175 5.737 5.287 5.737 5.400 5.737 5.513 5.737 5.625 5.737 5.737 5.737 5.850 5.737 5.963 5.737 6.075 5.737 6.188 5.737 6.300 5.737 6.412 5.737 6.525 5.737 6.638 5.737 6.750 5.737 6.862 5.737 6.975 5.737 7.088 5.737 7.200 5.737 7.312 5.737 7.425 5.737 7.537 5.737 7.650 5.737 7.763 5.737 7.875 5.737 7.987 5.737 8.100 5.737 8.213 5.737 8.325 5.737 8.438 5.737 8.550 5.737 8.662 5.737 8.775 5.737 8.887 5.737 9.000 5.737 0.000 5.850 0.113 5.850 0.225 5.850 0.338 5.850 0.450 5.850 0.562 5.850 0.675 5.850 0.787 5.850 0.900 5.850 1.012 5.850 1.125 5.850 1.238 5.850 1.350 5.850 1.462 5.850 1.575 5.850 1.688 5.850 1.800 5.850 1.913 5.850 2.025 5.850 2.138 5.850 2.250 5.850 2.362 5.850 2.475 5.850 2.587 5.850 2.700 5.850 2.812 5.850 2.925 5.850 3.038 5.850 3.150 5.850 3.263 5.850 3.375 5.850 3.487 5.850 3.600 5.850 3.712 5.850 3.825 5.850 3.938 5.850 4.050 5.850 4.162 5.850 4.275 5.850 4.388 5.850 4.500 5.850 4.612 5.850 4.725 5.850 4.838 5.850 4.950 5.850 5.062 5.850 5.175 5.850 5.287 5.850 5.400 5.850 5.513 5.850 5.625 5.850 5.737 5.850 5.850 5.850 5.963 5.850 6.075 5.850 6.188 5.850 6.300 5.850 6.412 5.850 6.525 5.850 6.638 5.850 6.750 5.850 6.862 5.850 6.975 5.850 7.088 5.850 7.200 5.850 7.312 5.850 7.425 5.850 7.537 5.850 7.650 5.850 7.763 5.850 7.875 5.850 7.987 5.850 8.100 5.850 8.213 5.850 8.325 5.850 8.438 5.850 8.550 5.850 8.662 5.850 8.775 5.850 8.887 5.850 9.000 5.850 0.000 5.963 0.113 5.963 0.225 5.963 0.338 5.963 0.450 5.963 0.562 5.963 0.675 5.963 0.787 5.963 0.900 5.963 1.012 5.963 1.125 5.963 1.238 5.963 1.350 5.963 1.462 5.963 1.575 5.963 1.688 5.963 1.800 5.963 1.913 5.963 2.025 5.963 2.138 5.963 2.250 5.963 2.362 5.963 2.475 5.963 2.587 5.963 2.700 5.963 2.812 5.963 2.925 5.963 3.038 5.963 3.150 5.963 3.263 5.963 3.375 5.963 3.487 5.963 3.600 5.963 3.712 5.963 3.825 5.963 3.938 5.963 4.050 5.963 4.162 5.963 4.275 5.963 4.388 5.963 4.500 5.963 4.612 5.963 4.725 5.963 4.838 5.963 4.950 5.963 5.062 5.963 5.175 5.963 5.287 5.963 5.400 5.963 5.513 5.963 5.625 5.963 5.737 5.963 5.850 5.963 5.963 5.963 6.075 5.963 6.188 5.963 6.300 5.963 6.412 5.963 6.525 5.963 6.638 5.963 6.750 5.963 6.862 5.963 6.975 5.963 7.088 5.963 7.200 5.963 7.312 5.963 7.425 5.963 7.537 5.963 7.650 5.963 7.763 5.963 7.875 5.963 7.987 5.963 8.100 5.963 8.213 5.963 8.325 5.963 8.438 5.963 8.550 5.963 8.662 5.963 8.775 5.963 8.887 5.963 9.000 5.963 0.000 6.075 0.113 6.075 0.225 6.075 0.338 6.075 0.450 6.075 0.562 6.075 0.675 6.075 0.787 6.075 0.900 6.075 1.012 6.075 1.125 6.075 1.238 6.075 1.350 6.075 1.462 6.075 1.575 6.075 1.688 6.075 1.800 6.075 1.913 6.075 2.025 6.075 2.138 6.075 2.250 6.075 2.362 6.075 2.475 6.075 2.587 6.075 2.700 6.075 2.812 6.075 2.925 6.075 3.038 6.075 3.150 6.075 3.263 6.075 3.375 6.075 3.487 6.075 3.600 6.075 3.712 6.075 3.825 6.075 3.938 6.075 4.050 6.075 4.162 6.075 4.275 6.075 4.388 6.075 4.500 6.075 4.612 6.075 4.725 6.075 4.838 6.075 4.950 6.075 5.062 6.075 5.175 6.075 5.287 6.075 5.400 6.075 5.513 6.075 5.625 6.075 5.737 6.075 5.850 6.075 5.963 6.075 6.075 6.075 6.188 6.075 6.300 6.075 6.412 6.075 6.525 6.075 6.638 6.075 6.750 6.075 6.862 6.075 6.975 6.075 7.088 6.075 7.200 6.075 7.312 6.075 7.425 6.075 7.537 6.075 7.650 6.075 7.763 6.075 7.875 6.075 7.987 6.075 8.100 6.075 8.213 6.075 8.325 6.075 8.438 6.075 8.550 6.075 8.662 6.075 8.775 6.075 8.887 6.075 9.000 6.075 0.000 6.188 0.113 6.188 0.225 6.188 0.338 6.188 0.450 6.188 0.562 6.188 0.675 6.188 0.787 6.188 0.900 6.188 1.012 6.188 1.125 6.188 1.238 6.188 1.350 6.188 1.462 6.188 1.575 6.188 1.688 6.188 1.800 6.188 1.913 6.188 2.025 6.188 2.138 6.188 2.250 6.188 2.362 6.188 2.475 6.188 2.587 6.188 2.700 6.188 2.812 6.188 2.925 6.188 3.038 6.188 3.150 6.188 3.263 6.188 3.375 6.188 3.487 6.188 3.600 6.188 3.712 6.188 3.825 6.188 3.938 6.188 4.050 6.188 4.162 6.188 4.275 6.188 4.388 6.188 4.500 6.188 4.612 6.188 4.725 6.188 4.838 6.188 4.950 6.188 5.062 6.188 5.175 6.188 5.287 6.188 5.400 6.188 5.513 6.188 5.625 6.188 5.737 6.188 5.850 6.188 5.963 6.188 6.075 6.188 6.188 6.188 6.300 6.188 6.412 6.188 6.525 6.188 6.638 6.188 6.750 6.188 6.862 6.188 6.975 6.188 7.088 6.188 7.200 6.188 7.312 6.188 7.425 6.188 7.537 6.188 7.650 6.188 7.763 6.188 7.875 6.188 7.987 6.188 8.100 6.188 8.213 6.188 8.325 6.188 8.438 6.188 8.550 6.188 8.662 6.188 8.775 6.188 8.887 6.188 9.000 6.188 0.000 6.300 0.113 6.300 0.225 6.300 0.338 6.300 0.450 6.300 0.562 6.300 0.675 6.300 0.787 6.300 0.900 6.300 1.012 6.300 1.125 6.300 1.238 6.300 1.350 6.300 1.462 6.300 1.575 6.300 1.688 6.300 1.800 6.300 1.913 6.300 2.025 6.300 2.138 6.300 2.250 6.300 2.362 6.300 2.475 6.300 2.587 6.300 2.700 6.300 2.812 6.300 2.925 6.300 3.038 6.300 3.150 6.300 3.263 6.300 3.375 6.300 3.487 6.300 3.600 6.300 3.712 6.300 3.825 6.300 3.938 6.300 4.050 6.300 4.162 6.300 4.275 6.300 4.388 6.300 4.500 6.300 4.612 6.300 4.725 6.300 4.838 6.300 4.950 6.300 5.062 6.300 5.175 6.300 5.287 6.300 5.400 6.300 5.513 6.300 5.625 6.300 5.737 6.300 5.850 6.300 5.963 6.300 6.075 6.300 6.188 6.300 6.300 6.300 6.412 6.300 6.525 6.300 6.638 6.300 6.750 6.300 6.862 6.300 6.975 6.300 7.088 6.300 7.200 6.300 7.312 6.300 7.425 6.300 7.537 6.300 7.650 6.300 7.763 6.300 7.875 6.300 7.987 6.300 8.100 6.300 8.213 6.300 8.325 6.300 8.438 6.300 8.550 6.300 8.662 6.300 8.775 6.300 8.887 6.300 9.000 6.300 0.000 6.412 0.113 6.412 0.225 6.412 0.338 6.412 0.450 6.412 0.562 6.412 0.675 6.412 0.787 6.412 0.900 6.412 1.012 6.412 1.125 6.412 1.238 6.412 1.350 6.412 1.462 6.412 1.575 6.412 1.688 6.412 1.800 6.412 1.913 6.412 2.025 6.412 2.138 6.412 2.250 6.412 2.362 6.412 2.475 6.412 2.587 6.412 2.700 6.412 2.812 6.412 2.925 6.412 3.038 6.412 3.150 6.412 3.263 6.412 3.375 6.412 3.487 6.412 3.600 6.412 3.712 6.412 3.825 6.412 3.938 6.412 4.050 6.412 4.162 6.412 4.275 6.412 4.388 6.412 4.500 6.412 4.612 6.412 4.725 6.412 4.838 6.412 4.950 6.412 5.062 6.412 5.175 6.412 5.287 6.412 5.400 6.412 5.513 6.412 5.625 6.412 5.737 6.412 5.850 6.412 5.963 6.412 6.075 6.412 6.188 6.412 6.300 6.412 6.412 6.412 6.525 6.412 6.638 6.412 6.750 6.412 6.862 6.412 6.975 6.412 7.088 6.412 7.200 6.412 7.312 6.412 7.425 6.412 7.537 6.412 7.650 6.412 7.763 6.412 7.875 6.412 7.987 6.412 8.100 6.412 8.213 6.412 8.325 6.412 8.438 6.412 8.550 6.412 8.662 6.412 8.775 6.412 8.887 6.412 9.000 6.412 0.000 6.525 0.113 6.525 0.225 6.525 0.338 6.525 0.450 6.525 0.562 6.525 0.675 6.525 0.787 6.525 0.900 6.525 1.012 6.525 1.125 6.525 1.238 6.525 1.350 6.525 1.462 6.525 1.575 6.525 1.688 6.525 1.800 6.525 1.913 6.525 2.025 6.525 2.138 6.525 2.250 6.525 2.362 6.525 2.475 6.525 2.587 6.525 2.700 6.525 2.812 6.525 2.925 6.525 3.038 6.525 3.150 6.525 3.263 6.525 3.375 6.525 3.487 6.525 3.600 6.525 3.712 6.525 3.825 6.525 3.938 6.525 4.050 6.525 4.162 6.525 4.275 6.525 4.388 6.525 4.500 6.525 4.612 6.525 4.725 6.525 4.838 6.525 4.950 6.525 5.062 6.525 5.175 6.525 5.287 6.525 5.400 6.525 5.513 6.525 5.625 6.525 5.737 6.525 5.850 6.525 5.963 6.525 6.075 6.525 6.188 6.525 6.300 6.525 6.412 6.525 6.525 6.525 6.638 6.525 6.750 6.525 6.862 6.525 6.975 6.525 7.088 6.525 7.200 6.525 7.312 6.525 7.425 6.525 7.537 6.525 7.650 6.525 7.763 6.525 7.875 6.525 7.987 6.525 8.100 6.525 8.213 6.525 8.325 6.525 8.438 6.525 8.550 6.525 8.662 6.525 8.775 6.525 8.887 6.525 9.000 6.525 0.000 6.638 0.113 6.638 0.225 6.638 0.338 6.638 0.450 6.638 0.562 6.638 0.675 6.638 0.787 6.638 0.900 6.638 1.012 6.638 1.125 6.638 1.238 6.638 1.350 6.638 1.462 6.638 1.575 6.638 1.688 6.638 1.800 6.638 1.913 6.638 2.025 6.638 2.138 6.638 2.250 6.638 2.362 6.638 2.475 6.638 2.587 6.638 2.700 6.638 2.812 6.638 2.925 6.638 3.038 6.638 3.150 6.638 3.263 6.638 3.375 6.638 3.487 6.638 3.600 6.638 3.712 6.638 3.825 6.638 3.938 6.638 4.050 6.638 4.162 6.638 4.275 6.638 4.388 6.638 4.500 6.638 4.612 6.638 4.725 6.638 4.838 6.638 4.950 6.638 5.062 6.638 5.175 6.638 5.287 6.638 5.400 6.638 5.513 6.638 5.625 6.638 5.737 6.638 5.850 6.638 5.963 6.638 6.075 6.638 6.188 6.638 6.300 6.638 6.412 6.638 6.525 6.638 6.638 6.638 6.750 6.638 6.862 6.638 6.975 6.638 7.088 6.638 7.200 6.638 7.312 6.638 7.425 6.638 7.537 6.638 7.650 6.638 7.763 6.638 7.875 6.638 7.987 6.638 8.100 6.638 8.213 6.638 8.325 6.638 8.438 6.638 8.550 6.638 8.662 6.638 8.775 6.638 8.887 6.638 9.000 6.638 0.000 6.750 0.113 6.750 0.225 6.750 0.338 6.750 0.450 6.750 0.562 6.750 0.675 6.750 0.787 6.750 0.900 6.750 1.012 6.750 1.125 6.750 1.238 6.750 1.350 6.750 1.462 6.750 1.575 6.750 1.688 6.750 1.800 6.750 1.913 6.750 2.025 6.750 2.138 6.750 2.250 6.750 2.362 6.750 2.475 6.750 2.587 6.750 2.700 6.750 2.812 6.750 2.925 6.750 3.038 6.750 3.150 6.750 3.263 6.750 3.375 6.750 3.487 6.750 3.600 6.750 3.712 6.750 3.825 6.750 3.938 6.750 4.050 6.750 4.162 6.750 4.275 6.750 4.388 6.750 4.500 6.750 4.612 6.750 4.725 6.750 4.838 6.750 4.950 6.750 5.062 6.750 5.175 6.750 5.287 6.750 5.400 6.750 5.513 6.750 5.625 6.750 5.737 6.750 5.850 6.750 5.963 6.750 6.075 6.750 6.188 6.750 6.300 6.750 6.412 6.750 6.525 6.750 6.638 6.750 6.750 6.750 6.862 6.750 6.975 6.750 7.088 6.750 7.200 6.750 7.312 6.750 7.425 6.750 7.537 6.750 7.650 6.750 7.763 6.750 7.875 6.750 7.987 6.750 8.100 6.750 8.213 6.750 8.325 6.750 8.438 6.750 8.550 6.750 8.662 6.750 8.775 6.750 8.887 6.750 9.000 6.750 0.000 6.862 0.113 6.862 0.225 6.862 0.338 6.862 0.450 6.862 0.562 6.862 0.675 6.862 0.787 6.862 0.900 6.862 1.012 6.862 1.125 6.862 1.238 6.862 1.350 6.862 1.462 6.862 1.575 6.862 1.688 6.862 1.800 6.862 1.913 6.862 2.025 6.862 2.138 6.862 2.250 6.862 2.362 6.862 2.475 6.862 2.587 6.862 2.700 6.862 2.812 6.862 2.925 6.862 3.038 6.862 3.150 6.862 3.263 6.862 3.375 6.862 3.487 6.862 3.600 6.862 3.712 6.862 3.825 6.862 3.938 6.862 4.050 6.862 4.162 6.862 4.275 6.862 4.388 6.862 4.500 6.862 4.612 6.862 4.725 6.862 4.838 6.862 4.950 6.862 5.062 6.862 5.175 6.862 5.287 6.862 5.400 6.862 5.513 6.862 5.625 6.862 5.737 6.862 5.850 6.862 5.963 6.862 6.075 6.862 6.188 6.862 6.300 6.862 6.412 6.862 6.525 6.862 6.638 6.862 6.750 6.862 6.862 6.862 6.975 6.862 7.088 6.862 7.200 6.862 7.312 6.862 7.425 6.862 7.537 6.862 7.650 6.862 7.763 6.862 7.875 6.862 7.987 6.862 8.100 6.862 8.213 6.862 8.325 6.862 8.438 6.862 8.550 6.862 8.662 6.862 8.775 6.862 8.887 6.862 9.000 6.862 0.000 6.975 0.113 6.975 0.225 6.975 0.338 6.975 0.450 6.975 0.562 6.975 0.675 6.975 0.787 6.975 0.900 6.975 1.012 6.975 1.125 6.975 1.238 6.975 1.350 6.975 1.462 6.975 1.575 6.975 1.688 6.975 1.800 6.975 1.913 6.975 2.025 6.975 2.138 6.975 2.250 6.975 2.362 6.975 2.475 6.975 2.587 6.975 2.700 6.975 2.812 6.975 2.925 6.975 3.038 6.975 3.150 6.975 3.263 6.975 3.375 6.975 3.487 6.975 3.600 6.975 3.712 6.975 3.825 6.975 3.938 6.975 4.050 6.975 4.162 6.975 4.275 6.975 4.388 6.975 4.500 6.975 4.612 6.975 4.725 6.975 4.838 6.975 4.950 6.975 5.062 6.975 5.175 6.975 5.287 6.975 5.400 6.975 5.513 6.975 5.625 6.975 5.737 6.975 5.850 6.975 5.963 6.975 6.075 6.975 6.188 6.975 6.300 6.975 6.412 6.975 6.525 6.975 6.638 6.975 6.750 6.975 6.862 6.975 6.975 6.975 7.088 6.975 7.200 6.975 7.312 6.975 7.425 6.975 7.537 6.975 7.650 6.975 7.763 6.975 7.875 6.975 7.987 6.975 8.100 6.975 8.213 6.975 8.325 6.975 8.438 6.975 8.550 6.975 8.662 6.975 8.775 6.975 8.887 6.975 9.000 6.975 0.000 7.088 0.113 7.088 0.225 7.088 0.338 7.088 0.450 7.088 0.562 7.088 0.675 7.088 0.787 7.088 0.900 7.088 1.012 7.088 1.125 7.088 1.238 7.088 1.350 7.088 1.462 7.088 1.575 7.088 1.688 7.088 1.800 7.088 1.913 7.088 2.025 7.088 2.138 7.088 2.250 7.088 2.362 7.088 2.475 7.088 2.587 7.088 2.700 7.088 2.812 7.088 2.925 7.088 3.038 7.088 3.150 7.088 3.263 7.088 3.375 7.088 3.487 7.088 3.600 7.088 3.712 7.088 3.825 7.088 3.938 7.088 4.050 7.088 4.162 7.088 4.275 7.088 4.388 7.088 4.500 7.088 4.612 7.088 4.725 7.088 4.838 7.088 4.950 7.088 5.062 7.088 5.175 7.088 5.287 7.088 5.400 7.088 5.513 7.088 5.625 7.088 5.737 7.088 5.850 7.088 5.963 7.088 6.075 7.088 6.188 7.088 6.300 7.088 6.412 7.088 6.525 7.088 6.638 7.088 6.750 7.088 6.862 7.088 6.975 7.088 7.088 7.088 7.200 7.088 7.312 7.088 7.425 7.088 7.537 7.088 7.650 7.088 7.763 7.088 7.875 7.088 7.987 7.088 8.100 7.088 8.213 7.088 8.325 7.088 8.438 7.088 8.550 7.088 8.662 7.088 8.775 7.088 8.887 7.088 9.000 7.088 0.000 7.200 0.113 7.200 0.225 7.200 0.338 7.200 0.450 7.200 0.562 7.200 0.675 7.200 0.787 7.200 0.900 7.200 1.012 7.200 1.125 7.200 1.238 7.200 1.350 7.200 1.462 7.200 1.575 7.200 1.688 7.200 1.800 7.200 1.913 7.200 2.025 7.200 2.138 7.200 2.250 7.200 2.362 7.200 2.475 7.200 2.587 7.200 2.700 7.200 2.812 7.200 2.925 7.200 3.038 7.200 3.150 7.200 3.263 7.200 3.375 7.200 3.487 7.200 3.600 7.200 3.712 7.200 3.825 7.200 3.938 7.200 4.050 7.200 4.162 7.200 4.275 7.200 4.388 7.200 4.500 7.200 4.612 7.200 4.725 7.200 4.838 7.200 4.950 7.200 5.062 7.200 5.175 7.200 5.287 7.200 5.400 7.200 5.513 7.200 5.625 7.200 5.737 7.200 5.850 7.200 5.963 7.200 6.075 7.200 6.188 7.200 6.300 7.200 6.412 7.200 6.525 7.200 6.638 7.200 6.750 7.200 6.862 7.200 6.975 7.200 7.088 7.200 7.200 7.200 7.312 7.200 7.425 7.200 7.537 7.200 7.650 7.200 7.763 7.200 7.875 7.200 7.987 7.200 8.100 7.200 8.213 7.200 8.325 7.200 8.438 7.200 8.550 7.200 8.662 7.200 8.775 7.200 8.887 7.200 9.000 7.200 0.000 7.312 0.113 7.312 0.225 7.312 0.338 7.312 0.450 7.312 0.562 7.312 0.675 7.312 0.787 7.312 0.900 7.312 1.012 7.312 1.125 7.312 1.238 7.312 1.350 7.312 1.462 7.312 1.575 7.312 1.688 7.312 1.800 7.312 1.913 7.312 2.025 7.312 2.138 7.312 2.250 7.312 2.362 7.312 2.475 7.312 2.587 7.312 2.700 7.312 2.812 7.312 2.925 7.312 3.038 7.312 3.150 7.312 3.263 7.312 3.375 7.312 3.487 7.312 3.600 7.312 3.712 7.312 3.825 7.312 3.938 7.312 4.050 7.312 4.162 7.312 4.275 7.312 4.388 7.312 4.500 7.312 4.612 7.312 4.725 7.312 4.838 7.312 4.950 7.312 5.062 7.312 5.175 7.312 5.287 7.312 5.400 7.312 5.513 7.312 5.625 7.312 5.737 7.312 5.850 7.312 5.963 7.312 6.075 7.312 6.188 7.312 6.300 7.312 6.412 7.312 6.525 7.312 6.638 7.312 6.750 7.312 6.862 7.312 6.975 7.312 7.088 7.312 7.200 7.312 7.312 7.312 7.425 7.312 7.537 7.312 7.650 7.312 7.763 7.312 7.875 7.312 7.987 7.312 8.100 7.312 8.213 7.312 8.325 7.312 8.438 7.312 8.550 7.312 8.662 7.312 8.775 7.312 8.887 7.312 9.000 7.312 0.000 7.425 0.113 7.425 0.225 7.425 0.338 7.425 0.450 7.425 0.562 7.425 0.675 7.425 0.787 7.425 0.900 7.425 1.012 7.425 1.125 7.425 1.238 7.425 1.350 7.425 1.462 7.425 1.575 7.425 1.688 7.425 1.800 7.425 1.913 7.425 2.025 7.425 2.138 7.425 2.250 7.425 2.362 7.425 2.475 7.425 2.587 7.425 2.700 7.425 2.812 7.425 2.925 7.425 3.038 7.425 3.150 7.425 3.263 7.425 3.375 7.425 3.487 7.425 3.600 7.425 3.712 7.425 3.825 7.425 3.938 7.425 4.050 7.425 4.162 7.425 4.275 7.425 4.388 7.425 4.500 7.425 4.612 7.425 4.725 7.425 4.838 7.425 4.950 7.425 5.062 7.425 5.175 7.425 5.287 7.425 5.400 7.425 5.513 7.425 5.625 7.425 5.737 7.425 5.850 7.425 5.963 7.425 6.075 7.425 6.188 7.425 6.300 7.425 6.412 7.425 6.525 7.425 6.638 7.425 6.750 7.425 6.862 7.425 6.975 7.425 7.088 7.425 7.200 7.425 7.312 7.425 7.425 7.425 7.537 7.425 7.650 7.425 7.763 7.425 7.875 7.425 7.987 7.425 8.100 7.425 8.213 7.425 8.325 7.425 8.438 7.425 8.550 7.425 8.662 7.425 8.775 7.425 8.887 7.425 9.000 7.425 0.000 7.537 0.113 7.537 0.225 7.537 0.338 7.537 0.450 7.537 0.562 7.537 0.675 7.537 0.787 7.537 0.900 7.537 1.012 7.537 1.125 7.537 1.238 7.537 1.350 7.537 1.462 7.537 1.575 7.537 1.688 7.537 1.800 7.537 1.913 7.537 2.025 7.537 2.138 7.537 2.250 7.537 2.362 7.537 2.475 7.537 2.587 7.537 2.700 7.537 2.812 7.537 2.925 7.537 3.038 7.537 3.150 7.537 3.263 7.537 3.375 7.537 3.487 7.537 3.600 7.537 3.712 7.537 3.825 7.537 3.938 7.537 4.050 7.537 4.162 7.537 4.275 7.537 4.388 7.537 4.500 7.537 4.612 7.537 4.725 7.537 4.838 7.537 4.950 7.537 5.062 7.537 5.175 7.537 5.287 7.537 5.400 7.537 5.513 7.537 5.625 7.537 5.737 7.537 5.850 7.537 5.963 7.537 6.075 7.537 6.188 7.537 6.300 7.537 6.412 7.537 6.525 7.537 6.638 7.537 6.750 7.537 6.862 7.537 6.975 7.537 7.088 7.537 7.200 7.537 7.312 7.537 7.425 7.537 7.537 7.537 7.650 7.537 7.763 7.537 7.875 7.537 7.987 7.537 8.100 7.537 8.213 7.537 8.325 7.537 8.438 7.537 8.550 7.537 8.662 7.537 8.775 7.537 8.887 7.537 9.000 7.537 0.000 7.650 0.113 7.650 0.225 7.650 0.338 7.650 0.450 7.650 0.562 7.650 0.675 7.650 0.787 7.650 0.900 7.650 1.012 7.650 1.125 7.650 1.238 7.650 1.350 7.650 1.462 7.650 1.575 7.650 1.688 7.650 1.800 7.650 1.913 7.650 2.025 7.650 2.138 7.650 2.250 7.650 2.362 7.650 2.475 7.650 2.587 7.650 2.700 7.650 2.812 7.650 2.925 7.650 3.038 7.650 3.150 7.650 3.263 7.650 3.375 7.650 3.487 7.650 3.600 7.650 3.712 7.650 3.825 7.650 3.938 7.650 4.050 7.650 4.162 7.650 4.275 7.650 4.388 7.650 4.500 7.650 4.612 7.650 4.725 7.650 4.838 7.650 4.950 7.650 5.062 7.650 5.175 7.650 5.287 7.650 5.400 7.650 5.513 7.650 5.625 7.650 5.737 7.650 5.850 7.650 5.963 7.650 6.075 7.650 6.188 7.650 6.300 7.650 6.412 7.650 6.525 7.650 6.638 7.650 6.750 7.650 6.862 7.650 6.975 7.650 7.088 7.650 7.200 7.650 7.312 7.650 7.425 7.650 7.537 7.650 7.650 7.650 7.763 7.650 7.875 7.650 7.987 7.650 8.100 7.650 8.213 7.650 8.325 7.650 8.438 7.650 8.550 7.650 8.662 7.650 8.775 7.650 8.887 7.650 9.000 7.650 0.000 7.763 0.113 7.763 0.225 7.763 0.338 7.763 0.450 7.763 0.562 7.763 0.675 7.763 0.787 7.763 0.900 7.763 1.012 7.763 1.125 7.763 1.238 7.763 1.350 7.763 1.462 7.763 1.575 7.763 1.688 7.763 1.800 7.763 1.913 7.763 2.025 7.763 2.138 7.763 2.250 7.763 2.362 7.763 2.475 7.763 2.587 7.763 2.700 7.763 2.812 7.763 2.925 7.763 3.038 7.763 3.150 7.763 3.263 7.763 3.375 7.763 3.487 7.763 3.600 7.763 3.712 7.763 3.825 7.763 3.938 7.763 4.050 7.763 4.162 7.763 4.275 7.763 4.388 7.763 4.500 7.763 4.612 7.763 4.725 7.763 4.838 7.763 4.950 7.763 5.062 7.763 5.175 7.763 5.287 7.763 5.400 7.763 5.513 7.763 5.625 7.763 5.737 7.763 5.850 7.763 5.963 7.763 6.075 7.763 6.188 7.763 6.300 7.763 6.412 7.763 6.525 7.763 6.638 7.763 6.750 7.763 6.862 7.763 6.975 7.763 7.088 7.763 7.200 7.763 7.312 7.763 7.425 7.763 7.537 7.763 7.650 7.763 7.763 7.763 7.875 7.763 7.987 7.763 8.100 7.763 8.213 7.763 8.325 7.763 8.438 7.763 8.550 7.763 8.662 7.763 8.775 7.763 8.887 7.763 9.000 7.763 0.000 7.875 0.113 7.875 0.225 7.875 0.338 7.875 0.450 7.875 0.562 7.875 0.675 7.875 0.787 7.875 0.900 7.875 1.012 7.875 1.125 7.875 1.238 7.875 1.350 7.875 1.462 7.875 1.575 7.875 1.688 7.875 1.800 7.875 1.913 7.875 2.025 7.875 2.138 7.875 2.250 7.875 2.362 7.875 2.475 7.875 2.587 7.875 2.700 7.875 2.812 7.875 2.925 7.875 3.038 7.875 3.150 7.875 3.263 7.875 3.375 7.875 3.487 7.875 3.600 7.875 3.712 7.875 3.825 7.875 3.938 7.875 4.050 7.875 4.162 7.875 4.275 7.875 4.388 7.875 4.500 7.875 4.612 7.875 4.725 7.875 4.838 7.875 4.950 7.875 5.062 7.875 5.175 7.875 5.287 7.875 5.400 7.875 5.513 7.875 5.625 7.875 5.737 7.875 5.850 7.875 5.963 7.875 6.075 7.875 6.188 7.875 6.300 7.875 6.412 7.875 6.525 7.875 6.638 7.875 6.750 7.875 6.862 7.875 6.975 7.875 7.088 7.875 7.200 7.875 7.312 7.875 7.425 7.875 7.537 7.875 7.650 7.875 7.763 7.875 7.875 7.875 7.987 7.875 8.100 7.875 8.213 7.875 8.325 7.875 8.438 7.875 8.550 7.875 8.662 7.875 8.775 7.875 8.887 7.875 9.000 7.875 0.000 7.987 0.113 7.987 0.225 7.987 0.338 7.987 0.450 7.987 0.562 7.987 0.675 7.987 0.787 7.987 0.900 7.987 1.012 7.987 1.125 7.987 1.238 7.987 1.350 7.987 1.462 7.987 1.575 7.987 1.688 7.987 1.800 7.987 1.913 7.987 2.025 7.987 2.138 7.987 2.250 7.987 2.362 7.987 2.475 7.987 2.587 7.987 2.700 7.987 2.812 7.987 2.925 7.987 3.038 7.987 3.150 7.987 3.263 7.987 3.375 7.987 3.487 7.987 3.600 7.987 3.712 7.987 3.825 7.987 3.938 7.987 4.050 7.987 4.162 7.987 4.275 7.987 4.388 7.987 4.500 7.987 4.612 7.987 4.725 7.987 4.838 7.987 4.950 7.987 5.062 7.987 5.175 7.987 5.287 7.987 5.400 7.987 5.513 7.987 5.625 7.987 5.737 7.987 5.850 7.987 5.963 7.987 6.075 7.987 6.188 7.987 6.300 7.987 6.412 7.987 6.525 7.987 6.638 7.987 6.750 7.987 6.862 7.987 6.975 7.987 7.088 7.987 7.200 7.987 7.312 7.987 7.425 7.987 7.537 7.987 7.650 7.987 7.763 7.987 7.875 7.987 7.987 7.987 8.100 7.987 8.213 7.987 8.325 7.987 8.438 7.987 8.550 7.987 8.662 7.987 8.775 7.987 8.887 7.987 9.000 7.987 0.000 8.100 0.113 8.100 0.225 8.100 0.338 8.100 0.450 8.100 0.562 8.100 0.675 8.100 0.787 8.100 0.900 8.100 1.012 8.100 1.125 8.100 1.238 8.100 1.350 8.100 1.462 8.100 1.575 8.100 1.688 8.100 1.800 8.100 1.913 8.100 2.025 8.100 2.138 8.100 2.250 8.100 2.362 8.100 2.475 8.100 2.587 8.100 2.700 8.100 2.812 8.100 2.925 8.100 3.038 8.100 3.150 8.100 3.263 8.100 3.375 8.100 3.487 8.100 3.600 8.100 3.712 8.100 3.825 8.100 3.938 8.100 4.050 8.100 4.162 8.100 4.275 8.100 4.388 8.100 4.500 8.100 4.612 8.100 4.725 8.100 4.838 8.100 4.950 8.100 5.062 8.100 5.175 8.100 5.287 8.100 5.400 8.100 5.513 8.100 5.625 8.100 5.737 8.100 5.850 8.100 5.963 8.100 6.075 8.100 6.188 8.100 6.300 8.100 6.412 8.100 6.525 8.100 6.638 8.100 6.750 8.100 6.862 8.100 6.975 8.100 7.088 8.100 7.200 8.100 7.312 8.100 7.425 8.100 7.537 8.100 7.650 8.100 7.763 8.100 7.875 8.100 7.987 8.100 8.100 8.100 8.213 8.100 8.325 8.100 8.438 8.100 8.550 8.100 8.662 8.100 8.775 8.100 8.887 8.100 9.000 8.100 0.000 8.213 0.113 8.213 0.225 8.213 0.338 8.213 0.450 8.213 0.562 8.213 0.675 8.213 0.787 8.213 0.900 8.213 1.012 8.213 1.125 8.213 1.238 8.213 1.350 8.213 1.462 8.213 1.575 8.213 1.688 8.213 1.800 8.213 1.913 8.213 2.025 8.213 2.138 8.213 2.250 8.213 2.362 8.213 2.475 8.213 2.587 8.213 2.700 8.213 2.812 8.213 2.925 8.213 3.038 8.213 3.150 8.213 3.263 8.213 3.375 8.213 3.487 8.213 3.600 8.213 3.712 8.213 3.825 8.213 3.938 8.213 4.050 8.213 4.162 8.213 4.275 8.213 4.388 8.213 4.500 8.213 4.612 8.213 4.725 8.213 4.838 8.213 4.950 8.213 5.062 8.213 5.175 8.213 5.287 8.213 5.400 8.213 5.513 8.213 5.625 8.213 5.737 8.213 5.850 8.213 5.963 8.213 6.075 8.213 6.188 8.213 6.300 8.213 6.412 8.213 6.525 8.213 6.638 8.213 6.750 8.213 6.862 8.213 6.975 8.213 7.088 8.213 7.200 8.213 7.312 8.213 7.425 8.213 7.537 8.213 7.650 8.213 7.763 8.213 7.875 8.213 7.987 8.213 8.100 8.213 8.213 8.213 8.325 8.213 8.438 8.213 8.550 8.213 8.662 8.213 8.775 8.213 8.887 8.213 9.000 8.213 0.000 8.325 0.113 8.325 0.225 8.325 0.338 8.325 0.450 8.325 0.562 8.325 0.675 8.325 0.787 8.325 0.900 8.325 1.012 8.325 1.125 8.325 1.238 8.325 1.350 8.325 1.462 8.325 1.575 8.325 1.688 8.325 1.800 8.325 1.913 8.325 2.025 8.325 2.138 8.325 2.250 8.325 2.362 8.325 2.475 8.325 2.587 8.325 2.700 8.325 2.812 8.325 2.925 8.325 3.038 8.325 3.150 8.325 3.263 8.325 3.375 8.325 3.487 8.325 3.600 8.325 3.712 8.325 3.825 8.325 3.938 8.325 4.050 8.325 4.162 8.325 4.275 8.325 4.388 8.325 4.500 8.325 4.612 8.325 4.725 8.325 4.838 8.325 4.950 8.325 5.062 8.325 5.175 8.325 5.287 8.325 5.400 8.325 5.513 8.325 5.625 8.325 5.737 8.325 5.850 8.325 5.963 8.325 6.075 8.325 6.188 8.325 6.300 8.325 6.412 8.325 6.525 8.325 6.638 8.325 6.750 8.325 6.862 8.325 6.975 8.325 7.088 8.325 7.200 8.325 7.312 8.325 7.425 8.325 7.537 8.325 7.650 8.325 7.763 8.325 7.875 8.325 7.987 8.325 8.100 8.325 8.213 8.325 8.325 8.325 8.438 8.325 8.550 8.325 8.662 8.325 8.775 8.325 8.887 8.325 9.000 8.325 0.000 8.438 0.113 8.438 0.225 8.438 0.338 8.438 0.450 8.438 0.562 8.438 0.675 8.438 0.787 8.438 0.900 8.438 1.012 8.438 1.125 8.438 1.238 8.438 1.350 8.438 1.462 8.438 1.575 8.438 1.688 8.438 1.800 8.438 1.913 8.438 2.025 8.438 2.138 8.438 2.250 8.438 2.362 8.438 2.475 8.438 2.587 8.438 2.700 8.438 2.812 8.438 2.925 8.438 3.038 8.438 3.150 8.438 3.263 8.438 3.375 8.438 3.487 8.438 3.600 8.438 3.712 8.438 3.825 8.438 3.938 8.438 4.050 8.438 4.162 8.438 4.275 8.438 4.388 8.438 4.500 8.438 4.612 8.438 4.725 8.438 4.838 8.438 4.950 8.438 5.062 8.438 5.175 8.438 5.287 8.438 5.400 8.438 5.513 8.438 5.625 8.438 5.737 8.438 5.850 8.438 5.963 8.438 6.075 8.438 6.188 8.438 6.300 8.438 6.412 8.438 6.525 8.438 6.638 8.438 6.750 8.438 6.862 8.438 6.975 8.438 7.088 8.438 7.200 8.438 7.312 8.438 7.425 8.438 7.537 8.438 7.650 8.438 7.763 8.438 7.875 8.438 7.987 8.438 8.100 8.438 8.213 8.438 8.325 8.438 8.438 8.438 8.550 8.438 8.662 8.438 8.775 8.438 8.887 8.438 9.000 8.438 0.000 8.550 0.113 8.550 0.225 8.550 0.338 8.550 0.450 8.550 0.562 8.550 0.675 8.550 0.787 8.550 0.900 8.550 1.012 8.550 1.125 8.550 1.238 8.550 1.350 8.550 1.462 8.550 1.575 8.550 1.688 8.550 1.800 8.550 1.913 8.550 2.025 8.550 2.138 8.550 2.250 8.550 2.362 8.550 2.475 8.550 2.587 8.550 2.700 8.550 2.812 8.550 2.925 8.550 3.038 8.550 3.150 8.550 3.263 8.550 3.375 8.550 3.487 8.550 3.600 8.550 3.712 8.550 3.825 8.550 3.938 8.550 4.050 8.550 4.162 8.550 4.275 8.550 4.388 8.550 4.500 8.550 4.612 8.550 4.725 8.550 4.838 8.550 4.950 8.550 5.062 8.550 5.175 8.550 5.287 8.550 5.400 8.550 5.513 8.550 5.625 8.550 5.737 8.550 5.850 8.550 5.963 8.550 6.075 8.550 6.188 8.550 6.300 8.550 6.412 8.550 6.525 8.550 6.638 8.550 6.750 8.550 6.862 8.550 6.975 8.550 7.088 8.550 7.200 8.550 7.312 8.550 7.425 8.550 7.537 8.550 7.650 8.550 7.763 8.550 7.875 8.550 7.987 8.550 8.100 8.550 8.213 8.550 8.325 8.550 8.438 8.550 8.550 8.550 8.662 8.550 8.775 8.550 8.887 8.550 9.000 8.550 0.000 8.662 0.113 8.662 0.225 8.662 0.338 8.662 0.450 8.662 0.562 8.662 0.675 8.662 0.787 8.662 0.900 8.662 1.012 8.662 1.125 8.662 1.238 8.662 1.350 8.662 1.462 8.662 1.575 8.662 1.688 8.662 1.800 8.662 1.913 8.662 2.025 8.662 2.138 8.662 2.250 8.662 2.362 8.662 2.475 8.662 2.587 8.662 2.700 8.662 2.812 8.662 2.925 8.662 3.038 8.662 3.150 8.662 3.263 8.662 3.375 8.662 3.487 8.662 3.600 8.662 3.712 8.662 3.825 8.662 3.938 8.662 4.050 8.662 4.162 8.662 4.275 8.662 4.388 8.662 4.500 8.662 4.612 8.662 4.725 8.662 4.838 8.662 4.950 8.662 5.062 8.662 5.175 8.662 5.287 8.662 5.400 8.662 5.513 8.662 5.625 8.662 5.737 8.662 5.850 8.662 5.963 8.662 6.075 8.662 6.188 8.662 6.300 8.662 6.412 8.662 6.525 8.662 6.638 8.662 6.750 8.662 6.862 8.662 6.975 8.662 7.088 8.662 7.200 8.662 7.312 8.662 7.425 8.662 7.537 8.662 7.650 8.662 7.763 8.662 7.875 8.662 7.987 8.662 8.100 8.662 8.213 8.662 8.325 8.662 8.438 8.662 8.550 8.662 8.662 8.662 8.775 8.662 8.887 8.662 9.000 8.662 0.000 8.775 0.113 8.775 0.225 8.775 0.338 8.775 0.450 8.775 0.562 8.775 0.675 8.775 0.787 8.775 0.900 8.775 1.012 8.775 1.125 8.775 1.238 8.775 1.350 8.775 1.462 8.775 1.575 8.775 1.688 8.775 1.800 8.775 1.913 8.775 2.025 8.775 2.138 8.775 2.250 8.775 2.362 8.775 2.475 8.775 2.587 8.775 2.700 8.775 2.812 8.775 2.925 8.775 3.038 8.775 3.150 8.775 3.263 8.775 3.375 8.775 3.487 8.775 3.600 8.775 3.712 8.775 3.825 8.775 3.938 8.775 4.050 8.775 4.162 8.775 4.275 8.775 4.388 8.775 4.500 8.775 4.612 8.775 4.725 8.775 4.838 8.775 4.950 8.775 5.062 8.775 5.175 8.775 5.287 8.775 5.400 8.775 5.513 8.775 5.625 8.775 5.737 8.775 5.850 8.775 5.963 8.775 6.075 8.775 6.188 8.775 6.300 8.775 6.412 8.775 6.525 8.775 6.638 8.775 6.750 8.775 6.862 8.775 6.975 8.775 7.088 8.775 7.200 8.775 7.312 8.775 7.425 8.775 7.537 8.775 7.650 8.775 7.763 8.775 7.875 8.775 7.987 8.775 8.100 8.775 8.213 8.775 8.325 8.775 8.438 8.775 8.550 8.775 8.662 8.775 8.775 8.775 8.887 8.775 9.000 8.775 0.000 8.887 0.113 8.887 0.225 8.887 0.338 8.887 0.450 8.887 0.562 8.887 0.675 8.887 0.787 8.887 0.900 8.887 1.012 8.887 1.125 8.887 1.238 8.887 1.350 8.887 1.462 8.887 1.575 8.887 1.688 8.887 1.800 8.887 1.913 8.887 2.025 8.887 2.138 8.887 2.250 8.887 2.362 8.887 2.475 8.887 2.587 8.887 2.700 8.887 2.812 8.887 2.925 8.887 3.038 8.887 3.150 8.887 3.263 8.887 3.375 8.887 3.487 8.887 3.600 8.887 3.712 8.887 3.825 8.887 3.938 8.887 4.050 8.887 4.162 8.887 4.275 8.887 4.388 8.887 4.500 8.887 4.612 8.887 4.725 8.887 4.838 8.887 4.950 8.887 5.062 8.887 5.175 8.887 5.287 8.887 5.400 8.887 5.513 8.887 5.625 8.887 5.737 8.887 5.850 8.887 5.963 8.887 6.075 8.887 6.188 8.887 6.300 8.887 6.412 8.887 6.525 8.887 6.638 8.887 6.750 8.887 6.862 8.887 6.975 8.887 7.088 8.887 7.200 8.887 7.312 8.887 7.425 8.887 7.537 8.887 7.650 8.887 7.763 8.887 7.875 8.887 7.987 8.887 8.100 8.887 8.213 8.887 8.325 8.887 8.438 8.887 8.550 8.887 8.662 8.887 8.775 8.887 8.887 8.887 9.000 8.887 0.000 9.000 0.113 9.000 0.225 9.000 0.338 9.000 0.450 9.000 0.562 9.000 0.675 9.000 0.787 9.000 0.900 9.000 1.012 9.000 1.125 9.000 1.238 9.000 1.350 9.000 1.462 9.000 1.575 9.000 1.688 9.000 1.800 9.000 1.913 9.000 2.025 9.000 2.138 9.000 2.250 9.000 2.362 9.000 2.475 9.000 2.587 9.000 2.700 9.000 2.812 9.000 2.925 9.000 3.038 9.000 3.150 9.000 3.263 9.000 3.375 9.000 3.487 9.000 3.600 9.000 3.712 9.000 3.825 9.000 3.938 9.000 4.050 9.000 4.162 9.000 4.275 9.000 4.388 9.000 4.500 9.000 4.612 9.000 4.725 9.000 4.838 9.000 4.950 9.000 5.062 9.000 5.175 9.000 5.287 9.000 5.400 9.000 5.513 9.000 5.625 9.000 5.737 9.000 5.850 9.000 5.963 9.000 6.075 9.000 6.188 9.000 6.300 9.000 6.412 9.000 6.525 9.000 6.638 9.000 6.750 9.000 6.862 9.000 6.975 9.000 7.088 9.000 7.200 9.000 7.312 9.000 7.425 9.000 7.537 9.000 7.650 9.000 7.763 9.000 7.875 9.000 7.987 9.000 8.100 9.000 8.213 9.000 8.325 9.000 8.438 9.000 8.550 9.000 8.662 9.000 8.775 9.000 8.887 9.000 9.000 9.000</float_array>
          <technique_common>
            <accessor source="#Terrain-mesh-map-0-array" count="6561" stride="2">
              <param name="S" type="float"/>
              <param name="T" type="float"/>
            </accessor>
          </technique_common>
        </source>
        <vertices id="Terrain-mesh-vertices">
          <input semantic="POSITION" source="#Terrain-mesh-positions"/>
        </vertices>
        <triangles material="Material_001-material" count="12800">
          <input semantic="VERTEX" source="#Terrain-mesh-vertices" offset="0"/>
          <input semantic="NORMAL" source="#Terrain-mesh-normals" offset="1"/>
          <input semantic="TEXCOORD" source="#Terrain-mesh-map-0" offset="2" set="0"/>
          <p>0 0 0 1 1 1 82 82 82 0 0 0 82 82 82 81 81 81 1 1 1 2 2 2 83 83 83 1 1 1 83 83 83 82 82 82 2 2 2 3 3 3 84 84 84 2 2 2 84 84 84 83 83 83 3 3 3 4 4 4 85 85 85 3 3 3 85 85 85 84 84 84 4 4 4 5 5 5 86 86 86 4 4 4 86 86 86 85 85 85 5 5 5 6 6 6 87 87 87 5 5 5 87 87 87 86 86 86 6 6 6 7 7 7 88 88 88 6 6 6 88 88 88 87 87 87 7 7 7 8 8 8 89 89 89 7 7 7 89 89 89 88 88 88 8 8 8 9 9 9 90 90 90 8 8 8 90 90 90 89 89 89 9 9 9 10 10 10 91 91 91 9 9 9 91 91 91 90 90 90 10 10 10 11 11 11 92 92 92 10 10 10 92 92 92 91 91 91 11 11 11 12 12 12 93 93 93 11 11 11 93 93 93 92 92 92 12 12 12 13 13 13 94 94 94 12 12 12 94 94 94 93 93 93 13 13 13 14 14 14 95 95 95 13 13 13 95 95 95 94 94 94 14 14 14 15 15 15 96 96 96 14 14 14 96 96 96 95 95 95 15 15 15 16 16 16 97 97 97 15 15 15 97 97 97 96 96 96 16 16 16 17 17 17 98 98 98 16 16 16 98 98 98 97 97 97 17 17 17 18 18 18 99 99 99 17 17 17 99 99 99 98 98 98 18 18 18 19 19 19 100 100 100 18 18 18 100 100 100 99 99 99 19 19 19 20 20 20 101 101 101 19 19 19 101 101 101 100 100 100 20 20 20 21 21 21 102 102 102 20 20 20 102 102 102 101 101 101 21 21 21 22 22 22 103 103 103 21 21 21 103 103 103 102 102 102 22 22 22 23 23 23 104 104 104 22 22 22 104 104 104 103 103 103 23 23 23 24 24 24 105 105 105 23 23 23 105 105 105 104 104 104 24 24 24 25 25 25 106 106 106 24 24 24 106 106 106 105 105 105 25 25 25 26 26 26 107 107 107 25 25 25 107 107 107 106 106 106 26 26 26 27 27 27 108 108 108 26 26 26 108 108 108 107 107 107 27 27 27 28 28 28 109 109 109 27 27 27 109 109 109 108 108 108 28 28 28 29 29 29 110 110 110 28 28 28 110 110 110 109 109 109 29 29 29 30 30 30 111 111 111 29 29 29 111 111 111 110 110 110 30 30 30 31 31 31 112 112 112 30 30 30 112 112 112 111 111 111 31 31 31 32 32 32 113 113 113 31 31 31 113 113 113 112 112 112 32 32 32 33 33 33 114 114 114 32 32 32 114 114 114 113 113 113 33 33 33 34 34 34 115 115 115 33 33 33 115 115 115 114 114 114 34 34 34 35 35 35 116 116 116 34 34 34 116 116 116 115 115 115 35 35 35 36 36 36 117 117 117 35 35 35 117 117 117 116 116 116 36 36 36 37 37 37 118 118 118 36 36 36 118 118 118 117 117 117 37 37 37 38 38 38 119 119 119 37 37 37 119 119 119 118 118 118 38 38 38 39 39 39 120 120 120 38 38 38 120 120 120 119 119 119 39 39 39 40 40 40 121 121 121 39 39 39 121 121 121 120 120 120 40 40 40 41 41 41 122 122 122 40 40 40 122 122 122 121 121 121 41 41 41 42 42 42 123 123 123 41 41 41 123 123 123 122 122 122 42 42 42 43 43 43 124 124 124 42 42 42 124 124 124 123 123 123 43 43 43 44 44 44 125 125 125 43 43 43 125 125 125 124 124 124 44 44 44 45 45 45 126 126 126 44 44 44 126 126 126 125 125 125 45 45 45 46 46 46 127 127 127 45 45 45 127 127 127 126 126 126 46 46 46 47 47 47 128 128 128 46 46 46 128 128 128 127 127 127 47 47 47 48 48 48 129 129 129 47 47 47 129 129 129 128 128 128 48 48 48 49 49 49 130 130 130 48 48 48 130 130 130 129 129 129 49 49 49 50 50 50 131 131 131 49 49 49 131 131 131 130 130 130 50 50 50 51 51 51 132 132 132 50 50 50 132 132 132 131 131 131 51 51 51 52 52 52 133 133 133 51 51 51 133 133 133 132 132 132 52 52 52 53 53 53 134 134 134 52 52 52 134 134 134 133 133 133 53 53 53 54 54 54 135 135 135 53 53 53 135 135 135 134 134 134 54 54 54 55 55 55 136 136 136 54 54 54 136 136 136 135 135 135 55 55 55 56 56 56 137 137 137 55 55 55 137 137 137 136 136 136 56 56 56 57 57 57 138 138 138 56 56 56 138 138 138 137 137 137 57 57 57 58 58 58 139 139 139 57 57 57 139 139 139 138 138 138 58 58 58 59 59 59 140 140 140 58 58 58 140 140 140 139 139 139 59 59 59 60 60 60 141 141 141 59 59 59 141 141 141 140 140 140 60 60 60 61 61 61 142 142 142 60 60 60 142 142 142 141 141 141 61 61 61 62 62 62 143 143 143 61 61 61 143 143 143 142 142 142 62 62 62 63 63 63 144 144 144 62 62 62 144 144 144 143 143 143 63 63 63 64 64 64 145 145 145 63 63 63 145 145 145 144 144 144 64 64 64 65 65 65 146 146 146 64 64 64 146 146 146 145 145 145 65 65 65 66 66 66 147 147 147 65 65 65 147 147 147 146 146 146 66 66 66 67 67 67 148 148 148 66 66 66 148 148 148 147 147 147 67 67 67 68 68 68 149 149 149 67 67 67 149 149 149 148 148 148 68 68 68 69 69 69 150 150 150 68 68 68 150 150 150 149 149 149 69 69 69 70 70 70 151 151 151 69 69 69 151 151 151 150 150 150 70 70 70 71 71 71 152 152 152 70 70 70 152 152 152 151 151 151 71 71 71 72 72 72 153 153 153 71 71 71 153 153 153 152 152 152 72 72 72 73 73 73 154 154 154 72 72 72 154 154 154 153 153 153 73 73 73 74 74 74 155 155 155 73 73 73 155 155 155 154 154 154 74 74 74 75 75 75 156 156 156 74 74 74 156 156 156 155 155 155 75 75 75 76 76 76 157 157 157 75 75 75 157 157 157 156 156 156 76 76 76 77 77 77 158 158 158 76 76 76 158 158 158 157 157 157 77 77 77 78 78 78 159 159 159 77 77 77 159 159 159 158 158 158 78 78 78 79 79 79 160 160 160 78 78 78 160 160 160 159 159 159 79 79 79 80 80 80 161 161 161 79 79 79 161 161 161 160 160 160 81 81 81 82 82 82 163 163 163 81 81 81 163 163 163 162 162 162 82 82 82 83 83 83 164 164 164 82 82 82 164 164 164 163 163 163 83 83 83 84 84 84 165 165 165 83 83 83 165 165 165 164 164 164 84 84 84 85 85 85 166 166 166 84 84 84 166 166 166 165 165 165 85 85 85 86 86 86 167 167 167 85 85 85 167 167 167 166 166 166 86 86 86 87 87 87 168 168 168 86 86 86 168 168 168 167 167 167 87 87 87 88 88 88 169 169 169 87 87 87 169 169 169 168 168 168 88 88 88 89 89 89 170 170 170 88 88 88 170 170 170 169 169 169 89 89 89 90 90 90 171 171 171 89 89 89 171 171 171 170 170 170 90 90 90 91 91 91 172 172 172 90 90 90 172 172 172 171 171 171 91 91 91 92 92 92 173 173 173 91 91 91 173 173 173 172 172 172 92 92 92 93 93 93 174 174 174 92 92 92 174 174 174 173 173 173 93 93 93 94 94 94 175 175 175 93 93 93 175 175 175 174 174 174 94 94 94 95 95 95 176 176 176 94 94 94 176 176 176 175 175 175 95 95 95 96 96 96 177 177 177 95 95 95 177 177 177 176 176 176 96 96 96 97 97 97 178 178 178 96 96 96 178 178 178 177 177 177 97 97 97 98 98 98 179 179 179 97 97 97 179 179 179 178 178 178 98 98 98 99 99 99 180 180 180 98 98 98 180 180 180 179 179 179 99 99 99 100 100 100 181 181 181 99 99 99 181 181 181 180 180 180 100 100 100 101 101 101 182 182 182 100 100 100 182 182 182 181 181 181 101 101 101 102 102 102 183 183 183 101 101 101 183 183 183 182 182 182 102 102 102 103 103 103 184 184 184 102 102 102 184 184 184 183 183 183 103 103 103 104 104 104 185 185 185 103 103 103 185 185 185 184 184 184 104 104 104 105 105 105 186 186 186 104 104 104 186 186 186 185 185 185 105 105 105 106 106 106 187 187 187 105 105 105 187 187 187 186 186 186 106 106 106 107 107 107 188 188 188 106 106 106 188 188 188 187 187 187 107 107 107 108 108 108 189 189 189 107 107 107 189 189 189 188 188 188 108 108 108 109 109 109 190 190 190 108 108 108 190 190 190 189 189 189 109 109 109 110 110 110 191 191 191 109 109 109 191 191 191 190 190 190 110 110 110 111 111 111 192 192 192 110 110 110 192 192 192 191 191 191 111 111 111 112 112 112 193 193 193 111 111 111 193 193 193 192 192 192 112 112 112 113 113 113 194 194 194 112 112 112 194 194 194 193 193 193 113 113 113 114 114 114 195 195 195 113 113 113 195 195 195 194 194 194 114 114 114 115 115 115 196 196 196 114 114 114 196 196 196 195 195 195 115 115 115 116 116 116 197 197 197 115 115 115 197 197 197 196 196 196 116 116 116 117 117 117 198 198 198 116 116 116 198 198 198 197 197 197 117 117 117 118 118 118 199 199 199 117 117 117 199 199 199 198 198 198 118 118 118 119 119 119 200 200 200 118 118 118 200 200 200 199 199 199 119 119 119 120 120 120 201 201 201 119 119 119 201 201 201 200 200 200 120 120 120 121 121 121 202 202 202 120 120 120 202 202 202 201 201 201 121 121 121 122 122 122 203 203 203 121 121 121 203 203 203 202 202 202 122 122 122 123 123 123 204 204 204 122 122 122 204 204 204 203 203 203 123 123 123 124 124 124 205 205 205 123 123 123 205 205 205 204 204 204 124 124 124 125 125 125 206 206 206 124 124 124 206 206 206 205 205 205 125 125 125 126 126 126 207 207 207 125 125 125 207 207 207 206 206 206 126 126 126 127 127 127 208 208 208 126 126 126 208 208 208 207 207 207 127 127 127 128 128 128 209 209 209 127 127 127 209 209 209 208 208 208 128 128 128 129 129 129 210 210 210 128 128 128 210 210 210 209 209 209 129 129 129 130 130 130 211 211 211 129 129 129 211 211 211 210 210 210 130 130 130 131 131 131 212 212 212 130 130 130 212 212 212 211 211 211 131 131 131 132 132 132 213 213 213 131 131 131 213 213 213 212 212 212 132 132 132 133 133 133 214 214 214 132 132 132 214 214 214 213 213 213 133 133 133 134 134 134 215 215 215 133 133 133 215 215 215 214 214 214 134 134 134 135 135 135 216 216 216 134 134 134 216 216 216 215 215 215 135 135 135 136 136 136 217 217 217 135 135 135 217 217 217 216 216 216 136 136 136 137 137 137 218 218 218 136 136 136 218 218 218 217 217 217 137 137 137 138 138 138 219 219 219 137 137 137 219 219 219 218 218 218 138 138 138 139 139 139 220 220 220 138 138 138 220 220 220 219 219 219 139 139 139 140 140 140 221 221 221 139 139 139 221 221 221 220 220 220 140 140 140 141 141 141 222 222 222 140 140 140 222 222 222 221 221 221 141 141 141 142 142 142 223 223 223 141 141 141 223 223 223 222 222 222 142 142 142 143 143 143 224 224 224 142 142 142 224 224 224 223 223 223 143 143 143 144 144 144 225 225 225 143 143 143 225 225 225 224 224 224 144 144 144 145 145 145 226 226 226 144 144 144 226 226 226 225 225 225 145 145 145 146 146 146 227 227 227 145 145 145 227 227 227 226 226 226 146 146 146 147 147 147 228 228 228 146 146 146 228 228 228 227 227 227 147 147 147 148 148 148 229 229 229 147 147 147 229 229 229 228 228 228 148 148 148 149 149 149 230 230 230 148 148 148 230 230 230 229 229 229 149 149 149 150 150 150 231 231 231 149 149 149 231 231 231 230 230 230 150 150 150 151 151 151 232 232 232 150 150 150 232 232 232 231 231 231 151 151 151 152 152 152 233 233 233 151 151 151 233 233 233 232 232 232 152 152 152 153 153 153 234 234 234 152 152 152 234 234 234 233 233 233 153 153 153 154 154 154 235 235 235 153 153 153 235 235 235 234 234 234 154 154 154 155 155 155 236 236 236 154 154 154 236 236 236 235 235 235 155 155 155 156 156 156 237 237 237 155 155 155 237 237 237 236 236 236 156 156 156 157 157 157 238 238 238 156 156 156 238 238 238 237 237 237 157 157 157 158 158 158 239 239 239 157 157 157 239 239 239 238 238 238 158 158 158 159 159 159 240 240 240 158 158 158 240 240 240 239 239 239 159 159 159 160 160 160 241 241 241 159 159 159 241 241 241 240 240 240 160 160 160 161 161 161 242 242 242 160 160 160 242 242 242 241 241 241 162 162 162 163 163 163 244 244 244 162 162 162 244 244 244 243 243 243 163 163 163 164 164 164 245 245 245 163 163 163 245 245 245 244 244 244 164 164 164 165 165 165 246 246 246 164 164 164 246 246 246 245 245 245 165 165 165 166 166 166 247 247 247 165 165 165 247 247 247 246 246 246 166 166 166 167 167 167 248 248 248 166 166 166 248 248 248 247 247 247 167 167 167 168 168 168 249 249 249 167 167 167 249 249 249 248 248 248 168 168 168 169 169 169 250 250 250 168 168 168 250 250 250 249 249 249 169 169 169 170 170 170 251 251 251 169 169 169 251 251 251 250 250 250 170 170 170 171 171 171 252 252 252 170 170 170 252 252 252 251 251 251 171 171 171 172 172 172 253 253 253 171 171 171 253 253 253 252 252 252 172 172 172 173 173 173 254 254 254 172 172 172 254 254 254 253 253 253 173 173 173 174 174 174 255 255 255 173 173 173 255 255 255 254 254 254 174 174 174 175 175 175 256 256 256 174 174 174 256 256 256 255 255 255 175 175 175 176 176 176 257 257 257 175 175 175 257 257 257 256 256 256 176 176 176 177 177 177 258 258 258 176 176 176 258 258 258 257 257 257 177 177 177 178 178 178 259 259 259 177 177 177 259 259 259 258 258 258 178 178 178 179 179 179 260 260 260 178 178 178 260 260 260 259 259 259 179 179 179 180 180 180 261 261 261 179 179 179 261 261 261 260 260 260 180 180 180 181 181 181 262 262 262 180 180 180 262 262 262 261 261 261 181 181 181 182 182 182 263 263 263 181 181 181 263 263 263 262 262 262 182 182 182 183 183 183 264 264 264 182 182 182 264 264 264 263 263 263 183 183 183 184 184 184 265 265 265 183 183 183 265 265 265 264 264 264 184 184 184 185 185 185 266 266 266 184 184 184 266 266 266 265 265 265 185 185 185 186 186 186 267 267 267 185 185 185 267 267 267 266 266 266 186 186 186 187 187 187 268 268 268 186 186 186 268 268 268 267 267 267 187 187 187 188 188 188 269 269 269 187 187 187 269 269 269 268 268 268 188 188 188 189 189 189 270 270 270 188 188 188 270 270 270 269 269 269 189 189 189 190 190 190 271 271 271 189 189 189 271 271 271 270 270 270 190 190 190 191 191 191 272 272 272 190 190 190 272 272 272 271 271 271 191 191 191 192 192 192 273 273 273 191 191 191 273 273 273 272 272 272 192 192 192 193 193 193 274 274 274 192 192 192 274 274 274 273 273 273 193 193 193 194 194 194 275 275 275 193 193 193 275 275 275 274 274 274 194 194 194 195 195 195 276 276 276 194 194 194 276 276 276 275 275 275 195 195 195 196 196 196 277 277 277 195 195 195 277 277 277 276 276 276 196 196 196 197 197 197 278 278 278 196 196 196 278 278 278 277 277 277 197 197 197 198 198 198 279 279 279 197 197 197 279 279 279 278 278 278 198 198 198 199 199 199 280 280 280 198 198 198 280 280 280 279 279 279 199 199 199 200 200 200 281 281 281 199 199 199 281 281 281 280 280 280 200 200 200 201 201 201 282 282 282 200 200 200 282 282 282 281 281 281 201 201 201 202 202 202 283 283 283 201 201 201 283 283 283 282 282 282 202 202 202 203 203 203 284 284 284 202 202 202 284 284 284 283 283 283 203 203 203 204 204 204 285 285 285 203 203 203 285 285 285 284 284 284 204 204 204 205 205 205 286 286 286 204 204 204 286 286 286 285 285 285 205 205 205 206 206 206 287 287 287 205 205 205 287 287 287 286 286 286 206 206 206 207 207 207 288 288 288 206 206 206 288 288 288 287 287 287 207 207 207 208 208 208 289 289 289 207 207 207 289 289 289 288 288 288 208 208 208 209 209 209 290 290 290 208 208 208 290 290 290 289 289 289 209 209 209 210 210 210 291 291 291 209 209 209 291 291 291 290 290 290 210 210 210 211 211 211 292 292 292 210 210 210 292 292 292 291 291 291 211 211 211 212 212 212 293 293 293 211 211 211 293 293 293 292 292 292 212 212 212 213 213 213 294 294 294 212 212 212 294 294 294 293 293 293 213 213 213 214 214 214 295 295 295 213 213 213 295 295 295 294 294 294 214 214 214 215 215 215 296 296 296 214 214 214 296 296 296 295 295 295 215 215 215 216 216 216 297 297 297 215 215 215 297 297 297 296 296 296 216 216 216 217 217 217 298 298 298 216 216 216 298 298 298 297 297 297 217 217 217 218 218 218 299 299 299 217 217 217 299 299 299 298 298 298 218 218 218 219 219 219 300 300 300 218 218 218 300 300 300 299 299 299 219 219 219 220 220 220 301 301 301 219 219 219 301 301 301 300 300 300 220 220 220 221 221 221 302 302 302 220 220 220 302 302 302 301 301 301 221 221 221 222 222 222 303 303 303 221 221 221 303 303 303 302 302 302 222 222 222 223 223 223 304 304 304 222 222 222 304 304 304 303 303 303 223 223 223 224 224 224 305 305 305 223 223 223 305 305 305 304 304 304 224 224 224 225 225 225 306 306 306 224 224 224 306 306 306 305 305 305 225 225 225 226 226 226 307 307 307 225 225 225 307 307 307 306 306 306 226 226 226 227 227 227 308 308 308 226 226 226 308 308 308 307 307 307 227 227 227 228 228 228 309 309 309 227 227 227 309 309 309 308 308 308 228 228 228 229 229 229 310 310 310 228 228 228 310 310 310 309 309 309 229 229 229 230 230 230 311 311 311 229 229 229 311 311 311 310 310 310 230 230 230 231 231 231 312 312 312 230 230 230 312 312 312 311 311 311 231 231 231 232 232 232 313 313 313 231 231 231 313 313 313 312 312 312 232 232 232 233 233 233 314 314 314 232 232 232 314 314 314 313 313 313 233 233 233 234 234 234 315 315 315 233 233 233 315 315 315 314 314 314 234 234 234 235 235 235 316 316 316 234 234 234 316 316 316 315 315 315 235 235 235 236 236 236 317 317 317 235 235 235 317 317 317 316 316 316 236 236 236 237 237 237 318 318 318 236 236 236 318 318 318 317 317 317 237 237 237 238 238 238 319 319 319 237 237 237 319 319 319 318 318 318 238 238 238 239 239 239 320 320 320 238 238 238 320 320 320 319 319 319 239 239 239 240 240 240 321 321 321 239 239 239 321 321 321 320 320 320 240 240 240 241 241 241 322 322 322 240 240 240 322 322 322 321 321 321 241 241 241 242 242 242 323 323 323 241 241 241 323 323 323 322 322 322 243 243 243 244 244 244 325 325 325 243 243 243 325 325 325 324 324 324 244 244 244 245 245 245 326 326 326 244 244 244 326 326 326 325 325 325 245 245 245 246 246 246 327 327 327 245 245 245 327 327 327 326 326 326 246 246 246 247 247 247 328 328 328 246 246 246 328 328 328 327 327 327 247 247 247 248 248 248 329 329 329 247 247 247 329 329 329 328 328 328 248 248 248 249 249 249 330 330 330 248 248 248 330 330 330 329 329 329 249 249 249 250 250 250 331 331 331 249 249 249 331 331 331 330 330 330 250 250 250 251 251 251 332 332 332 250 250 250 332 332 332 331 331 331 251 251 251 252 252 252 333 333 333 251 251 251 333 333 333 332 332 332 252 252 252 253 253 253 334 334 334 252 252 252 334 334 334 333 333 333 253 253 253 254 254 254 335 335 335 253 253 253 335 335 335 334 334 334 254 254 254 255 255 255 336 336 336 254 254 254 336 336 336 335 335 335 255 255 255 256 256 256 337 337 337 255 255 255 337 337 337 336 336 336 256 256 256 257 257 257 338 338 338 256 256 256 338 338 338 337 337 337 257 257 257 258 258 258 339 339 339 257 257 257 339 339 339 338 338 338 258 258 258 259 259 259 340 340 340 258 258 258 340 340 340 339 339 339 259 259 259 260 260 260 341 341 341 259 259 259 341 341 341 340 340 340 260 260 260 261 261 261 342 342 342 260 260 260 342 342 342 341 341 341 261 261 261 262 262 262 343 343 343 261 261 261 343 343 343 342 342 342 262 262 262 263 263 263 344 344 344 262 262 262 344 344 344 343 343 343 263 263 263 264 264 264 345 345 345 263 263 263 345 345 345 344 344 344 264 264 264 265 265 265 346 346 346 264 264 264 346 346 346 345 345 345 265 265 265 266 266 266 347 347 347 265 265 265 347 347 347 346 346 346 266 266 266 267 267 267 348 348 348 266 266 266 348 348 348 347 347 347 267 267 267 268 268 268 349 349 349 267 267 267 349 349 349 348 348 348 268 268 268 269 269 269 350 350 350 268 268 268 350 350 350 349 349 349 269 269 269 270 270 270 351 351 351 269 269 269 351 351 351 350 350 350 270 270 270 271 271 271 352 352 352 270 270 270 352 352 352 351 351 351 271 271 271 272 272 272 353 353 353 271 271 271 353 353 353 352 352 352 272 272 272 273 273 273 354 354 354 272 272 272 354 354 354 353 353 353 273 273 273 274 274 274 355 355 355 273 273 273 355 355 355 354 354 354 274 274 274 275 275 275 356 356 356 274 274 274 356 356 356 355 355 355 275 275 275 276 276 276 357 357 357 275 275 275 357 357 357 356 356 356 276 276 276 277 277 277 358 358 358 276 276 276 358 358 358 357 357 357 277 277 277 278 278 278 359 359 359 277 277 277 359 359 359 358 358 358 278 278 278 279 279 279 360 360 360 278 278 278 360 360 360 359 359 359 279 279 279 280 280 280 361 361 361 279 279 279 361 361 361 360 360 360 280 280 280 281 281 281 362 362 362 280 280 280 362 362 362 361 361 361 281 281 281 282 282 282 363 363 363 281 281 281 363 363 363 362 362 362 282 282 282 283 283 283 364 364 364 282 282 282 364 364 364 363 363 363 283 283 283 284 284 284 365 365 365 283 283 283 365 365 365 364 364 364 284 284 284 285 285 285 366 366 366 284 284 284 366 366 366 365 365 365 285 285 285 286 286 286 367 367 367 285 285 285 367 367 367 366 366 366 286 286 286 287 287 287 368 368 368 286 286 286 368 368 368 367 367 367 287 287 287 288 288 288 369 369 369 287 287 287 369 369 369 368 368 368 288 288 288 289 289 289 370 370 370 288 288 288 370 370 370 369 369 369 289 289 289 290 290 290 371 371 371 289 289 289 371 371 371 370 370 370 290 290 290 291 291 291 372 372 372 290 290 290 372 372 372 371 371 371 291 291 291 292 292 292 373 373 373 291 291 291 373 373 373 372 372 372 292 292 292 293 293 293 374 374 374 292 292 292 374 374 374 373 373 373 293 293 293 294 294 294 375 375 375 293 293 293 375 375 375 374 374 374 294 294 294 295 295 295 376 376 376 294 294 294 376 376 376 375 375 375 295 295 295 296 296 296 377 377 377 295 295 295 377 377 377 376 376 376 296 296 296 297 297 297 378 378 378 296 296 296 378 378 378 377 377 377 297 297 297 298 298 298 379 379 379 297 297 297 379 379 379 378 378 378 298 298 298 299 299 299 380 380 380 298 298 298 380 380 380 379 379 379 299 299 299 300 300 300 381 381 381 299 299 299 381 381 381 380 380 380 300 300 300 301 301 301 382 382 382 300 300 300 382 382 382 381 381 381 301 301 301 302 302 302 383 383 383 301 301 301 383 383 383 382 382 382 302 302 302 303 303 303 384 384 384 302 302 302 384 384 384 383 383 383 303 303 303 304 304 304 385 385 385 303 303 303 385 385 385 384 384 384 304 304 304 305 305 305 386 386 386 304 304 304 386 386 386 385 385 385 305 305 305 306 306 306 387 387 387 305 305 305 387 387 387 386 386 386 306 306 306 307 307 307 388 388 388 306 306 306 388 388 388 387 387 387 307 307 307 308 308 308 389 389 389 307 307 307 389 389 389 388 388 388 308 308 308 309 309 309 390 390 390 308 308 308 390 390 390 389 389 389 309 309 309 310 310 310 391 391 391 309 309 309 391 391 391 390 390 390 310 310 310 311 311 311 392 392 392 310 310 310 392 392 392 391 391 391 311 311 311 312 312 312 393 393 393 311 311 311 393 393 393 392 392 392 312 312 312 313 313 313 394 394 394 312 312 312 394 394 394 393 393 393 313 313 313 314 314 314 395 395 395 313 313 313 395 395 395 394 394 394 314 314 314 315 315 315 396 396 396 314 314 314 396 396 396 395 395 395 315 315 315 316 316 316 397 397 397 315 315 315 397 397 397 396 396 396 316 316 316 317 317 317 398 398 398 316 316 316 398 398 398 397 397 397 317 317 317 318 318 318 399 399 399 317 317 317 399 399 399 398 398 398 318 318 318 319 319 319 400 400 400 318 318 318 400 400 400 399 399 399 319 319 319 320 320 320 401 401 401 319 319 319 401 401 401 400 400 400 320 320 320 321 321 321 402 402 402 320 320 320 402 402 402 401 401 401 321 321 321 322 322 322 403 403 403 321 321 321 403 403 403 402 402 402 322 322 322 323 323 323 404 404 404 322 322 322 404 404 404 403 403 403 324 324 324 325 325 325 406 406 406 324 324 324 406 406 406 405 405 405 325 325 325 326 326 326 407 407 407 325 325 325 407 407 407 406 406 406 326 326 326 327 327 327 408 408 408 326 326 326 408 408 408 407 407 407 327 327 327 328 328 328 409 409 409 327 327 327 409 409 409 408 408 408 328 328 328 329 329 329 410 410 410 328 328 328 410 410 410 409 409 409 329 329 329 330 330 330 411 411 411 329 329 329 411 411 411 410 410 410 330 330 330 331 331 331 412 412 412 330 330 330 412 412 412 411 411 411 331 331 331 332 332 332 413 413 413 331 331 331 413 413 413 412 412 412 332 332 332 333 333 333 414 414 414 332 332 332 414 414 414 413 413 413 333 333 333 334 334 334 415 415 415 333 333 333 415 415 415 414 414 414 334 334 334 335 335 335 416 416 416 334 334 334 416 416 416 415 415 415 335 335 335 336 336 336 417 417 417 335 335 335 417 417 417 416 416 416 336 336 336 337 337 337 418 418 418 336 336 336 418 418 418 417 417 417 337 337 337 338 338 338 419 419 419 337 337 337 419 419 419 418 418 418 338 338 338 339 339 339 420 420 420 338 338 338 420 420 420 419 419 419 339 339 339 340 340 340 421 421 421 339 339 339 421 421 421 420 420 420 340 340 340 341 341 341 422 422 422 340 340 340 422 422 422 421 421 421 341 341 341 342 342 342 423 423 423 341 341 341 423 423 423 422 422 422 342 342 342 343 343 343 424 424 424 342 342 342 424 424 424 423 423 423 343 343 343 344 344 344 425 425 425 343 343 343 425 425 425 424 424 424 344 344 344 345 345 345 426 426 426 344 344 344 426 426 426 425 425 425 345 345 345 346 346 346 427 427 427 345 345 345 427 427 427 426 426 426 346 346 346 347 347 347 428 428 428 346 346 346 428 428 428 427 427 427 347 347 347 348 348 348 429 429 429 347 347 347 429 429 429 428 428 428 348 348 348 349 349 349 430 430 430 348 348 348 430 430 430 429 429 429 349 349 349 350 350 350 431 431 431 349 349 349 431 431 431 430 430 430 350 350 350 351 351 351 432 432 432 350 350 350 432 432 432 431 431 431 351 351 351 352 352 352 433 433 433 351 351 351 433 433 433 432 432 432 352 352 352 353 353 353 434 434 434 352 352 352 434 434 434 433 433 433 353 353 353 354 354 354 435 435 435 353 353 353 435 435 435 434 434 434 354 354 354 355 355 355 436 436 436 354 354 354 436 436 436 435 435 435 355 355 355 356 356 356 437 437 437 355 355 355 437 437 437 436 436 436 356 356 356 357 357 357 438 438 438 356 356 356 438 438 438 437 437 437 357 357 357 358 358 358 439 439 439 357 357 357 439 439 439 438 438 438 358 358 358 359 359 359 440 440 440 358 358 358 440 440 440 439 439 439 359 359 359 360 360 360 441 441 441 359 359 359 441 441 441 440 440 440 360 360 360 361 361 361 442 442 442 360 360 360 442 442 442 441 441 441 361 361 361 362 362 362 443 443 443 361 361 361 443 443 443 442 442 442 362 362 362 363 363 363 444 444 444 362 362 362 444 444 444 443 443 443 363 363 363 364 364 364 445 445 445 363 363 363 445 445 445 444 444 444 364 364 364 365 365 365 446 446 446 364 364 364 446 446 446 445 445 445 365 365 365 366 366 366 447 447 447 365 365 365 447 447 447 446 446 446 366 366 366 367 367 367 448 448 448 366 366 366 448 448 448 447 447 447 367 367 367 368 368 368 449 449 449 367 367 367 449 449 449 448 448 448 368 368 368 369 369 369 450 450 450 368 368 368 450 450 450 449 449 449 369 369 369 370 370 370 451 451 451 369 369 369 451 451 451 450 450 450 370 370 370 371 371 371 452 452 452 370 370 370 452 452 452 451 451 451 371 371 371 372 372 372 453 453 453 371 371 371 453 453 453 452 452 452 372 372 372 373 373 373 454 454 454 372 372 372 454 454 454 453 453 453 373 373 373 374 374 374 455 455 455 373 373 373 455 455 455 454 454 454 374 374 374 375 375 375 456 456 456 374 374 374 456 456 456 455 455 455 375 375 375 376 376 376 457 457 457 375 375 375 457 457 457 456 456 456 376 376 376 377 377 377 458 458 458 376 376 376 458 458 458 457 457 457 377 377 377 378 378 378 459 459 459 377 377 377 459 459 459 458 458 458 378 378 378 379 379 379 460 460 460 378 378 378 460 460 460 459 459 459 379 379 379 380 380 380 461 461 461 379 379 379 461 461 461 460 460 460 380 380 380 381 381 381 462 462 462 380 380 380 462 462 462 461 461 461 381 381 381 382 382 382 463 463 463 381 381 381 463 463 463 462 462 462 382 382 382 383 383 383 464 464 464 382 382 382 464 464 464 463 463 463 383 383 383 384 384 384 465 465 465 383 383 383 465 465 465 464 464 464 384 384 384 385 385 385 466 466 466 384 384 384 466 466 466 465 465 465 385 385 385 386 386 386 467 467 467 385 385 385 467 467 467 466 466 466 386 386 386 387 387 387 468 468 468 386 386 386 468 468 468 467 467 467 387 387 387 388 388 388 469 469 469 387 387 387 469 469 469 468 468 468 388 388 388 389 389 389 470 470 470 388 388 388 470 470 470 469 469 469 389 389 389 390 390 390 471 471 471 389 389 389 471 471 471 470 470 470 390 390 390 391 391 391 472 472 472 390 390 390 472 472 472 471 471 471 391 391 391 392 392 392 473 473 473 391 391 391 473 473 473 472 472 472 392 392 392 393 393 393 474 474 474 392 392 392 474 474 474 473 473 473 393 393 393 394 394 394 475 475 475 393 393 393 475 475 475 474 474 474 394 394 394 395 395 395 476 476 476 394 394 394 476 476 476 475 475 475 395 395 395 396 396 396 477 477 477 395 395 395 477 477 477 476 476 476 396 396 396 397 397 397 478 478 478 396 396 396 478 478 478 477 477 477 397 397 397 398 398 398 479 479 479 397 397 397 479 479 479 478 478 478 398 398 398 399 399 399 480 480 480 398 398 398 480 480 480 479 479 479 399 399 399 400 400 400 481 481 481 399 399 399 481 481 481 480 480 480 400 400 400 401 401 401 482 482 482 400 400 400 482 482 482 481 481 481 401 401 401 402 402 402 483 483 483 401 401 401 483 483 483 482 482 482 402 402 402 403 403 403 484 484 484 402 402 402 484 484 484 483 483 483 403 403 403 404 404 404 485 485 485 403 403 403 485 485 485 484 484 484 405 405 405 406 406 406 487 487 487 405 405 405 487 487 487 486 486 486 406 406 406 407 407 407 488 488 488 406 406 406 488 488 488 487 487 487 407 407 407 408 408 408 489 489 489 407 407 407 489 489 489 488 488 488 408 408 408 409 409 409 490 490 490 408 408 408 490 490 490 489 489 489 409 409 409 410 410 410 491 491 491 409 409 409 491 491 491 490 490 490 410 410 410 411 411 411 492 492 492 410 410 410 492 492 492 491 491 491 411 411 411 412 412 412 493 493 493 411 411 411 493 493 493 492 492 492 412 412 412 413 413 413 494 494 494 412 412 412 494 494 494 493 493 493 413 413 413 414 414 414 495 495 495 413 413 413 495 495 495 494 494 494 414 414 414 415 415 415 496 496 496 414 414 414 496 496 496 495 495 495 415 415 415 416 416 416 497 497 497 415 415 415 497 497 497 496 496 496 416 416 416 417 417 417 498 498 498 416 416 416 498 498 498 497 497 497 417 417 417 418 418 418 499 499 499 417 417 417 499 499 499 498 498 498 418 418 418 419 419 419 500 500 500 418 418 418 500 500 500 499 499 499 419 419 419 420 420 420 501 501 501 419 419 419 501 501 501 500 500 500 420 420 420 421 421 421 502 502 502 420 420 420 502 502 502 501 501 501 421 421 421 422 422 422 503 503 503 421 421 421 503 503 503 502 502 502 422 422 422 423 423 423 504 504 504 422 422 422 504 504 504 503 503 503 423 423 423 424 424 424 505 505 505 423 423 423 505 505 505 504 504 504 424 424 424 425 425 425 506 506 506 424 424 424 506 506 506 505 505 505 425 425 425 426 426 426 507 507 507 425 425 425 507 507 507 506 506 506 426 426 426 427 427 427 508 508 508 426 426 426 508 508 508 507 507 507 427 427 427 428 428 428 509 509 509 427 427 427 509 509 509 508 508 508 428 428 428 429 429 429 510 510 510 428 428 428 510 510 510 509 509 509 429 429 429 430 430 430 511 511 511 429 429 429 511 511 511 510 510 510 430 430 430 431 431 431 512 512 512 430 430 430 512 512 512 511 511 511 431 431 431 432 432 432 513 513 513 431 431 431 513 513 513 512 512 512 432 432 432 433 433 433 514 514 514 432 432 432 514 514 514 513 513 513 433 433 433 434 434 434 515 515 515 433 433 433 515 515 515 514 514 514 434 434 434 435 435 435 516 516 516 434 434 434 516 516 516 515 515 515 435 435 435 436 436 436 517 517 517 435 435 435 517 517 517 516 516 516 436 436 436 437 437 437 518 518 518 436 436 436 518 518 518 517 517 517 437 437 437 438 438 438 519 519 519 437 437 437 519 519 519 518 518 518 438 438 438 439 439 439 520 520 520 438 438 438 520 520 520 519 519 519 439 439 439 440 440 440 521 521 521 439 439 439 521 521 521 520 520 520 440 440 440 441 441 441 522 522 522 440 440 440 522 522 522 521 521 521 441 441 441 442 442 442 523 523 523 441 441 441 523 523 523 522 522 522 442 442 442 443 443 443 524 524 524 442 442 442 524 524 524 523 523 523 443 443 443 444 444 444 525 525 525 443 443 443 525 525 525 524 524 524 444 444 444 445 445 445 526 526 526 444 444 444 526 526 526 525 525 525 445 445 445 446 446 446 527 527 527 445 445 445 527 527 527 526 526 526 446 446 446 447 447 447 528 528 528 446 446 446 528 528 528 527 527 527 447 447 447 448 448 448 529 529 529 447 447 447 529 529 529 528 528 528 448 448 448 449 449 449 530 530 530 448 448 448 530 530 530 529 529 529 449 449 449 450 450 450 531 531 531 449 449 449 531 531 531 530 530 530 450 450 450 451 451 451 532 532 532 450 450 450 532 532 532 531 531 531 451 451 451 452 452 452 533 533 533 451 451 451 533 533 533 532 532 532 452 452 452 453 453 453 534 534 534 452 452 452 534 534 534 533 533 533 453 453 453 454 454 454 535 535 535 453 453 453 535 535 535 534 534 534 454 454 454 455 455 455 536 536 536 454 454 454 536 536 536 535 535 535 455 455 455 456 456 456 537 537 537 455 455 455 537 537 537 536 536 536 456 456 456 457 457 457 538 538 538 456 456 456 538 538 538 537 537 537 457 457 457 458 458 458 539 539 539 457 457 457 539 539 539 538 538 538 458 458 458 459 459 459 540 540 540 458 458 458 540 540 540 539 539 539 459 459 459 460 460 460 541 541 541 459 459 459 541 541 541 540 540 540 460 460 460 461 461 461 542 542 542 460 460 460 542 542 542 541 541 541 461 461 461 462 462 462 543 543 543 461 461 461 543 543 543 542 542 542 462 462 462 463 463 463 544 544 544 462 462 462 544 544 544 543 543 543 463 463 463 464 464 464 545 545 545 463 463 463 545 545 545 544 544 544 464 464 464 465 465 465 546 546 546 464 464 464 546 546 546 545 545 545 465 465 465 466 466 466 547 547 547 465 465 465 547 547 547 546 546 546 466 466 466 467 467 467 548 548 548 466 466 466 548 548 548 547 547 547 467 467 467 468 468 468 549 549 549 467 467 467 549 549 549 548 548 548 468 468 468 469 469 469 550 550 550 468 468 468 550 550 550 549 549 549 469 469 469 470 470 470 551 551 551 469 469 469 551 551 551 550 550 550 470 470 470 471 471 471 552 552 552 470 470 470 552 552 552 551 551 551 471 471 471 472 472 472 553 553 553 471 471 471 553 553 553 552 552 552 472 472 472 473 473 473 554 554 554 472 472 472 554 554 554 553 553 553 473 473 473 474 474 474 555 555 555 473 473 473 555 555 555 554 554 554 474 474 474 475 475 475 556 556 556 474 474 474 556 556 556 555 555 555 475 475 475 476 476 476 557 557 557 475 475 475 557 557 557 556 556 556 476 476 476 477 477 477 558 558 558 476 476 476 558 558 558 557 557 557 477 477 477 478 478 478 559 559 559 477 477 477 559 559 559 558 558 558 478 478 478 479 479 479 560 560 560 478 478 478 560 560 560 559 559 559 479 479 479 480 480 480 561 561 561 479 479 479 561 561 561 560 560 560 480 480 480 481 481 481 562 562 562 480 480 480 562 562 562 561 561 561 481 481 481 482 482 482 563 563 563 481 481 481 563 563 563 562 562 562 482 482 482 483 483 483 564 564 564 482 482 482 564 564 564 563 563 563 483 483 483 484 484 484 565 565 565 483 483 483 565 565 565 564 564 564 484 484 484 485 485 485 566 566 566 484 484 484 566 566 566 565 565 565 486 486 486 487 487 487 568 568 568 486 486 486 568 568 568 567 567 567 487 487 487 488 488 488 569 569 569 487 487 487 569 569 569 568 568 568 488 488 488 489 489 489 570 570 570 488 488 488 570 570 570 569 569 569 489 489 489 490 490 490 571 571 571 489 489 489 571 571 571 570 570 570 490 490 490 491 491 491 572 572 572 490 490 490 572 572 572 571 571 571 491 491 491 492 492 492 573 573 573 491 491 491 573 573 573 572 572 572 492 492 492 493 493 493 574 574 574 492 492 492 574 574 574 573 573 573 493 493 493 494 494 494 575 575 575 493 493 493 575 575 575 574 574 574 494 494 494 495 495 495 576 576 576 494 494 494 576 576 576 575 575 575 495 495 495 496 496 496 577 577 577 495 495 495 577 577 577 576 576 576 496 496 496 497 497 497 578 578 578 496 496 496 578 578 578 577 577 577 497 497 497 498 498 498 579 579 579 497 497 497 579 579 579 578 578 578 498 498 498 499 499 499 580 580 580 498 498 498 580 580 580 579 579 579 499 499 499 500 500 500 581 581 581 499 499 499 581 581 581 580 580 580 500 500 500 501 501 501 582 582 582 500 500 500 582 582 582 581 581 581 501 501 501 502 502 502 583 583 583 501 501 501 583 583 583 582 582 582 502 502 502 503 503 503 584 584 584 502 502 502 584 584 584 583 583 583 503 503 503 504 504 504 585 585 585 503 503 503 585 585 585 584 584 584 504 504 504 505 505 505 586 586 586 504 504 504 586 586 586 585 585 585 505 505 505 506 506 506 587 587 587 505 505 505 587 587 587 586 586 586 506 506 506 507 507 507 588 588 588 506 506 506 588 588 588 587 587 587 507 507 507 508 508 508 589 589 589 507 507 507 589 589 589 588 588 588 508 508 508 509 509 509 590 590 590 508 508 508 590 590 590 589 589 589 509 509 509 510 510 510 591 591 591 509 509 509 591 591 591 590 590 590 510 510 510 511 511 511 592 592 592 510 510 510 592 592 592 591 591 591 511 511 511 512 512 512 593 593 593 511 511 511 593 593 593 592 592 592 512 512 512 513 513 513 594 594 594 512 512 512 594 594 594 593 593 593 513 513 513 514 514 514 595 595 595 513 513 513 595 595 595 594 594 594 514 514 514 515 515 515 596 596 596 514 514 514 596 596 596 595 595 595 515 515 515 516 516 516 597 597 597 515 515 515 597 597 597 596 596 596 516 516 516 517 517 517 598 598 598 516 516 516 598 598 598 597 597 597 517 517 517 518 518 518 599 599 599 517 517 517 599 599 599 598 598 598 518 518 518 519 519 519 600 600 600 518 518 518 600 600 600 599 599 599 519 519 519 520 520 520 601 601 601 519 519 519 601 601 601 600 600 600 520 520 520 521 521 521 602 602 602 520 520 520 602 602 602 601 601 601 521 521 521 522 522 522 603 603 603 521 521 521 603 603 603 602 602 602 522 522 522 523 523 523 604 604 604 522 522 522 604 604 604 603 603 603 523 523 523 524 524 524 605 605 605 523 523 523 605 605 605 604 604 604 524 524 524 525 525 525 606 606 606 524 524 524 606 606 606 605 605 605 525 525 525 526 526 526 607 607 607 525 525 525 607 607 607 606 606 606 526 526 526 527 527 527 608 608 608 526 526 526 608 608 608 607 607 607 527 527 527 528 528 528 609 609 609 527 527 527 609 609 609 608 608 608 528 528 528 529 529 529 610 610 610 528 528 528 610 610 610 609 609 609 529 529 529 530 530 530 611 611 611 529 529 529 611 611 611 610 610 610 530 530 530 531 531 531 612 612 612 530 530 530 612 612 612 611 611 611 531 531 531 532 532 532 613 613 613 531 531 531 613 613 613 612 612 612 532 532 532 533 533 533 614 614 614 532 532 532 614 614 614 613 613 613 533 533 533 534 534 534 615 615 615 533 533 533 615 615 615 614 614 614 534 534 534 535 535 535 616 616 616 534 534 534 616 616 616 615 615 615 535 535 535 536 536 536 617 617 617 535 535 535 617 617 617 616 616 616 536 536 536 537 537 537 618 618 618 536 536 536 618 618 618 617 617 617 537 537 537 538 538 538 619 619 619 537 537 537 619 619 619 618 618 618 538 538 538 539 539 539 620 620 620 538 538 538 620 620 620 619 619 619 539 539 539 540 540 540 621 621 621 539 539 539 621 621 621 620 620 620 540 540 540 541 541 541 622 622 622 540 540 540 622 622 622 621 621 621 541 541 541 542 542 542 623 623 623 541 541 541 623 623 623 622 622 622 542 542 542 543 543 543 624 624 624 542 542 542 624 624 624 623 623 623 543 543 543 544 544 544 625 625 625 543 543 543 625 625 625 624 624 624 544 544 544 545 545 545 626 626 626 544 544 544 626 626 626 625 625 625 545 545 545 546 546 546 627 627 627 545 545 545 627 627 627 626 626 626 546 546 546 547 547 547 628 628 628 546 546 546 628 628 628 627 627 627 547 547 547 548 548 548 629 629 629 547 547 547 629 629 629 628 628 628 548 548 548 549 549 549 630 630 630 548 548 548 630 630 630 629 629 629 549 549 549 550 550 550 631 631 631 549 549 549 631 631 631 630 630 630 550 550 550 551 551 551 632 632 632 550 550 550 632 632 632 631 631 631 551 551 551 552 552 552 633 633 633 551 551 551 633 633 633 632 632 632 552 552 552 553 553 553 634 634 634 552 552 552 634 634 634 633 633 633 553 553 553 554 554 554 635 635 635 553 553 553 635 635 635 634 634 634 554 554 554 555 555 555 636 636 636 554 554 554 636 636 636 635 635 635 555 555 555 556 556 556 637 637 637 555 555 555 637 637 637 636 636 636 556 556 556 557 557 557 638 638 638 556 556 556 638 638 638 637 637 637 557 557 557 558 558 558 639 639 639 557 557 557 639 639 639 638 638 638 558 558 558 559 559 559 640 640 640 558 558 558 640 640 640 639 639 639 559 559 559 560 560 560 641 641 641 559 559 559 641 641 641 640 640 640 560 560 560 561 561 561 642 642 642 560 560 560 642 642 642 641 641 641 561 561 561 562 562 562 643 643 643 561 561 561 643 643 643 642 642 642 562 562 562 563 563 563 644 644 644 562 562 562 644 644 644 643 643 643 563 563 563 564 564 564 645 645 645 563 563 563 645 645 645 644 644 644 564 564 564 565 565 565 646 646 646 564 564 564 646 646 646 645 645 645 565 565 565 566 566 566 647 647 647 565 565 565 647 647 647 646 646 646 567 567 567 568 568 568 649 649 649 567 567 567 649 649 649 648 648 648 568 568 568 569 569 569 650 650 650 568 568 568 650 650 650 649 649 649 569 569 569 570 570 570 651 651 651 569 569 569 651 651 651 650 650 650 570 570 570 571 571 571 652 652 652 570 570 570 652 652 652 651 651 651 571 571 571 572 572 572 653 653 653 571 571 571 653 653 653 652 652 652 572 572 572 573 573 573 654 654 654 572 572 572 654 654 654 653 653 653 573 573 573 574 574 574 655 655 655 573 573 573 655 655 655 654 654 654 574 574 574 575 575 575 656 656 656 574 574 574 656 656 656 655 655 655 575 575 575 576 576 576 657 657 657 575 575 575 657 657 657 656 656 656 576 576 576 577 577 577 658 658 658 576 576 576 658 658 658 657 657 657 577 577 577 578 578 578 659 659 659 577 577 577 659 659 659 658 658 658 578 578 578 579 579 579 660 660 660 578 578 578 660 660 660 659 659 659 579 579 579 580 580 580 661 661 661 579 579 579 661 661 661 660 660 660 580 580 580 581 581 581 662 662 662 580 580 580 662 662 662 661 661 661 581 581 581 582 582 582 663 663 663 581 581 581 663 663 663 662 662 662 582 582 582 583 583 583 664 664 664 582 582 582 664 664 664 663 663 663 583 583 583 584 584 584 665 665 665 583 583 583 665 665 665 664 664 664 584 584 584 585 585 585 666 666 666 584 584 584 666 666 666 665 665 665 585 585 585 586 586 586 667 667 667 585 585 585 667 667 667 666 666 666 586 586 586 587 587 587 668 668 668 586 586 586 668 668 668 667 667 667 587 587 587 588 588 588 669 669 669 587 587 587 669 669 669 668 668 668 588 588 588 589 589 589 670 670 670 588 588 588 670 670 670 669 669 669 589 589 589 590 590 590 671 671 671 589 589 589 671 671 671 670 670 670 590 590 590 591 591 591 672 672 672 590 590 590 672 672 672 671 671 671 591 591 591 592 592 592 673 673 673 591 591 591 673 673 673 672 672 672 592 592 592 593 593 593 674 674 674 592 592 592 674 674 674 673 673 673 593 593 593 594 594 594 675 675 675 593 593 593 675 675 675 674 674 674 594 594 594 595 595 595 676 676 676 594 594 594 676 676 676 675 675 675 595 595 595 596 596 596 677 677 677 595 595 595 677 677 677 676 676 676 596 596 596 597 597 597 678 678 678 596 596 596 678 678 678 677 677 677 597 597 597 598 598 598 679 679 679 597 597 597 679 679 679 678 678 678 598 598 598 599 599 599 680 680 680 598 598 598 680 680 680 679 679 679 599 599 599 600 600 600 681 681 681 599 599 599 681 681 681 680 680 680 600 600 600 601 601 601 682 682 682 600 600 600 682 682 682 681 681 681 601 601 601 602 602 602 683 683 683 601 601 601 683 683 683 682 682 682 602 602 602 603 603 603 684 684 684 602 602 602 684 684 684 683 683 683 603 603 603 604 604 604 685 685 685 603 603 603 685 685 685 684 684 684 604 604 604 605 605 605 686 686 686 604 604 604 686 686 686 685 685 685 605 605 605 606 606 606 687 687 687 605 605 605 687 687 687 686 686 686 606 606 606 607 607 607 688 688 688 606 606 606 688 688 688 687 687 687 607 607 607 608 608 608 689 689 689 607 607 607 689 689 689 688 688 688 608 608 608 609 609 609 690 690 690 608 608 608 690 690 690 689 689 689 609 609 609 610 610 610 691 691 691 609 609 609 691 691 691 690 690 690 610 610 610 611 611 611 692 692 692 610 610 610 692 692 692 691 691 691 611 611 611 612 612 612 693 693 693 611 611 611 693 693 693 692 692 692 612 612 612 613 613 613 694 694 694 612 612 612 694 694 694 693 693 693 613 613 613 614 614 614 695 695 695 613 613 613 695 695 695 694 694 694 614 614 614 615 615 615 696 696 696 614 614 614 696 696 696 695 695 695 615 615 615 616 616 616 697 697 697 615 615 615 697 697 697 696 696 696 616 616 616 617 617 617 698 698 698 616 616 616 698 698 698 697 697 697 617 617 617 618 618 618 699 699 699 617 617 617 699 699 699 698 698 698 618 618 618 619 619 619 700 700 700 618 618 618 700 700 700 699 699 699 619 619 619 620 620 620 701 701 701 619 619 619 701 701 701 700 700 700 620 620 620 621 621 621 702 702 702 620 620 620 702 702 702 701 701 701 621 621 621 622 622 622 703 703 703 621 621 621 703 703 703 702 702 702 622 622 622 623 623 623 704 704 704 622 622 622 704 704 704 703 703 703 623 623 623 624 624 624 705 705 705 623 623 623 705 705 705 704 704 704 624 624 624 625 625 625 706 706 706 624 624 624 706 706 706 705 705 705 625 625 625 626 626 626 707 707 707 625 625 625 707 707 707 706 706 706 626 626 626 627 627 627 708 708 708 626 626 626 708 708 708 707 707 707 627 627 627 628 628 628 709 709 709 627 627 627 709 709 709 708 708 708 628 628 628 629 629 629 710 710 710 628 628 628 710 710 710 709 709 709 629 629 629 630 630 630 711 711 711 629 629 629 711 711 711 710 710 710 630 630 630 631 631 631 712 712 712 630 630 630 712 712 712 711 711 711 631 631 631 632 632 632 713 713 713 631 631 631 713 713 713 712 712 712 632 632 632 633 633 633 714 714 714 632 632 632 714 714 714 713 713 713 633 633 633 634 634 634 715 715 715 633 633 633 715 715 715 714 714 714 634 634 634 635 635 635 716 716 716 634 634 634 716 716 716 715 715 715 635 635 635 636 636 636 717 717 717 635 635 635 717 717 717 716 716 716 636 636 636 637 637 637 718 718 718 636 636 636 718 718 718 717 717 717 637 637 637 638 638 638 719 719 719 637 637 637 719 719 719 718 718 718 638 638 638 639 639 639 720 720 720 638 638 638 720 720 720 719 719 719 639 639 639 640 640 640 721 721 721 639 639 639 721 721 721 720 720 720 640 640 640 641 641 641 722 722 722 640 640 640 722 722 722 721 721 721 641 641 641 642 642 642 723 723 723 641 641 641 723 723 723 722 722 722 642 642 642 643 643 643 724 724 724 642 642 642 724 724 724 723 723 723 643 643 643 644 644 644 725 725 725 643 643 643 725 725 725 724 724 724 644 644 644 645 645 645 726 726 726 644 644 644 726 726 726 725 725 725 645 645 645 646 646 646 727 727 727 645 645 645 727 727 727 726 726 726 646 646 646 647 647 647 728 728 728 646 646 646 728 728 728 727 727 727 648 648 648 649 649 649 730 730 730 648 648 648 730 730 730 729 729 729 649 649 649 650 650 650 731 731 731 649 649 649 731 731 731 730 730 730 650 650 650 651 651 651 732 732 732 650 650 650 732 732 732 731 731 731 651 651 651 652 652 652 733 733 733 651 651 651 733 733 733 732 732 732 652 652 652 653 653 653 734 734 734 652 652 652 734 734 734 733 733 733 653 653 653 654 654 654 735 735 735 653 653 653 735 735 735 734 734 734 654 654 654 655 655 655 736 736 736 654 654 654 736 736 736 735 735 735 655 655 655 656 656 656 737 737 737 655 655 655 737 737 737 736 736 736 656 656 656 657 657 657 738 738 738 656 656 656 738 738 738 737 737 737 657 657 657 658 658 658 739 739 739 657 657 657 739 739 739 738 738 738 658 658 658 659 659 659 740 740 740 658 658 658 740 740 740 739 739 739 659 659 659 660 660 660 741 741 741 659 659 659 741 741 741 740 740 740 660 660 660 661 661 661 742 742 742 660 660 660 742 742 742 741 741 741 661 661 661 662 662 662 743 743 743 661 661 661 743 743 743 742 742 742 662 662 662 663 663 663 744 744 744 662 662 662 744 744 744 743 743 743 663 663 663 664 664 664 745 745 745 663 663 663 745 745 745 744 744 744 664 664 664 665 665 665 746 746 746 664 664 664 746 746 746 745 745 745 665 665 665 666 666 666 747 747 747 665 665 665 747 747 747 746 746 746 666 666 666 667 667 667 748 748 748 666 666 666 748 748 748 747 747 747 667 667 667 668 668 668 749 749 749 667 667 667 749 749 749 748 748 748 668 668 668 669 669 669 750 750 750 668 668 668 750 750 750 749 749 749 669 669 669 670 670 670 751 751 751 669 669 669 751 751 751 750 750 750 670 670 670 671 671 671 752 752 752 670 670 670 752 752 752 751 751 751 671 671 671 672 672 672 753 753 753 671 671 671 753 753 753 752 752 752 672 672 672 673 673 673 754 754 754 672 672 672 754 754 754 753 753 753 673 673 673 674 674 674 755 755 755 673 673 673 755 755 755 754 754 754 674 674 674 675 675 675 756 756 756 674 674 674 756 756 756 755 755 755 675 675 675 676 676 676 757 757 757 675 675 675 757 757 757 756 756 756 676 676 676 677 677 677 758 758 758 676 676 676 758 758 758 757 757 757 677 677 677 678 678 678 759 759 759 677 677 677 759 759 759 758 758 758 678 678 678 679 679 679 760 760 760 678 678 678 760 760 760 759 759 759 679 679 679 680 680 680 761 761 761 679 679 679 761 761 761 760 760 760 680 680 680 681 681 681 762 762 762 680 680 680 762 762 762 761 761 761 681 681 681 682 682 682 763 763 763 681 681 681 763 763 763 762 762 762 682 682 682 683 683 683 764 764 764 682 682 682 764 764 764 763 763 763 683 683 683 684 684 684 765 765 765 683 683 683 765 765 765 764 764 764 684 684 684 685 685 685 766 766 766 684 684 684 766 766 766 765 765 765 685 685 685 686 686 686 767 767 767 685 685 685 767 767 767 766 766 766 686 686 686 687 687 687 768 768 768 686 686 686 768 768 768 767 767 767 687 687 687 688 688 688 769 769 769 687 687 687 769 769 769 768 768 768 688 688 688 689 689 689 770 770 770 688 688 688 770 770 770 769 769 769 689 689 689 690 690 690 771 771 771 689 689 689 771 771 771 770 770 770 690 690 690 691 691 691 772 772 772 690 690 690 772 772 772 771 771 771 691 691 691 692 692 692 773 773 773 691 691 691 773 773 773 772 772 772 692 692 692 693 693 693 774 774 774 692 692 692 774 774 774 773 773 773 693 693 693 694 694 694 775 775 775 693 693 693 775 775 775 774 774 774 694 694 694 695 695 695 776 776 776 694 694 694 776 776 776 775 775 775 695 695 695 696 696 696 777 777 777 695 695 695 777 777 777 776 776 776 696 696 696 697 697 697 778 778 778 696 696 696 778 778 778 777 777 777 697 697 697 698 698 698 779 779 779 697 697 697 779 779 779 778 778 778 698 698 698 699 699 699 780 780 780 698 698 698 780 780 780 779 779 779 699 699 699 700 700 700 781 781 781 699 699 699 781 781 781 780 780 780 700 700 700 701 701 701 782 782 782 700 700 700 782 782 782 781 781 781 701 701 701 702 702 702 783 783 783 701 701 701 783 783 783 782 782 782 702 702 702 703 703 703 784 784 784 702 702 702 784 784 784 783 783 783 703 703 703 704 704 704 785 785 785 703 703 703 785 785 785 784 784 784 704 704 704 705 705 705 786 786 786 704 704 704 786 786 786 785 785 785 705 705 705 706 706 706 787 787 787 705 705 705 787 787 787 786 786 786 706 706 706 707 707 707 788 788 788 706 706 706 788 788 788 787 787 787 707 707 707 708 708 708 789 789 789 707 707 707 789 789 789 788 788 788 708 708 708 709 709 709 790 790 790 708 708 708 790 790 790 789 789 789 709 709 709 710 710 710 791 791 791 709 709 709 791 791 791 790 790 790 710 710 710 711 711 711 792 792 792 710 710 710 792 792 792 791 791 791 711 711 711 712 712 712 793 793 793 711 711 711 793 793 793 792 792 792 712 712 712 713 713 713 794 794 794 712 712 712 794 794 794 793 793 793 713 713 713 714 714 714 795 795 795 713 713 713 795 795 795 794 794 794 714 714 714 715 715 715 796 796 796 714 714 714 796 796 796 795 795 795 715 715 715 716 716 716 797 797 797 715 715 715 797 797 797 796 796 796 716 716 716 717 717 717 798 798 798 716 716 716 798 798 798 797 797 797 717 717 717 718 718 718 799 799 799 717 717 717 799 799 799 798 798 798 718 718 718 719 719 719 800 800 800 718 718 718 800 800 800 799 799 799 719 719 719 720 720 720 801 801 801 719 719 719 801 801 801 800 800 800 720 720 720 721 721 721 802 802 802 720 720 720 802 802 802 801 801 801 721 721 721 722 722 722 803 803 803 721 721 721 803 803 803 802 802 802 722 722 722 723 723 723 804 804 804 722 722 722 804 804 804 803 803 803 723 723 723 724 724 724 805 805 805 723 723 723 805 805 805 804 804 804 724 724 724 725 725 725 806 806 806 724 724 724 806 806 806 805 805 805 725 725 725 726 726 726 807 807 807 725 725 725 807 807 807 806 806 806 726 726 726 727 727 727 808 808 808 726 726 726 808 808 808 807 807 807 727 727 727 728 728 728 809 809 809 727 727 727 809 809 809 808 808 808 729 729 729 730 730 730 811 811 811 729 729 729 811 811 811 810 810 810 730 730 730 731 731 731 812 812 812 730 730 730 812 812 812 811 811 811 731 731 731 732 732 732 813 813 813 731 731 731 813 813 813 812 812 812 732 732 732 733 733 733 814 814 814 732 732 732 814 814 814 813 813 813 733 733 733 734 734 734 815 815 815 733 733 733 815 815 815 814 814 814 734 734 734 735 735 735 816 816 816 734 734 734 816 816 816 815 815 815 735 735 735 736 736 736 817 817 817 735 735 735 817 817 817 816 816 816 736 736 736 737 737 737 818 818 818 736 736 736 818 818 818 817 817 817 737 737 737 738 738 738 819 819 819 737 737 737 819 819 819 818 818 818 738 738 738 739 739 739 820 820 820 738 738 738 820 820 820 819 819 819 739 739 739 740 740 740 821 821 821 739 739 739 821 821 821 820 820 820 740 740 740 741 741 741 822 822 822 740 740 740 822 822 822 821 821 821 741 741 741 742 742 742 823 823 823 741 741 741 823 823 823 822 822 822 742 742 742 743 743 743 824 824 824 742 742 742 824 824 824 823 823 823 743 743 743 744 744 744 825 825 825 743 743 743 825 825 825 824 824 824 744 744 744 745 745 745 826 826 826 744 744 744 826 826 826 825 825 825 745 745 745 746 746 746 827 827 827 745 745 745 827 827 827 826 826 826 746 746 746 747 747 747 828 828 828 746 746 746 828 828 828 827 827 827 747 747 747 748 748 748 829 829 829 747 747 747 829 829 829 828 828 828 748 748 748 749 749 749 830 830 830 748 748 748 830 830 830 829 829 829 749 749 749 750 750 750 831 831 831 749 749 749 831 831 831 830 830 830 750 750 750 751 751 751 832 832 832 750 750 750 832 832 832 831 831 831 751 751 751 752 752 752 833 833 833 751 751 751 833 833 833 832 832 832 752 752 752 753 753 753 834 834 834 752 752 752 834 834 834 833 833 833 753 753 753 754 754 754 835 835 835 753 753 753 835 835 835 834 834 834 754 754 754 755 755 755 836 836 836 754 754 754 836 836 836 835 835 835 755 755 755 756 756 756 837 837 837 755 755 755 837 837 837 836 836 836 756 756 756 757 757 757 838 838 838 756 756 756 838 838 838 837 837 837 757 757 757 758 758 758 839 839 839 757 757 757 839 839 839 838 838 838 758 758 758 759 759 759 840 840 840 758 758 758 840 840 840 839 839 839 759 759 759 760 760 760 841 841 841 759 759 759 841 841 841 840 840 840 760 760 760 761 761 761 842 842 842 760 760 760 842 842 842 841 841 841 761 761 761 762 762 762 843 843 843 761 761 761 843 843 843 842 842 842 762 762 762 763 763 763 844 844 844 762 762 762 844 844 844 843 843 843 763 763 763 764 764 764 845 845 845 763 763 763 845 845 845 844 844 844 764 764 764 765 765 765 846 846 846 764 764 764 846 846 846 845 845 845 765 765 765 766 766 766 847 847 847 765 765 765 847 847 847 846 846 846 766 766 766 767 767 767 848 848 848 766 766 766 848 848 848 847 847 847 767 767 767 768 768 768 849 849 849 767 767 767 849 849 849 848 848 848 768 768 768 769 769 769 850 850 850 768 768 768 850 850 850 849 849 849 769 769 769 770 770 770 851 851 851 769 769 769 851 851 851 850 850 850 770 770 770 771 771 771 852 852 852 770 770 770 852 852 852 851 851 851 771 771 771 772 772 772 853 853 853 771 771 771 853 853 853 852 852 852 772 772 772 773 773 773 854 854 854 772 772 772 854 854 854 853 853 853 773 773 773 774 774 774 855 855 855 773 773 773 855 855 855 854 854 854 774 774 774 775 775 775 856 856 856 774 774 774 856 856 856 855 855 855 775 775 775 776 776 776 857 857 857 775 775 775 857 857 857 856 856 856 776 776 776 777 777 777 858 858 858 776 776 776 858 858 858 857 857 857 777 777 777 778 778 778 859 859 859 777 777 777 859 859 859 858 858 858 778 778 778 779 779 779 860 860 860 778 778 778 860 860 860 859 859 859 779 779 779 780 780 780 861 861 861 779 779 779 861 861 861 860 860 860 780 780 780 781 781 781 862 862 862 780 780 780 862 862 862 861 861 861 781 781 781 782 782 782 863 863 863 781 781 781 863 863 863 862 862 862 782 782 782 783 783 783 864 864 864 782 782 782 864 864 864 863 863 863 783 783 783 784 784 784 865 865 865 783 783 783 865 865 865 864 864 864 784 784 784 785 785 785 866 866 866 784 784 784 866 866 866 865 865 865 785 785 785 786 786 786 867 867 867 785 785 785 867 867 867 866 866 866 786 786 786 787 787 787 868 868 868 786 786 786 868 868 868 867 867 867 787 787 787 788 788 788 869 869 869 787 787 787 869 869 869 868 868 868 788 788 788 789 789 789 870 870 870 788 788 788 870 870 870 869 869 869 789 789 789 790 790 790 871 871 871 789 789 789 871 871 871 870 870 870 790 790 790 791 791 791 872 872 872 790 790 790 872 872 872 871 871 871 791 791 791 792 792 792 873 873 873 791 791 791 873 873 873 872 872 872 792 792 792 793 793 793 874 874 874 792 792 792 874 874 874 873 873 873 793 793 793 794 794 794 875 875 875 793 793 793 875 875 875 874 874 874 794 794 794 795 795 795 876 876 876 794 794 794 876 876 876 875 875 875 795 795 795 796 796 796 877 877 877 795 795 795 877 877 877 876 876 876 796 796 796 797 797 797 878 878 878 796 796 796 878 878 878 877 877 877 797 797 797 798 798 798 879 879 879 797 797 797 879 879 879 878 878 878 798 798 798 799 799 799 880 880 880 798 798 798 880 880 880 879 879 879 799 799 799 800 800 800 881 881 881 799 799 799 881 881 881 880 880 880 800 800 800 801 801 801 882 882 882 800 800 800 882 882 882 881 881 881 801 801 801 802 802 802 883 883 883 801 801 801 883 883 883 882 882 882 802 802 802 803 803 803 884 884 884 802 802 802 884 884 884 883 883 883 803 803 803 804 804 804 885 885 885 803 803 803 885 885 885 884 884 884 804 804 804 805 805 805 886 886 886 804 804 804 886 886 886 885 885 885 805 805 805 806 806 806 887 887 887 805 805 805 887 887 887 886 886 886 806 806 806 807 807 807 888 888 888 806 806 806 888 888 888 887 887 887 807 807 807 808 808 808 889 889 889 807 807 807 889 889 889 888 888 888 808 808 808 809 809 809 890 890 890 808 808 808 890 890 890 889 889 889 810 810 810 811 811 811 892 892 892 810 810 810 892 892 892 891 891 891 811 811 811 812 812 812 893 893 893 811 811 811 893 893 893 892 892 892 812 812 812 813 813 813 894 894 894 812 812 812 894 894 894 893 893 893 813 813 813 814 814 814 895 895 895 813 813 813 895 895 895 894 894 894 814 814 814 815 815 815 896 896 896 814 814 814 896 896 896 895 895 895 815 815 815 816 816 816 897 897 897 815 815 815 897 897 897 896 896 896 816 816 816 817 817 817 898 898 898 816 816 816 898 898 898 897 897 897 817 817 817 818 818 818 899 899 899 817 817 817 899 899 899 898 898 898 818 818 818 819 819 819 900 900 900 818 818 818 900 900 900 899 899 899 819 819 819 820 820 820 901 901 901 819 819 819 901 901 901 900 900 900 820 820 820 821 821 821 902 902 902 820 820 820 902 902 902 901 901 901 821 821 821 822 822 822 903 903 903 821 821 821 903 903 903 902 902 902 822 822 822 823 823 823 904 904 904 822 822 822 904 904 904 903 903 903 823 823 823 824 824 824 905 905 905 823 823 823 905 905 905 904 904 904 824 824 824 825 825 825 906 906 906 824 824 824 906 906 906 905 905 905 825 825 825 826 826 826 907 907 907 825 825 825 907 907 907 906 906 906 826 826 826 827 827 827 908 908 908 826 826 826 908 908 908 907 907 907 827 827 827 828 828 828 909 909 909 827 827 827 909 909 909 908 908 908 828 828 828 829 829 829 910 910 910 828 828 828 910 910 910 909 909 909 829 829 829 830 830 830 911 911 911 829 829 829 911 911 911 910 910 910 830 830 830 831 831 831 912 912 912 830 830 830 912 912 912 911 911 911 831 831 831 832 832 832 913 913 913 831 831 831 913 913 913 912 912 912 832 832 832 833 833 833 914 914 914 832 832 832 914 914 914 913 913 913 833 833 833 834 834 834 915 915 915 833 833 833 915 915 915 914 914 914 834 834 834 835 835 835 916 916 916 834 834 834 916 916 916 915 915 915 835 835 835 836 836 836 917 917 917 835 835 835 917 917 917 916 916 916 836 836 836 837 837 837 918 918 918 836 836 836 918 918 918 917 917 917 837 837 837 838 838 838 919 919 919 837 837 837 919 919 919 918 918 918 838 838 838 839 839 839 920 920 920 838 838 838 920 920 920 919 919 919 839 839 839 840 840 840 921 921 921 839 839 839 921 921 921 920 920 920 840 840 840 841 841 841 922 922 922 840 840 840 922 922 922 921 921 921 841 841 841 842 842 842 923 923 923 841 841 841 923 923 923 922 922 922 842 842 842 843 843 843 924 924 924 842 842 842 924 924 924 923 923 923 843 843 843 844 844 844 925 925 925 843 843 843 925 925 925 924 924 924 844 844 844 845 845 845 926 926 926 844 844 844 926 926 926 925 925 925 845 845 845 846 846 846 927 927 927 845 845 845 927 927 927 926 926 926 846 846 846 847 847 847 928 928 928 846 846 846 928 928 928 927 927 927 847 847 847 848 848 848 929 929 929 847 847 847 929 929 929 928 928 928 848 848 848 849 849 849 930 930 930 848 848 848 930 930 930 929 929 929 849 849 849 850 850 850 931 931 931 849 849 849 931 931 931 930 930 930 850 850 850 851 851 851 932 932 932 850 850 850 932 932 932 931 931 931 851 851 851 852 852 852 933 933 933 851 851 851 933 933 933 932 932 932 852 852 852 853 853 853 934 934 934 852 852 852 934 934 934 933 933 933 853 853 853 854 854 854 935 935 935 853 853 853 935 935 935 934 934 934 854 854 854 855 855 855 936 936 936 854 854 854 936 936 936 935 935 935 855 855 855 856 856 856 937 937 937 855 855 855 937 937 937 936 936 936 856 856 856 857 857 857 938 938 938 856 856 856 938 938 938 937 937 937 857 857 857 858 858 858 939 939 939 857 857 857 939 939 939 938 938 938 858 858 858 859 859 859 940 940 940 858 858 858 940 940 940 939 939 939 859 859 859 860 860 860 941 941 941 859 859 859 941 941 941 940 940 940 860 860 860 861 861 861 942 942 942 860 860 860 942 942 942 941 941 941 861 861 861 862 862 862 943 943 943 861 861 861 943 943 943 942 942 942 862 862 862 863 863 863 944 944 944 862 862 862 944 944 944 943 943 943 863 863 863 864 864 864 945 945 945 863 863 863 945 945 945 944 944 944 864 864 864 865 865 865 946 946 946 864 864 864 946 946 946 945 945 945 865 865 865 866 866 866 947 947 947 865 865 865 947 947 947 946 946 946 866 866 866 867 867 867 948 948 948 866 866 866 948 948 948 947 947 947 867 867 867 868 868 868 949 949 949 867 867 867 949 949 949 948 948 948 868 868 868 869 869 869 950 950 950 868 868 868 950 950 950 949 949 949 869 869 869 870 870 870 951 951 951 869 869 869 951 951 951 950 950 950 870 870 870 871 871 871 952 952 952 870 870 870 952 952 952 951 951 951 871 871 871 872 872 872 953 953 953 871 871 871 953 953 953 952 952 952 872 872 872 873 873 873 954 954 954 872 872 872 954 954 954 953 953 953 873 873 873 874 874 874 955 955 955 873 873 873 955 955 955 954 954 954 874 874 874 875 875 875 956 956 956 874 874 874 956 956 956 955 955 955 875 875 875 876 876 876 957 957 957 875 875 875 957 957 957 956 956 956 876 876 876 877 877 877 958 958 958 876 876 876 958 958 958 957 957 957 877 877 877 878 878 878 959 959 959 877 877 877 959 959 959 958 958 958 878 878 878 879 879 879 960 960 960 878 878 878 960 960 960 959 959 959 879 879 879 880 880 880 961 961 961 879 879 879 961 961 961 960 960 960 880 880 880 881 881 881 962 962 962 880 880 880 962 962 962 961 961 961 881 881 881 882 882 882 963 963 963 881 881 881 963 963 963 962 962 962 882 882 882 883 883 883 964 964 964 882 882 882 964 964 964 963 963 963 883 883 883 884 884 884 965 965 965 883 883 883 965 965 965 964 964 964 884 884 884 885 885 885 966 966 966 884 884 884 966 966 966 965 965 965 885 885 885 886 886 886 967 967 967 885 885 885 967 967 967 966 966 966 886 886 886 887 887 887 968 968 968 886 886 886 968 968 968 967 967 967 887 887 887 888 888 888 969 969 969 887 887 887 969 969 969 968 968 968 888 888 888 889 889 889 970 970 970 888 888 888 970 970 970 969 969 969 889 889 889 890 890 890 971 971 971 889 889 889 971 971 971 970 970 970 891 891 891 892 892 892 973 973 973 891 891 891 973 973 973 972 972 972 892 892 892 893 893 893 974 974 974 892 892 892 974 974 974 973 973 973 893 893 893 894 894 894 975 975 975 893 893 893 975 975 975 974 974 974 894 894 894 895 895 895 976 976 976 894 894 894 976 976 976 975 975 975 895 895 895 896 896 896 977 977 977 895 895 895 977 977 977 976 976 976 896 896 896 897 897 897 978 978 978 896 896 896 978 978 978 977 977 977 897 897 897 898 898 898 979 979 979 897 897 897 979 979 979 978 978 978 898 898 898 899 899 899 980 980 980 898 898 898 980 980 980 979 979 979 899 899 899 900 900 900 981 981 981 899 899 899 981 981 981 980 980 980 900 900 900 901 901 901 982 982 982 900 900 900 982 982 982 981 981 981 901 901 901 902 902 902 983 983 983 901 901 901 983 983 983 982 982 982 902 902 902 903 903 903 984 984 984 902 902 902 984 984 984 983 983 983 903 903 903 904 904 904 985 985 985 903 903 903 985 985 985 984 984 984 904 904 904 905 905 905 986 986 986 904 904 904 986 986 986 985 985 985 905 905 905 906 906 906 987 987 987 905 905 905 987 987 987 986 986 986 906 906 906 907 907 907 988 988 988 906 906 906 988 988 988 987 987 987 907 907 907 908 908 908 989 989 989 907 907 907 989 989 989 988 988 988 908 908 908 909 909 909 990 990 990 908 908 908 990 990 990 989 989 989 909 909 909 910 910 910 991 991 991 909 909 909 991 991 991 990 990 990 910 910 910 911 911 911 992 992 992 910 910 910 992 992 992 991 991 991 911 911 911 912 912 912 993 993 993 911 911 911 993 993 993 992 992 992 912 912 912 913 913 913 994 994 994 912 912 912 994 994 994 993 993 993 913 913 913 914 914 914 995 995 995 913 913 913 995 995 995 994 994 994 914 914 914 915 915 915 996 996 996 914 914 914 996 996 996 995 995 995 915 915 915 916 916 916 997 997 997 915 915 915 997 997 997 996 996 996 916 916 916 917 917 917 998 998 998 916 916 916 998 998 998 997 997 997 917 917 917 918 918 918 999 999 999 917 917 917 999 999 999 998 998 998 918 918 918 919 919 919 1000 1000 1000 918 918 918 1000 1000 1000 999 999 999 919 919 919 920 920 920 1001 1001 1001 919 919 919 1001 1001 1001 1000 1000 1000 920 920 920 921 921 921 1002 1002 1002 920 920 920 1002 1002 1002 1001 1001 1001 921 921 921 922 922 922 1003 1003 1003 921 921 921 1003 1003 1003 1002 1002 1002 922 922 922 923 923 923 1004 1004 1004 922 922 922 1004 1004 1004 1003 1003 1003 923 923 923 924 924 924 1005 1005 1005 923 923 923 1005 1005 1005 1004 1004 1004 924 924 924 925 925 925 1006 1006 1006 924 924 924 1006 1006 1006 1005 1005 1005 925 925 925 926 926 926 1007 1007 1007 925 925 925 1007 1007 1007 1006 1006 1006 926 926 926 927 927 927 1008 1008 1008 926 926 926 1008 1008 1008 1007 1007 1007 927 927 927 928 928 928 1009 1009 1009 927 927 927 1009 1009 1009 1008 1008 1008 928 928 928 929 929 929 1010 1010 1010 928 928 928 1010 1010 1010 1009 1009 1009 929 929 929 930 930 930 1011 1011 1011 929 929 929 1011 1011 1011 1010 1010 1010 930 930 930 931 931 931 1012 1012 1012 930 930 930 1012 1012 1012 1011 1011 1011 931 931 931 932 932 932 1013 1013 1013 931 931 931 1013 1013 1013 1012 1012 1012 932 932 932 933 933 933 1014 1014 1014 932 932 932 1014 1014 1014 1013 1013 1013 933 933 933 934 934 934 1015 1015 1015 933 933 933 1015 1015 1015 1014 1014 1014 934 934 934 935 935 935 1016 1016 1016 934 934 934 1016 1016 1016 1015 1015 1015 935 935 935 936 936 936 1017 1017 1017 935 935 935 1017 1017 1017 1016 1016 1016 936 936 936 937 937 937 1018 1018 1018 936 936 936 1018 1018 1018 1017 1017 1017 937 937 937 938 938 938 1019 1019 1019 937 937 937 1019 1019 1019 1018 1018 1018 938 938 938 939 939 939 1020 1020 1020 938 938 938 1020 1020 1020 1019 1019 1019 939 939 939 940 940 940 1021 1021 1021 939 939 939 1021 1021 1021 1020 1020 1020 940 940 940 941 941 941 1022 1022 1022 940 940 940 1022 1022 1022 1021 1021 1021 941 941 941 942 942 942 1023 1023 1023 941 941 941 1023 1023 1023 1022 1022 1022 942 942 942 943 943 943 1024 1024 1024 942 942 942 1024 1024 1024 1023 1023 1023 943 943 943 944 944 944 1025 1025 1025 943 943 943 1025 1025 1025 1024 1024 1024 944 944 944 945 945 945 1026 1026 1026 944 944 944 1026 1026 1026 1025 1025 1025 945 945 945 946 946 946 1027 1027 1027 945 945 945 1027 1027 1027 1026 1026 1026 946 946 946 947 947 947 1028 1028 1028 946 946 946 1028 1028 1028 1027 1027 1027 947 947 947 948 948 948 1029 1029 1029 947 947 947 1029 1029 1029 1028 1028 1028 948 948 948 949 949 949 1030 1030 1030 948 948 948 1030 1030 1030 1029 1029 1029 949 949 949 950 950 950 1031 1031 1031 949 949 949 1031 1031 1031 1030 1030 1030 950 950 950 951 951 951 1032 1032 1032 950 950 950 1032 1032 1032 1031 1031 1031 951 951 951 952 952 952 1033 1033 1033 951 951 951 1033 1033 1033 1032 1032 1032 952 952 952 953 953 953 1034 1034 1034 952 952 952 1034 1034 1034 1033 1033 1033 953 953 953 954 954 954 1035 1035 1035 953 953 953 1035 1035 1035 1034 1034 1034 954 954 954 955 955 955 1036 1036 1036 954 954 954 1036 1036 1036 1035 1035 1035 955 955 955 956 956 956 1037 1037 1037 955 955 955 1037 1037 1037 1036 1036 1036 956 956 956 957 957 957 1038 1038 1038 956 956 956 1038 1038 1038 1037 1037 1037 957 957 957 958 958 958 1039 1039 1039 957 957 957 1039 1039 1039 1038 1038 1038 958 958 958 959 959 959 1040 1040 1040 958 958 958 1040 1040 1040 1039 1039 1039 959 959 959 960 960 960 1041 1041 1041 959 959 959 1041 1041 1041 1040 1040 1040 960 960 960 961 961 961 1042 1042 1042 960 960 960 1042 1042 1042 1041 1041 1041 961 961 961 962 962 962 1043 1043 1043 961 961 961 1043 1043 1043 1042 1042 1042 962 962 962 963 963 963 1044 1044 1044 962 962 962 1044 1044 1044 1043 1043 1043 963 963 963 964 964 964 1045 1045 1045 963 963 963 1045 1045 1045 1044 1044 1044 964 964 964 965 965 965 1046 1046 1046 964 964 964 1046 1046 1046 1045 1045 1045 965 965 965 966 966 966 1047 1047 1047 965 965 965 1047 1047 1047 1046 1046 1046 966 966 966 967 967 967 1048 1048 1048 966 966 966 1048 1048 1048 1047 1047 1047 967 967 967 968 968 968 1049 1049 1049 967 967 967 1049 1049 1049 1048 1048 1048 968 968 968 969 969 969 1050 1050 1050 968 968 968 1050 1050 1050 1049 1049 1049 969 969 969 970 970 970 1051 1051 1051 969 969 969 1051 1051 1051 1050 1050 1050 970 970 970 971 971 971 1052 1052 1052 970 970 970 1052 1052 1052 1051 1051 1051 972 972 972 973 973 973 1054 1054 1054 972 972 972 1054 1054 1054 1053 1053 1053 973 973 973 974 974 974 1055 1055 1055 973 973 973 1055 1055 1055 1054 1054 1054 974 974 974 975 975 975 1056 1056 1056 974 974 974 1056 1056 1056 1055 1055 1055 975 975 975 976 976 976 1057 1057 1057 975 975 975 1057 1057 1057 1056 1056 1056 976 976 976 977 977 977 1058 1058 1058 976 976 976 1058 1058 1058 1057 1057 1057 977 977 977 978 978 978 1059 1059 1059 977 977 977 1059 1059 1059 1058 1058 1058 978 978 978 979 979 979 1060 1060 1060 978 978 978 1060 1060 1060 1059 1059 1059 979 979 979 980 980 980 1061 1061 1061 979 979 979 1061 1061 1061 1060 1060 1060 980 980 980 981 981 981 1062 1062 1062 980 980 980 1062 1062 1062 1061 1061 1061 981 981 981 982 982 982 1063 1063 1063 981 981 981 1063 1063 1063 1062 1062 1062 982 982 982 983 983 983 1064 1064 1064 982 982 982 1064 1064 1064 1063 1063 1063 983 983 983 984 984 984 1065 1065 1065 983 983 983 1065 1065 1065 1064 1064 1064 984 984 984 985 985 985 1066 1066 1066 984 984 984 1066 1066 1066 1065 1065 1065 985 985 985 986 986 986 1067 1067 1067 985 985 985 1067 1067 1067 1066 1066 1066 986 986 986 987 987 987 1068 1068 1068 986 986 986 1068 1068 1068 1067 1067 1067 987 987 987 988 988 988 1069 1069 1069 987 987 987 1069 1069 1069 1068 1068 1068 988 988 988 989 989 989 1070 1070 1070 988 988 988 1070 1070 1070 1069 1069 1069 989 989 989 990 990 990 1071 1071 1071 989 989 989 1071 1071 1071 1070 1070 1070 990 990 990 991 991 991 1072 1072 1072 990 990 990 1072 1072 1072 1071 1071 1071 991 991 991 992 992 992 1073 1073 1073 991 991 991 1073 1073 1073 1072 1072 1072 992 992 992 993 993 993 1074 1074 1074 992 992 992 1074 1074 1074 1073 1073 1073 993 993 993 994 994 994 1075 1075 1075 993 993 993 1075 1075 1075 1074 1074 1074 994 994 994 995 995 995 1076 1076 1076 994 994 994 1076 1076 1076 1075 1075 1075 995 995 995 996 996 996 1077 1077 1077 995 995 995 1077 1077 1077 1076 1076 1076 996 996 996 997 997 997 1078 1078 1078 996 996 996 1078 1078 1078 1077 1077 1077 997 997 997 998 998 998 1079 1079 1079 997 997 997 1079 1079 1079 1078 1078 1078 998 998 998 999 999 999 1080 1080 1080 998 998 998 1080 1080 1080 1079 1079 1079 999 999 999 1000 1000 1000 1081 1081 1081 999 999 999 1081 1081 1081 1080 1080 1080 1000 1000 1000 1001 1001 1001 1082 1082 1082 1000 1000 1000 1082 1082 1082 1081 1081 1081 1001 1001 1001 1002 1002 1002 1083 1083 1083 1001 1001 1001 1083 1083 1083 1082 1082 1082 1002 1002 1002 1003 1003 1003 1084 1084 1084 1002 1002 1002 1084 1084 1084 1083 1083 1083 1003 1003 1003 1004 1004 1004 1085 1085 1085 1003 1003 1003 1085 1085 1085 1084 1084 1084 1004 1004 1004 1005 1005 1005 1086 1086 1086 1004 1004 1004 1086 1086 1086 1085 1085 1085 1005 1005 1005 1006 1006 1006 1087 1087 1087 1005 1005 1005 1087 1087 1087 1086 1086 1086 1006 1006 1006 1007 1007 1007 1088 1088 1088 1006 1006 1006 1088 1088 1088 1087 1087 1087 1007 1007 1007 1008 1008 1008 1089 1089 1089 1007 1007 1007 1089 1089 1089 1088 1088 1088 1008 1008 1008 1009 1009 1009 1090 1090 1090 1008 1008 1008 1090 1090 1090 1089 1089 1089 1009 1009 1009 1010 1010 1010 1091 1091 1091 1009 1009 1009 1091 1091 1091 1090 1090 1090 1010 1010 1010 1011 1011 1011 1092 1092 1092 1010 1010 1010 1092 1092 1092 1091 1091 1091 1011 1011 1011 1012 1012 1012 1093 1093 1093 1011 1011 1011 1093 1093 1093 1092 1092 1092 1012 1012 1012 1013 1013 1013 1094 1094 1094 1012 1012 1012 1094 1094 1094 1093 1093 1093 1013 1013 1013 1014 1014 1014 1095 1095 1095 1013 1013 1013 1095 1095 1095 1094 1094 1094 1014 1014 1014 1015 1015 1015 1096 1096 1096 1014 1014 1014 1096 1096 1096 1095 1095 1095 1015 1015 1015 1016 1016 1016 1097 1097 1097 1015 1015 1015 1097 1097 1097 1096 1096 1096 1016 1016 1016 1017 1017 1017 1098 1098 1098 1016 1016 1016 1098 1098 1098 1097 1097 1097 1017 1017 1017 1018 1018 1018 1099 1099 1099 1017 1017 1017 1099 1099 1099 1098 1098 1098 1018 1018 1018 1019 1019 1019 1100 1100 1100 1018 1018 1018 1100 1100 1100 1099 1099 1099 1019 1019 1019 1020 1020 1020 1101 1101 1101 1019 1019 1019 1101 1101 1101 1100 1100 1100 1020 1020 1020 1021 1021 1021 1102 1102 1102 1020 1020 1020 1102 1102 1102 1101 1101 1101 1021 1021 1021 1022 1022 1022 1103 1103 1103 1021 1021 1021 1103 1103 1103 1102 1102 1102 1022 1022 1022 1023 1023 1023 1104 1104 1104 1022 1022 1022 1104 1104 1104 1103 1103 1103 1023 1023 1023 1024 1024 1024 1105 1105 1105 1023 1023 1023 1105 1105 1105 1104 1104 1104 1024 1024 1024 1025 1025 1025 1106 1106 1106 1024 1024 1024 1106 1106 1106 1105 1105 1105 1025 1025 1025 1026 1026 1026 1107 1107 1107 1025 1025 1025 1107 1107 1107 1106 1106 1106 1026 1026 1026 1027 1027 1027 1108 1108 1108 1026 1026 1026 1108 1108 1108 1107 1107 1107 1027 1027 1027 1028 1028 1028 1109 1109 1109 1027 1027 1027 1109 1109 1109 1108 1108 1108 1028 1028 1028 1029 1029 1029 1110 1110 1110 1028 1028 1028 1110 1110 1110 1109 1109 1109 1029 1029 1029 1030 1030 1030 1111 1111 1111 1029 1029 1029 1111 1111 1111 1110 1110 1110 1030 1030 1030 1031 1031 1031 1112 1112 1112 1030 1030 1030 1112 1112 1112 1111 1111 1111 1031 1031 1031 1032 1032 1032 1113 1113 1113 1031 1031 1031 1113 1113 1113 1112 1112 1112 1032 1032 1032 1033 1033 1033 1114 1114 1114 1032 1032 1032 1114 1114 1114 1113 1113 1113 1033 1033 1033 1034 1034 1034 1115 1115 1115 1033 1033 1033 1115 1115 1115 1114 1114 1114 1034 1034 1034 1035 1035 1035 1116 1116 1116 1034 1034 1034 1116 1116 1116 1115 1115 1115 1035 1035 1035 1036 1036 1036 1117 1117 1117 1035 1035 1035 1117 1117 1117 1116 1116 1116 1036 1036 1036 1037 1037 1037 1118 1118 1118 1036 1036 1036 1118 1118 1118 1117 1117 1117 1037 1037 1037 1038 1038 1038 1119 1119 1119 1037 1037 1037 1119 1119 1119 1118 1118 1118 1038 1038 1038 1039 1039 1039 1120 1120 1120 1038 1038 1038 1120 1120 1120 1119 1119 1119 1039 1039 1039 1040 1040 1040 1121 1121 1121 1039 1039 1039 1121 1121 1121 1120 1120 1120 1040 1040 1040 1041 1041 1041 1122 1122 1122 1040 1040 1040 1122 1122 1122 1121 1121 1121 1041 1041 1041 1042 1042 1042 1123 1123 1123 1041 1041 1041 1123 1123 1123 1122 1122 1122 1042 1042 1042 1043 1043 1043 1124 1124 1124 1042 1042 1042 1124 1124 1124 1123 1123 1123 1043 1043 1043 1044 1044 1044 1125 1125 1125 1043 1043 1043 1125 1125 1125 1124 1124 1124 1044 1044 1044 1045 1045 1045 1126 1126 1126 1044 1044 1044 1126 1126 1126 1125 1125 1125 1045 1045 1045 1046 1046 1046 1127 1127 1127 1045 1045 1045 1127 1127 1127 1126 1126 1126 1046 1046 1046 1047 1047 1047 1128 1128 1128 1046 1046 1046 1128 1128 1128 1127 1127 1127 1047 1047 1047 1048 1048 1048 1129 1129 1129 1047 1047 1047 1129 1129 1129 1128 1128 1128 1048 1048 1048 1049 1049 1049 1130 1130 1130 1048 1048 1048 1130 1130 1130 1129 1129 1129 1049 1049 1049 1050 1050 1050 1131 1131 1131 1049 1049 1049 1131 1131 1131 1130 1130 1130 1050 1050 1050 1051 1051 1051 1132 1132 1132 1050 1050 1050 1132 1132 1132 1131 1131 1131 1051 1051 1051 1052 1052 1052 1133 1133 1133 1051 1051 1051 1133 1133 1133 1132 1132 1132 1053 1053 1053 1054 1054 1054 1135 1135 1135 1053 1053 1053 1135 1135 1135 1134 1134 1134 1054 1054 1054 1055 1055 1055 1136 1136 1136 1054 1054 1054 1136 1136 1136 1135 1135 1135 1055 1055 1055 1056 1056 1056 1137 1137 1137 1055 1055 1055 1137 1137 1137 1136 1136 1136 1056 1056 1056 1057 1057 1057 1138 1138 1138 1056 1056 1056 1138 1138 1138 1137 1137 1137 1057 1057 1057 1058 1058 1058 1139 1139 1139 1057 1057 1057 1139 1139 1139 1138 1138 1138 1058 1058 1058 1059 1059 1059 1140 1140 1140 1058 1058 1058 1140 1140 1140 1139 1139 1139 1059 1059 1059 1060 1060 1060 1141 1141 1141 1059 1059 1059 1141 1141 1141 1140 1140 1140 1060 1060 1060 1061 1061 1061 1142 1142 1142 1060 1060 1060 1142 1142 1142 1141 1141 1141 1061 1061 1061 1062 1062 1062 1143 1143 1143 1061 1061 1061 1143 1143 1143 1142 1142 1142 1062 1062 1062 1063 1063 1063 1144 1144 1144 1062 1062 1062 1144 1144 1144 1143 1143 1143 1063 1063 1063 1064 1064 1064 1145 1145 1145 1063 1063 1063 1145 1145 1145 1144 1144 1144 1064 1064 1064 1065 1065 1065 1146 1146 1146 1064 1064 1064 1146 1146 1146 1145 1145 1145 1065 1065 1065 1066 1066 1066 1147 1147 1147 1065 1065 1065 1147 1147 1147 1146 1146 1146 1066 1066 1066 1067 1067 1067 1148 1148 1148 1066 1066 1066 1148 1148 1148 1147 1147 1147 1067 1067 1067 1068 1068 1068 1149 1149 1149 1067 1067 1067 1149 1149 1149 1148 1148 1148 1068 1068 1068 1069 1069 1069 1150 1150 1150 1068 1068 1068 1150 1150 1150 1149 1149 1149 1069 1069 1069 1070 1070 1070 1151 1151 1151 1069 1069 1069 1151 1151 1151 1150 1150 1150 1070 1070 1070 1071 1071 1071 1152 1152 1152 1070 1070 1070 1152 1152 1152 1151 1151 1151 1071 1071 1071 1072 1072 1072 1153 1153 1153 1071 1071 1071 1153 1153 1153 1152 1152 1152 1072 1072 1072 1073 1073 1073 1154 1154 1154 1072 1072 1072 1154 1154 1154 1153 1153 1153 1073 1073 1073 1074 1074 1074 1155 1155 1155 1073 1073 1073 1155 1155 1155 1154 1154 1154 1074 1074 1074 1075 1075 1075 1156 1156 1156 1074 1074 1074 1156 1156 1156 1155 1155 1155 1075 1075 1075 1076 1076 1076 1157 1157 1157 1075 1075 1075 1157 1157 1157 1156 1156 1156 1076 1076 1076 1077 1077 1077 1158 1158 1158 1076 1076 1076 1158 1158 1158 1157 1157 1157 1077 1077 1077 1078 1078 1078 1159 1159 1159 1077 1077 1077 1159 1159 1159 1158 1158 1158 1078 1078 1078 1079 1079 1079 1160 1160 1160 1078 1078 1078 1160 1160 1160 1159 1159 1159 1079 1079 1079 1080 1080 1080 1161 1161 1161 1079 1079 1079 1161 1161 1161 1160 1160 1160 1080 1080 1080 1081 1081 1081 1162 1162 1162 1080 1080 1080 1162 1162 1162 1161 1161 1161 1081 1081 1081 1082 1082 1082 1163 1163 1163 1081 1081 1081 1163 1163 1163 1162 1162 1162 1082 1082 1082 1083 1083 1083 1164 1164 1164 1082 1082 1082 1164 1164 1164 1163 1163 1163 1083 1083 1083 1084 1084 1084 1165 1165 1165 1083 1083 1083 1165 1165 1165 1164 1164 1164 1084 1084 1084 1085 1085 1085 1166 1166 1166 1084 1084 1084 1166 1166 1166 1165 1165 1165 1085 1085 1085 1086 1086 1086 1167 1167 1167 1085 1085 1085 1167 1167 1167 1166 1166 1166 1086 1086 1086 1087 1087 1087 1168 1168 1168 1086 1086 1086 1168 1168 1168 1167 1167 1167 1087 1087 1087 1088 1088 1088 1169 1169 1169 1087 1087 1087 1169 1169 1169 1168 1168 1168 1088 1088 1088 1089 1089 1089 1170 1170 1170 1088 1088 1088 1170 1170 1170 1169 1169 1169 1089 1089 1089 1090 1090 1090 1171 1171 1171 1089 1089 1089 1171 1171 1171 1170 1170 1170 1090 1090 1090 1091 1091 1091 1172 1172 1172 1090 1090 1090 1172 1172 1172 1171 1171 1171 1091 1091 1091 1092 1092 1092 1173 1173 1173 1091 1091 1091 1173 1173 1173 1172 1172 1172 1092 1092 1092 1093 1093 1093 1174 1174 1174 1092 1092 1092 1174 1174 1174 1173 1173 1173 1093 1093 1093 1094 1094 1094 1175 1175 1175 1093 1093 1093 1175 1175 1175 1174 1174 1174 1094 1094 1094 1095 1095 1095 1176 1176 1176 1094 1094 1094 1176 1176 1176 1175 1175 1175 1095 1095 1095 1096 1096 1096 1177 1177 1177 1095 1095 1095 1177 1177 1177 1176 1176 1176 1096 1096 1096 1097 1097 1097 1178 1178 1178 1096 1096 1096 1178 1178 1178 1177 1177 1177 1097 1097 1097 1098 1098 1098 1179 1179 1179 1097 1097 1097 1179 1179 1179 1178 1178 1178 1098 1098 1098 1099 1099 1099 1180 1180 1180 1098 1098 1098 1180 1180 1180 1179 1179 1179 1099 1099 1099 1100 1100 1100 1181 1181 1181 1099 1099 1099 1181 1181 1181 1180 1180 1180 1100 1100 1100 1101 1101 1101 1182 1182 1182 1100 1100 1100 1182 1182 1182 1181 1181 1181 1101 1101 1101 1102 1102 1102 1183 1183 1183 1101 1101 1101 1183 1183 1183 1182 1182 1182 1102 1102 1102 1103 1103 1103 1184 1184 1184 1102 1102 1102 1184 1184 1184 1183 1183 1183 1103 1103 1103 1104 1104 1104 1185 1185 1185 1103 1103 1103 1185 1185 1185 1184 1184 1184 1104 1104 1104 1105 1105 1105 1186 1186 1186 1104 1104 1104 1186 1186 1186 1185 1185 1185 1105 1105 1105 1106 1106 1106 1187 1187 1187 1105 1105 1105 1187 1187 1187 1186 1186 1186 1106 1106 1106 1107 1107 1107 1188 1188 1188 1106 1106 1106 1188 1188 1188 1187 1187 1187 1107 1107 1107 1108 1108 1108 1189 1189 1189 1107 1107 1107 1189 1189 1189 1188 1188 1188 1108 1108 1108 1109 1109 1109 1190 1190 1190 1108 1108 1108 1190 1190 1190 1189 1189 1189 1109 1109 1109 1110 1110 1110 1191 1191 1191 1109 1109 1109 1191 1191 1191 1190 1190 1190 1110 1110 1110 1111 1111 1111 1192 1192 1192 1110 1110 1110 1192 1192 1192 1191 1191 1191 1111 1111 1111 1112 1112 1112 1193 1193 1193 1111 1111 1111 1193 1193 1193 1192 1192 1192 1112 1112 1112 1113 1113 1113 1194 1194 1194 1112 1112 1112 1194 1194 1194 1193 1193 1193 1113 1113 1113 1114 1114 1114 1195 1195 1195 1113 1113 1113 1195 1195 1195 1194 1194 1194 1114 1114 1114 1115 1115 1115 1196 1196 1196 1114 1114 1114 1196 1196 1196 1195 1195 1195 1115 1115 1115 1116 1116 1116 1197 1197 1197 1115 1115 1115 1197 1197 1197 1196 1196 1196 1116 1116 1116 1117 1117 1117 1198 1198 1198 1116 1116 1116 1198 1198 1198 1197 1197 1197 1117 1117 1117 1118 1118 1118 1199 1199 1199 1117 1117 1117 1199 1199 1199 1198 1198 1198 1118 1118 1118 1119 1119 1119 1200 1200 1200 1118 1118 1118 1200 1200 1200 1199 1199 1199 1119 1119 1119 1120 1120 1120 1201 1201 1201 1119 1119 1119 1201 1201 1201 1200 1200 1200 1120 1120 1120 1121 1121 1121 1202 1202 1202 1120 1120 1120 1202 1202 1202 1201 1201 1201 1121 1121 1121 1122 1122 1122 1203 1203 1203 1121 1121 1121 1203 1203 1203 1202 1202 1202 1122 1122 1122 1123 1123 1123 1204 1204 1204 1122 1122 1122 1204 1204 1204 1203 1203 1203 1123 1123 1123 1124 1124 1124 1205 1205 1205 1123 1123 1123 1205 1205 1205 1204 1204 1204 1124 1124 1124 1125 1125 1125 1206 1206 1206 1124 1124 1124 1206 1206 1206 1205 1205 1205 1125 1125 1125 1126 1126 1126 1207 1207 1207 1125 1125 1125 1207 1207 1207 1206 1206 1206 1126 1126 1126 1127 1127 1127 1208 1208 1208 1126 1126 1126 1208 1208 1208 1207 1207 1207 1127 1127 1127 1128 1128 1128 1209 1209 1209 1127 1127 1127 1209 1209 1209 1208 1208 1208 1128 1128 1128 1129 1129 1129 1210 1210 1210 1128 1128 1128 1210 1210 1210 1209 1209 1209 1129 1129 1129 1130 1130 1130 1211 1211 1211 1129 1129 1129 1211 1211 1211 1210 1210 1210 1130 1130 1130 1131 1131 1131 1212 1212 1212 1130 1130 1130 1212 1212 1212 1211 1211 1211 1131 1131 1131 1132 1132 1132 1213 1213 1213 1131 1131 1131 1213 1213 1213 1212 1212 1212 1132 1132 1132 1133 1133 1133 1214 1214 1214 1132 1132 1132 1214 1214 1214 1213 1213 1213 1134 1134 1134 1135 1135 1135 1216 1216 1216 1134 1134 1134 1216 1216 1216 1215 1215 1215 1135 1135 1135 1136 1136 1136 1217 1217 1217 1135 1135 1135 1217 1217 1217 1216 1216 1216 1136 1136 1136 1137 1137 1137 1218 1218 1218 1136 1136 1136 1218 1218 1218 1217 1217 1217 1137 1137 1137 1138 1138 1138 1219 1219 1219 1137 1137 1137 1219 1219 1219 1218 1218 1218 1138 1138 1138 1139 1139 1139 1220 1220 1220 1138 1138 1138 1220 1220 1220 1219 1219 1219 1139 1139 1139 1140 1140 1140 1221 1221 1221 1139 1139 1139 1221 1221 1221 1220 1220 1220 1140 1140 1140 1141 1141 1141 1222 1222 1222 1140 1140 1140 1222 1222 1222 1221 1221 1221 1141 1141 1141 1142 1142 1142 1223 1223 1223 1141 1141 1141 1223 1223 1223 1222 1222 1222 1142 1142 1142 1143 1143 1143 1224 1224 1224 1142 1142 1142 1224 1224 1224 1223 1223 1223 1143 1143 1143 1144 1144 1144 1225 1225 1225 1143 1143 1143 1225 1225 1225 1224 1224 1224 1144 1144 1144 1145 1145 1145 1226 1226 1226 1144 1144 1144 1226 1226 1226 1225 1225 1225 1145 1145 1145 1146 1146 1146 1227 1227 1227 1145 1145 1145 1227 1227 1227 1226 1226 1226 1146 1146 1146 1147 1147 1147 1228 1228 1228 1146 1146 1146 1228 1228 1228 1227 1227 1227 1147 1147 1147 1148 1148 1148 1229 1229 1229 1147 1147 1147 1229 1229 1229 1228 1228 1228 1148 1148 1148 1149 1149 1149 1230 1230 1230 1148 1148 1148 1230 1230 1230 1229 1229 1229 1149 1149 1149 1150 1150 1150 1231 1231 1231 1149 1149 1149 1231 1231 1231 1230 1230 1230 1150 1150 1150 1151 1151 1151 1232 1232 1232 1150 1150 1150 1232 1232 1232 1231 1231 1231 1151 1151 1151 1152 1152 1152 1233 1233 1233 1151 1151 1151 1233 1233 1233 1232 1232 1232 1152 1152 1152 1153 1153 1153 1234 1234 1234 1152 1152 1152 1234 1234 1234 1233 1233 1233 1153 1153 1153 1154 1154 1154 1235 1235 1235 1153 1153 1153 1235 1235 1235 1234 1234 1234 1154 1154 1154 1155 1155 1155 1236 1236 1236 1154 1154 1154 1236 1236 1236 1235 1235 1235 1155 1155 1155 1156 1156 1156 1237 1237 1237 1155 1155 1155 1237 1237 1237 1236 1236 1236 1156 1156 1156 1157 1157 1157 1238 1238 1238 1156 1156 1156 1238 1238 1238 1237 1237 1237 1157 1157 1157 1158 1158 1158 1239 1239 1239 1157 1157 1157 1239 1239 1239 1238 1238 1238 1158 1158 1158 1159 1159 1159 1240 1240 1240 1158 1158 1158 1240 1240 1240 1239 1239 1239 1159 1159 1159 1160 1160 1160 1241 1241 1241 1159 1159 1159 1241 1241 1241 1240 1240 1240 1160 1160 1160 1161 1161 1161 1242 1242 1242 1160 1160 1160 1242 1242 1242 1241 1241 1241 1161 1161 1161 1162 1162 1162 1243 1243 1243 1161 1161 1161 1243 1243 1243 1242 1242 1242 1162 1162 1162 1163 1163 1163 1244 1244 1244 1162 1162 1162 1244 1244 1244 1243 1243 1243 1163 1163 1163 1164 1164 1164 1245 1245 1245 1163 1163 1163 1245 1245 1245 1244 1244 1244 1164 1164 1164 1165 1165 1165 1246 1246 1246 1164 1164 1164 1246 1246 1246 1245 1245 1245 1165 1165 1165 1166 1166 1166 1247 1247 1247 1165 1165 1165 1247 1247 1247 1246 1246 1246 1166 1166 1166 1167 1167 1167 1248 1248 1248 1166 1166 1166 1248 1248 1248 1247 1247 1247 1167 1167 1167 1168 1168 1168 1249 1249 1249 1167 1167 1167 1249 1249 1249 1248 1248 1248 1168 1168 1168 1169 1169 1169 1250 1250 1250 1168 1168 1168 1250 1250 1250 1249 1249 1249 1169 1169 1169 1170 1170 1170 1251 1251 1251 1169 1169 1169 1251 1251 1251 1250 1250 1250 1170 1170 1170 1171 1171 1171 1252 1252 1252 1170 1170 1170 1252 1252 1252 1251 1251 1251 1171 1171 1171 1172 1172 1172 1253 1253 1253 1171 1171 1171 1253 1253 1253 1252 1252 1252 1172 1172 1172 1173 1173 1173 1254 1254 1254 1172 1172 1172 1254 1254 1254 1253 1253 1253 1173 1173 1173 1174 1174 1174 1255 1255 1255 1173 1173 1173 1255 1255 1255 1254 1254 1254 1174 1174 1174 1175 1175 1175 1256 1256 1256 1174 1174 1174 1256 1256 1256 1255 1255 1255 1175 1175 1175 1176 1176 1176 1257 1257 1257 1175 1175 1175 1257 1257 1257 1256 1256 1256 1176 1176 1176 1177 1177 1177 1258 1258 1258 1176 1176 1176 1258 1258 1258 1257 1257 1257 1177 1177 1177 1178 1178 1178 1259 1259 1259 1177 1177 1177 1259 1259 1259 1258 1258 1258 1178 1178 1178 1179 1179 1179 1260 1260 1260 1178 1178 1178 1260 1260 1260 1259 1259 1259 1179 1179 1179 1180 1180 1180 1261 1261 1261 1179 1179 1179 1261 1261 1261 1260 1260 1260 1180 1180 1180 1181 1181 1181 1262 1262 1262 1180 1180 1180 1262 1262 1262 1261 1261 1261 1181 1181 1181 1182 1182 1182 1263 1263 1263 1181 1181 1181 1263 1263 1263 1262 1262 1262 1182 1182 1182 1183 1183 1183 1264 1264 1264 1182 1182 1182 1264 1264 1264 1263 1263 1263 1183 1183 1183 1184 1184 1184 1265 1265 1265 1183 1183 1183 1265 1265 1265 1264 1264 1264 1184 1184 1184 1185 1185 1185 1266 1266 1266 1184 1184 1184 1266 1266 1266 1265 1265 1265 1185 1185 1185 1186 1186 1186 1267 1267 1267 1185 1185 1185 1267 1267 1267 1266 1266 1266 1186 1186 1186 1187 1187 1187 1268 1268 1268 1186 1186 1186 1268 1268 1268 1267 1267 1267 1187 1187 1187 1188 1188 1188 1269 1269 1269 1187 1187 1187 1269 1269 1269 1268 1268 1268 1188 1188 1188 1189 1189 1189 1270 1270 1270 1188 1188 1188 1270 1270 1270 1269 1269 1269 1189 1189 1189 1190 1190 1190 1271 1271 1271 1189 1189 1189 1271 1271 1271 1270 1270 1270 1190 1190 1190 1191 1191 1191 1272 1272 1272 1190 1190 1190 1272 1272 1272 1271 1271 1271 1191 1191 1191 1192 1192 1192 1273 1273 1273 1191 1191 1191 1273 1273 1273 1272 1272 1272 1192 1192 1192 1193 1193 1193 1274 1274 1274 1192 1192 1192 1274 1274 1274 1273 1273 1273 1193 1193 1193 1194 1194 1194 1275 1275 1275 1193 1193 1193 1275 1275 1275 1274 1274 1274 1194 1194 1194 1195 1195 1195 1276 1276 1276 1194 1194 1194 1276 1276 1276 1275 1275 1275 1195 1195 1195 1196 1196 1196 1277 1277 1277 1195 1195 1195 1277 1277 1277 1276 1276 1276 1196 1196 1196 1197 1197 1197 1278 1278 1278 1196 1196 1196 1278 1278 1278 1277 1277 1277 1197 1197 1197 1198 1198 1198 1279 1279 1279 1197 1197 1197 1279 1279 1279 1278 1278 1278 1198 1198 1198 1199 1199 1199 1280 1280 1280 1198 1198 1198 1280 1280 1280 1279 1279 1279 1199 1199 1199 1200 1200 1200 1281 1281 1281 1199 1199 1199 1281 1281 1281 1280 1280 1280 1200 1200 1200 1201 1201 1201 1282 1282 1282 1200 1200 1200 1282 1282 1282 1281 1281 1281 1201 1201 1201 1202 1202 1202 1283 1283 1283 1201 1201 1201 1283 1283 1283 1282 1282 1282 1202 1202 1202 1203 1203 1203 1284 1284 1284 1202 1202 1202 1284 1284 1284 1283 1283 1283 1203 1203 1203 1204 1204 1204 1285 1285 1285 1203 1203 1203 1285 1285 1285 1284 1284 1284 1204 1204 1204 1205 1205 1205 1286 1286 1286 1204 1204 1204 1286 1286 1286 1285 1285 1285 1205 1205 1205 1206 1206 1206 1287 1287 1287 1205 1205 1205 1287 1287 1287 1286 1286 1286 1206 1206 1206 1207 1207 1207 1288 1288 1288 1206 1206 1206 1288 1288 1288 1287 1287 1287 1207 1207 1207 1208 1208 1208 1289 1289 1289 1207 1207 1207 1289 1289 1289 1288 1288 1288 1208 1208 1208 1209 1209 1209 1290 1290 1290 1208 1208 1208 1290 1290 1290 1289 1289 1289 1209 1209 1209 1210 1210 1210 1291 1291 1291 1209 1209 1209 1291 1291 1291 1290 1290 1290 1210 1210 1210 1211 1211 1211 1292 1292 1292 1210 1210 1210 1292 1292 1292 1291 1291 1291 1211 1211 1211 1212 1212 1212 1293 1293 1293 1211 1211 1211 1293 1293 1293 1292 1292 1292 1212 1212 1212 1213 1213 1213 1294 1294 1294 1212 1212 1212 1294 1294 1294 1293 1293 1293 1213 1213 1213 1214 1214 1214 1295 1295 1295 1213 1213 1213 1295 1295 1295 1294 1294 1294 1215 1215 1215 1216 1216 1216 1297 1297 1297 1215 1215 1215 1297 1297 1297 1296 1296 1296 1216 1216 1216 1217 1217 1217 1298 1298 1298 1216 1216 1216 1298 1298 1298 1297 1297 1297 1217 1217 1217 1218 1218 1218 1299 1299 1299 1217 1217 1217 1299 1299 1299 1298 1298 1298 1218 1218 1218 1219 1219 1219 1300 1300 1300 1218 1218 1218 1300 1300 1300 1299 1299 1299 1219 1219 1219 1220 1220 1220 1301 1301 1301 1219 1219 1219 1301 1301 1301 1300 1300 1300 1220 1220 1220 1221 1221 1221 1302 1302 1302 1220 1220 1220 1302 1302 1302 1301 1301 1301 1221 1221 1221 1222 1222 1222 1303 1303 1303 1221 1221 1221 1303 1303 1303 1302 1302 1302 1222 1222 1222 1223 1223 1223 1304 1304 1304 1222 1222 1222 1304 1304 1304 1303 1303 1303 1223 1223 1223 1224 1224 1224 1305 1305 1305 1223 1223 1223 1305 1305 1305 1304 1304 1304 1224 1224 1224 1225 1225 1225 1306 1306 1306 1224 1224 1224 1306 1306 1306 1305 1305 1305 1225 1225 1225 1226 1226 1226 1307 1307 1307 1225 1225 1225 1307 1307 1307 1306 1306 1306 1226 1226 1226 1227 1227 1227 1308 1308 1308 1226 1226 1226 1308 1308 1308 1307 1307 1307 1227 1227 1227 1228 1228 1228 1309 1309 1309 1227 1227 1227 1309 1309 1309 1308 1308 1308 1228 1228 1228 1229 1229 1229 1310 1310 1310 1228 1228 1228 1310 1310 1310 1309 1309 1309 1229 1229 1229 1230 1230 1230 1311 1311 1311 1229 1229 1229 1311 1311 1311 1310 1310 1310 1230 1230 1230 1231 1231 1231 1312 1312 1312 1230 1230 1230 1312 1312 1312 1311 1311 1311 1231 1231 1231 1232 1232 1232 1313 1313 1313 1231 1231 1231 1313 1313 1313 1312 1312 1312 1232 1232 1232 1233 1233 1233 1314 1314 1314 1232 1232 1232 1314 1314 1314 1313 1313 1313 1233 1233 1233 1234 1234 1234 1315 1315 1315 1233 1233 1233 1315 1315 1315 1314 1314 1314 1234 1234 1234 1235 1235 1235 1316 1316 1316 1234 1234 1234 1316 1316 1316 1315 1315 1315 1235 1235 1235 1236 1236 1236 1317 1317 1317 1235 1235 1235 1317 1317 1317 1316 1316 1316 1236 1236 1236 1237 1237 1237 1318 1318 1318 1236 1236 1236 1318 1318 1318 1317 1317 1317 1237 1237 1237 1238 1238 1238 1319 1319 1319 1237 1237 1237 1319 1319 1319 1318 1318 1318 1238 1238 1238 1239 1239 1239 1320 1320 1320 1238 1238 1238 1320 1320 1320 1319 1319 1319 1239 1239 1239 1240 1240 1240 1321 1321 1321 1239 1239 1239 1321 1321 1321 1320 1320 1320 1240 1240 1240 1241 1241 1241 1322 1322 1322 1240 1240 1240 1322 1322 1322 1321 1321 1321 1241 1241 1241 1242 1242 1242 1323 1323 1323 1241 1241 1241 1323 1323 1323 1322 1322 1322 1242 1242 1242 1243 1243 1243 1324 1324 1324 1242 1242 1242 1324 1324 1324 1323 1323 1323 1243 1243 1243 1244 1244 1244 1325 1325 1325 1243 1243 1243 1325 1325 1325 1324 1324 1324 1244 1244 1244 1245 1245 1245 1326 1326 1326 1244 1244 1244 1326 1326 1326 1325 1325 1325 1245 1245 1245 1246 1246 1246 1327 1327 1327 1245 1245 1245 1327 1327 1327 1326 1326 1326 1246 1246 1246 1247 1247 1247 1328 1328 1328 1246 1246 1246 1328 1328 1328 1327 1327 1327 1247 1247 1247 1248 1248 1248 1329 1329 1329 1247 1247 1247 1329 1329 1329 1328 1328 1328 1248 1248 1248 1249 1249 1249 1330 1330 1330 1248 1248 1248 1330 1330 1330 1329 1329 1329 1249 1249 1249 1250 1250 1250 1331 1331 1331 1249 1249 1249 1331 1331 1331 1330 1330 1330 1250 1250 1250 1251 1251 1251 1332 1332 1332 1250 1250 1250 1332 1332 1332 1331 1331 1331 1251 1251 1251 1252 1252 1252 1333 1333 1333 1251 1251 1251 1333 1333 1333 1332 1332 1332 1252 1252 1252 1253 1253 1253 1334 1334 1334 1252 1252 1252 1334 1334 1334 1333 1333 1333 1253 1253 1253 1254 1254 1254 1335 1335 1335 1253 1253 1253 1335 1335 1335 1334 1334 1334 1254 1254 1254 1255 1255 1255 1336 1336 1336 1254 1254 1254 1336 1336 1336 1335 1335 1335 1255 1255 1255 1256 1256 1256 1337 1337 1337 1255 1255 1255 1337 1337 1337 1336 1336 1336 1256 1256 1256 1257 1257 1257 1338 1338 1338 1256 1256 1256 1338 1338 1338 1337 1337 1337 1257 1257 1257 1258 1258 1258 1339 1339 1339 1257 1257 1257 1339 1339 1339 1338 1338 1338 1258 1258 1258 1259 1259 1259 1340 1340 1340 1258 1258 1258 1340 1340 1340 1339 1339 1339 1259 1259 1259 1260 1260 1260 1341 1341 1341 1259 1259 1259 1341 1341 1341 1340 1340 1340 1260 1260 1260 1261 1261 1261 1342 1342 1342 1260 1260 1260 1342 1342 1342 1341 1341 1341 1261 1261 1261 1262 1262 1262 1343 1343 1343 1261 1261 1261 1343 1343 1343 1342 1342 1342 1262 1262 1262 1263 1263 1263 1344 1344 1344 1262 1262 1262 1344 1344 1344 1343 1343 1343 1263 1263 1263 1264 1264 1264 1345 1345 1345 1263 1263 1263 1345 1345 1345 1344 1344 1344 1264 1264 1264 1265 1265 1265 1346 1346 1346 1264 1264 1264 1346 1346 1346 1345 1345 1345 1265 1265 1265 1266 1266 1266 1347 1347 1347 1265 1265 1265 1347 1347 1347 1346 1346 1346 1266 1266 1266 1267 1267 1267 1348 1348 1348 1266 1266 1266 1348 1348 1348 1347 1347 1347 1267 1267 1267 1268 1268 1268 1349 1349 1349 1267 1267 1267 1349 1349 1349 1348 1348 1348 1268 1268 1268 1269 1269 1269 1350 1350 1350 1268 1268 1268 1350 1350 1350 1349 1349 1349 1269 1269 1269 1270 1270 1270 1351 1351 1351 1269 1269 1269 1351 1351 1351 1350 1350 1350 1270 1270 1270 1271 1271 1271 1352 1352 1352 1270 1270 1270 1352 1352 1352 1351 1351 1351 1271 1271 1271 1272 1272 1272 1353 1353 1353 1271 1271 1271 1353 1353 1353 1352 1352 1352 1272 1272 1272 1273 1273 1273 1354 1354 1354 1272 1272 1272 1354 1354 1354 1353 1353 1353 1273 1273 1273 1274 1274 1274 1355 1355 1355 1273 1273 1273 1355 1355 1355 1354 1354 1354 1274 1274 1274 1275 1275 1275 1356 1356 1356 1274 1274 1274 1356 1356 1356 1355 1355 1355 1275 1275 1275 1276 1276 1276 1357 1357 1357 1275 1275 1275 1357 1357 1357 1356 1356 1356 1276 1276 1276 1277 1277 1277 1358 1358 1358 1276 1276 1276 1358 1358 1358 1357 1357 1357 1277 1277 1277 1278 1278 1278 1359 1359 1359 1277 1277 1277 1359 1359 1359 1358 1358 1358 1278 1278 1278 1279 1279 1279 1360 1360 1360 1278 1278 1278 1360 1360 1360 1359 1359 1359 1279 1279 1279 1280 1280 1280 1361 1361 1361 1279 1279 1279 1361 1361 1361 1360 1360 1360 1280 1280 1280 1281 1281 1281 1362 1362 1362 1280 1280 1280 1362 1362 1362 1361 1361 1361 1281 1281 1281 1282 1282 1282 1363 1363 1363 1281 1281 1281 1363 1363 1363 1362 1362 1362 1282 1282 1282 1283 1283 1283 1364 1364 1364 1282 1282 1282 1364 1364 1364 1363 1363 1363 1283 1283 1283 1284 1284 1284 1365 1365 1365 1283 1283 1283 1365 1365 1365 1364 1364 1364 1284 1284 1284 1285 1285 1285 1366 1366 1366 1284 1284 1284 1366 1366 1366 1365 1365 1365 1285 1285 1285 1286 1286 1286 1367 1367 1367 1285 1285 1285 1367 1367 1367 1366 1366 1366 1286 1286 1286 1287 1287 1287 1368 1368 1368 1286 1286 1286 1368 1368 1368 1367 1367 1367 1287 1287 1287 1288 1288 1288 1369 1369 1369 1287 1287 1287 1369 1369 1369 1368 1368 1368 1288 1288 1288 1289 1289 1289 1370 1370 1370 1288 1288 1288 1370 1370 1370 1369 1369 1369 1289 1289 1289 1290 1290 1290 1371 1371 1371 1289 1289 1289 1371 1371 1371 1370 1370 1370 1290 1290 1290 1291 1291 1291 1372 1372 1372 1290 1290 1290 1372 1372 1372 1371 1371 1371 1291 1291 1291 1292 1292 1292 1373 1373 1373 1291 1291 1291 1373 1373 1373 1372 1372 1372 1292 1292 1292 1293 1293 1293 1374 1374 1374 1292 1292 1292 1374 1374 1374 1373 1373 1373 1293 1293 1293 1294 1294 1294 1375 1375 1375 1293 1293 1293 1375 1375 1375 1374 1374 1374 1294 1294 1294 1295 1295 1295 1376 1376 1376 1294 1294 1294 1376 1376 1376 1375 1375 1375 1296 1296 1296 1297 1297 1297 1378 1378 1378 1296 1296 1296 1378 1378 1378 1377 1377 1377 1297 1297 1297 1298 1298 1298 1379 1379 1379 1297 1297 1297 1379 1379 1379 1378 1378 1378 1298 1298 1298 1299 1299 1299 1380 1380 1380 1298 1298 1298 1380 1380 1380 1379 1379 1379 1299 1299 1299 1300 1300 1300 1381 1381 1381 1299 1299 1299 1381 1381 1381 1380 1380 1380 1300 1300 1300 1301 1301 1301 1382 1382 1382 1300 1300 1300 1382 1382 1382 1381 1381 1381 1301 1301 1301 1302 1302 1302 1383 1383 1383 1301 1301 1301 1383 1383 1383 1382 1382 1382 1302 1302 1302 1303 1303 1303 1384 1384 1384 1302 1302 1302 1384 1384 1384 1383 1383 1383 1303 1303 1303 1304 1304 1304 1385 1385 1385 1303 1303 1303 1385 1385 1385 1384 1384 1384 1304 1304 1304 1305 1305 1305 1386 1386 1386 1304 1304 1304 1386 1386 1386 1385 1385 1385 1305 1305 1305 1306 1306 1306 1387 1387 1387 1305 1305 1305 1387 1387 1387 1386 1386 1386 1306 1306 1306 1307 1307 1307 1388 1388 1388 1306 1306 1306 1388 1388 1388 1387 1387 1387 1307 1307 1307 1308 1308 1308 1389 1389 1389 1307 1307 1307 1389 1389 1389 1388 1388 1388 1308 1308 1308 1309 1309 1309 1390 1390 1390 1308 1308 1308 1390 1390 1390 1389 1389 1389 1309 1309 1309 1310 1310 1310 1391 1391 1391 1309 1309 1309 1391 1391 1391 1390 1390 1390 1310 1310 1310 1311 1311 1311 1392 1392 1392 1310 1310 1310 1392 1392 1392 1391 1391 1391 1311 1311 1311 1312 1312 1312 1393 1393 1393 1311 1311 1311 1393 1393 1393 1392 1392 1392 1312 1312 1312 1313 1313 1313 1394 1394 1394 1312 1312 1312 1394 1394 1394 1393 1393 1393 1313 1313 1313 1314 1314 1314 1395 1395 1395 1313 1313 1313 1395 1395 1395 1394 1394 1394 1314 1314 1314 1315 1315 1315 1396 1396 1396 1314 1314 1314 1396 1396 1396 1395 1395 1395 1315 1315 1315 1316 1316 1316 1397 1397 1397 1315 1315 1315 1397 1397 1397 1396 1396 1396 1316 1316 1316 1317 1317 1317 1398 1398 1398 1316 1316 1316 1398 1398 1398 1397 1397 1397 1317 1317 1317 1318 1318 1318 1399 1399 1399 1317 1317 1317 1399 1399 1399 1398 1398 1398 1318 1318 1318 1319 1319 1319 1400 1400 1400 1318 1318 1318 1400 1400 1400 1399 1399 1399 1319 1319 1319 1320 1320 1320 1401 1401 1401 1319 1319 1319 1401 1401 1401 1400 1400 1400 1320 1320 1320 1321 1321 1321 1402 1402 1402 1320 1320 1320 1402 1402 1402 1401 1401 1401 1321 1321 1321 1322 1322 1322 1403 1403 1403 1321 1321 1321 1403 1403 1403 1402 1402 1402 1322 1322 1322 1323 1323 1323 1404 1404 1404 1322 1322 1322 1404 1404 1404 1403 1403 1403 1323 1323 1323 1324 1324 1324 1405 1405 1405 1323 1323 1323 1405 1405 1405 1404 1404 1404 1324 1324 1324 1325 1325 1325 1406 1406 1406 1324 1324 1324 1406 1406 1406 1405 1405 1405 1325 1325 1325 1326 1326 1326 1407 1407 1407 1325 1325 1325 1407 1407 1407 1406 1406 1406 1326 1326 1326 1327 1327 1327 1408 1408 1408 1326 1326 1326 1408 1408 1408 1407 1407 1407 1327 1327 1327 1328 1328 1328 1409 1409 1409 1327 1327 1327 1409 1409 1409 1408 1408 1408 1328 1328 1328 1329 1329 1329 1410 1410 1410 1328 1328 1328 1410 1410 1410 1409 1409 1409 1329 1329 1329 1330 1330 1330 1411 1411 1411 1329 1329 1329 1411 1411 1411 1410 1410 1410 1330 1330 1330 1331 1331 1331 1412 1412 1412 1330 1330 1330 1412 1412 1412 1411 1411 1411 1331 1331 1331 1332 1332 1332 1413 1413 1413 1331 1331 1331 1413 1413 1413 1412 1412 1412 1332 1332 1332 1333 1333 1333 1414 1414 1414 1332 1332 1332 1414 1414 1414 1413 1413 1413 1333 1333 1333 1334 1334 1334 1415 1415 1415 1333 1333 1333 1415 1415 1415 1414 1414 1414 1334 1334 1334 1335 1335 1335 1416 1416 1416 1334 1334 1334 1416 1416 1416 1415 1415 1415 1335 1335 1335 1336 1336 1336 1417 1417 1417 1335 1335 1335 1417 1417 1417 1416 1416 1416 1336 1336 1336 1337 1337 1337 1418 1418 1418 1336 1336 1336 1418 1418 1418 1417 1417 1417 1337 1337 1337 1338 1338 1338 1419 1419 1419 1337 1337 1337 1419 1419 1419 1418 1418 1418 1338 1338 1338 1339 1339 1339 1420 1420 1420 1338 1338 1338 1420 1420 1420 1419 1419 1419 1339 1339 1339 1340 1340 1340 1421 1421 1421 1339 1339 1339 1421 1421 1421 1420 1420 1420 1340 1340 1340 1341 1341 1341 1422 1422 1422 1340 1340 1340 1422 1422 1422 1421 1421 1421 1341 1341 1341 1342 1342 1342 1423 1423 1423 1341 1341 1341 1423 1423 1423 1422 1422 1422 1342 1342 1342 1343 1343 1343 1424 1424 1424 1342 1342 1342 1424 1424 1424 1423 1423 1423 1343 1343 1343 1344 1344 1344 1425 1425 1425 1343 1343 1343 1425 1425 1425 1424 1424 1424 1344 1344 1344 1345 1345 1345 1426 1426 1426 1344 1344 1344 1426 1426 1426 1425 1425 1425 1345 1345 1345 1346 1346 1346 1427 1427 1427 1345 1345 1345 1427 1427 1427 1426 1426 1426 1346 1346 1346 1347 1347 1347 1428 1428 1428 1346 1346 1346 1428 1428 1428 1427 1427 1427 1347 1347 1347 1348 1348 1348 1429 1429 1429 1347 1347 1347 1429 1429 1429 1428 1428 1428 1348 1348 1348 1349 1349 1349 1430 1430 1430 1348 1348 1348 1430 1430 1430 1429 1429 1429 1349 1349 1349 1350 1350 1350 1431 1431 1431 1349 1349 1349 1431 1431 1431 1430 1430 1430 1350 1350 1350 1351 1351 1351 1432 1432 1432 1350 1350 1350 1432 1432 1432 1431 1431 1431 1351 1351 1351 1352 1352 1352 1433 1433 1433 1351 1351 1351 1433 1433 1433 1432 1432 1432 1352 1352 1352 1353 1353 1353 1434 1434 1434 1352 1352 1352 1434 1434 1434 1433 1433 1433 1353 1353 1353 1354 1354 1354 1435 1435 1435 1353 1353 1353 1435 1435 1435 1434 1434 1434 1354 1354 1354 1355 1355 1355 1436 1436 1436 1354 1354 1354 1436 1436 1436 1435 1435 1435 1355 1355 1355 1356 1356 1356 1437 1437 1437 1355 1355 1355 1437 1437 1437 1436 1436 1436 1356 1356 1356 1357 1357 1357 1438 1438 1438 1356 1356 1356 1438 1438 1438 1437 1437 1437 1357 1357 1357 1358 1358 1358 1439 1439 1439 1357 1357 1357 1439 1439 1439 1438 1438 1438 1358 1358 1358 1359 1359 1359 1440 1440 1440 1358 1358 1358 1440 1440 1440 1439 1439 1439 1359 1359 1359 1360 1360 1360 1441 1441 1441 1359 1359 1359 1441 1441 1441 1440 1440 1440 1360 1360 1360 1361 1361 1361 1442 1442 1442 1360 1360 1360 1442 1442 1442 1441 1441 1441 1361 1361 1361 1362 1362 1362 1443 1443 1443 1361 1361 1361 1443 1443 1443 1442 1442 1442 1362 1362 1362 1363 1363 1363 1444 1444 1444 1362 1362 1362 1444 1444 1444 1443 1443 1443 1363 1363 1363 1364 1364 1364 1445 1445 1445 1363 1363 1363 1445 1445 1445 1444 1444 1444 1364 1364 1364 1365 1365 1365 1446 1446 1446 1364 1364 1364 1446 1446 1446 1445 1445 1445 1365 1365 1365 1366 1366 1366 1447 1447 1447 1365 1365 1365 1447 1447 1447 1446 1446 1446 1366 1366 1366 1367 1367 1367 1448 1448 1448 1366 1366 1366 1448 1448 1448 1447 1447 1447 1367 1367 1367 1368 1368 1368 1449 1449 1449 1367 1367 1367 1449 1449 1449 1448 1448 1448 1368 1368 1368 1369 1369 1369 1450 1450 1450 1368 1368 1368 1450 1450 1450 1449 1449 1449 1369 1369 1369 1370 1370 1370 1451 1451 1451 1369 1369 1369 1451 1451 1451 1450 1450 1450 1370 1370 1370 1371 1371 1371 1452 1452 1452 1370 1370 1370 1452 1452 1452 1451 1451 1451 1371 1371 1371 1372 1372 1372 1453 1453 1453 1371 1371 1371 1453 1453 1453 1452 1452 1452 1372 1372 1372 1373 1373 1373 1454 1454 1454 1372 1372 1372 1454 1454 1454 1453 1453 1453 1373 1373 1373 1374 1374 1374 1455 1455 1455 1373 1373 1373 1455 1455 1455 1454 1454 1454 1374 1374 1374 1375 1375 1375 1456 1456 1456 1374 1374 1374 1456 1456 1456 1455 1455 1455 1375 1375 1375 1376 1376 1376 1457 1457 1457 1375 1375 1375 1457 1457 1457 1456 1456 1456 1377 1377 1377 1378 1378 1378 1459 1459 1459 1377 1377 1377 1459 1459 1459 1458 1458 1458 1378 1378 1378 1379 1379 1379 1460 1460 1460 1378 1378 1378 1460 1460 1460 1459 1459 1459 1379 1379 1379 1380 1380 1380 1461 1461 1461 1379 1379 1379 1461 1461 1461 1460 1460 1460 1380 1380 1380 1381 1381 1381 1462 1462 1462 1380 1380 1380 1462 1462 1462 1461 1461 1461 1381 1381 1381 1382 1382 1382 1463 1463 1463 1381 1381 1381 1463 1463 1463 1462 1462 1462 1382 1382 1382 1383 1383 1383 1464 1464 1464 1382 1382 1382 1464 1464 1464 1463 1463 1463 1383 1383 1383 1384 1384 1384 1465 1465 1465 1383 1383 1383 1465 1465 1465 1464 1464 1464 1384 1384 1384 1385 1385 1385 1466 1466 1466 1384 1384 1384 1466 1466 1466 1465 1465 1465 1385 1385 1385 1386 1386 1386 1467 1467 1467 1385 1385 1385 1467 1467 1467 1466 1466 1466 1386 1386 1386 1387 1387 1387 1468 1468 1468 1386 1386 1386 1468 1468 1468 1467 1467 1467 1387 1387 1387 1388 1388 1388 1469 1469 1469 1387 1387 1387 1469 1469 1469 1468 1468 1468 1388 1388 1388 1389 1389 1389 1470 1470 1470 1388 1388 1388 1470 1470 1470 1469 1469 1469 1389 1389 1389 1390 1390 1390 1471 1471 1471 1389 1389 1389 1471 1471 1471 1470 1470 1470 1390 1390 1390 1391 1391 1391 1472 1472 1472 1390 1390 1390 1472 1472 1472 1471 1471 1471 1391 1391 1391 1392 1392 1392 1473 1473 1473 1391 1391 1391 1473 1473 1473 1472 1472 1472 1392 1392 1392 1393 1393 1393 1474 1474 1474 1392 1392 1392 1474 1474 1474 1473 1473 1473 1393 1393 1393 1394 1394 1394 1475 1475 1475 1393 1393 1393 1475 1475 1475 1474 1474 1474 1394 1394 1394 1395 1395 1395 1476 1476 1476 1394 1394 1394 1476 1476 1476 1475 1475 1475 1395 1395 1395 1396 1396 1396 1477 1477 1477 1395 1395 1395 1477 1477 1477 1476 1476 1476 1396 1396 1396 1397 1397 1397 1478 1478 1478 1396 1396 1396 1478 1478 1478 1477 1477 1477 1397 1397 1397 1398 1398 1398 1479 1479 1479 1397 1397 1397 1479 1479 1479 1478 1478 1478 1398 1398 1398 1399 1399 1399 1480 1480 1480 1398 1398 1398 1480 1480 1480 1479 1479 1479 1399 1399 1399 1400 1400 1400 1481 1481 1481 1399 1399 1399 1481 1481 1481 1480 1480 1480 1400 1400 1400 1401 1401 1401 1482 1482 1482 1400 1400 1400 1482 1482 1482 1481 1481 1481 1401 1401 1401 1402 1402 1402 1483 1483 1483 1401 1401 1401 1483 1483 1483 1482 1482 1482 1402 1402 1402 1403 1403 1403 1484 1484 1484 1402 1402 1402 1484 1484 1484 1483 1483 1483 1403 1403 1403 1404 1404 1404 1485 1485 1485 1403 1403 1403 1485 1485 1485 1484 1484 1484 1404 1404 1404 1405 1405 1405 1486 1486 1486 1404 1404 1404 1486 1486 1486 1485 1485 1485 1405 1405 1405 1406 1406 1406 1487 1487 1487 1405 1405 1405 1487 1487 1487 1486 1486 1486 1406 1406 1406 1407 1407 1407 1488 1488 1488 1406 1406 1406 1488 1488 1488 1487 1487 1487 1407 1407 1407 1408 1408 1408 1489 1489 1489 1407 1407 1407 1489 1489 1489 1488 1488 1488 1408 1408 1408 1409 1409 1409 1490 1490 1490 1408 1408 1408 1490 1490 1490 1489 1489 1489 1409 1409 1409 1410 1410 1410 1491 1491 1491 1409 1409 1409 1491 1491 1491 1490 1490 1490 1410 1410 1410 1411 1411 1411 1492 1492 1492 1410 1410 1410 1492 1492 1492 1491 1491 1491 1411 1411 1411 1412 1412 1412 1493 1493 1493 1411 1411 1411 1493 1493 1493 1492 1492 1492 1412 1412 1412 1413 1413 1413 1494 1494 1494 1412 1412 1412 1494 1494 1494 1493 1493 1493 1413 1413 1413 1414 1414 1414 1495 1495 1495 1413 1413 1413 1495 1495 1495 1494 1494 1494 1414 1414 1414 1415 1415 1415 1496 1496 1496 1414 1414 1414 1496 1496 1496 1495 1495 1495 1415 1415 1415 1416 1416 1416 1497 1497 1497 1415 1415 1415 1497 1497 1497 1496 1496 1496 1416 1416 1416 1417 1417 1417 1498 1498 1498 1416 1416 1416 1498 1498 1498 1497 1497 1497 1417 1417 1417 1418 1418 1418 1499 1499 1499 1417 1417 1417 1499 1499 1499 1498 1498 1498 1418 1418 1418 1419 1419 1419 1500 1500 1500 1418 1418 1418 1500 1500 1500 1499 1499 1499 1419 1419 1419 1420 1420 1420 1501 1501 1501 1419 1419 1419 1501 1501 1501 1500 1500 1500 1420 1420 1420 1421 1421 1421 1502 1502 1502 1420 1420 1420 1502 1502 1502 1501 1501 1501 1421 1421 1421 1422 1422 1422 1503 1503 1503 1421 1421 1421 1503 1503 1503 1502 1502 1502 1422 1422 1422 1423 1423 1423 1504 1504 1504 1422 1422 1422 1504 1504 1504 1503 1503 1503 1423 1423 1423 1424 1424 1424 1505 1505 1505 1423 1423 1423 1505 1505 1505 1504 1504 1504 1424 1424 1424 1425 1425 1425 1506 1506 1506 1424 1424 1424 1506 1506 1506 1505 1505 1505 1425 1425 1425 1426 1426 1426 1507 1507 1507 1425 1425 1425 1507 1507 1507 1506 1506 1506 1426 1426 1426 1427 1427 1427 1508 1508 1508 1426 1426 1426 1508 1508 1508 1507 1507 1507 1427 1427 1427 1428 1428 1428 1509 1509 1509 1427 1427 1427 1509 1509 1509 1508 1508 1508 1428 1428 1428 1429 1429 1429 1510 1510 1510 1428 1428 1428 1510 1510 1510 1509 1509 1509 1429 1429 1429 1430 1430 1430 1511 1511 1511 1429 1429 1429 1511 1511 1511 1510 1510 1510 1430 1430 1430 1431 1431 1431 1512 1512 1512 1430 1430 1430 1512 1512 1512 1511 1511 1511 1431 1431 1431 1432 1432 1432 1513 1513 1513 1431 1431 1431 1513 1513 1513 1512 1512 1512 1432 1432 1432 1433 1433 1433 1514 1514 1514 1432 1432 1432 1514 1514 1514 1513 1513 1513 1433 1433 1433 1434 1434 1434 1515 1515 1515 1433 1433 1433 1515 1515 1515 1514 1514 1514 1434 1434 1434 1435 1435 1435 1516 1516 1516 1434 1434 1434 1516 1516 1516 1515 1515 1515 1435 1435 1435 1436 1436 1436 1517 1517 1517 1435 1435 1435 1517 1517 1517 1516 1516 1516 1436 1436 1436 1437 1437 1437 1518 1518 1518 1436 1436 1436 1518 1518 1518 1517 1517 1517 1437 1437 1437 1438 1438 1438 1519 1519 1519 1437 1437 1437 1519 1519 1519 1518 1518 1518 1438 1438 1438 1439 1439 1439 1520 1520 1520 1438 1438 1438 1520 1520 1520 1519 1519 1519 1439 1439 1439 1440 1440 1440 1521 1521 1521 1439 1439 1439 1521 1521 1521 1520 1520 1520 1440 1440 1440 1441 1441 1441 1522 1522 1522 1440 1440 1440 1522 1522 1522 1521 1521 1521 1441 1441 1441 1442 1442 1442 1523 1523 1523 1441 1441 1441 1523 1523 1523 1522 1522 1522 1442 1442 1442 1443 1443 1443 1524 1524 1524 1442 1442 1442 1524 1524 1524 1523 1523 1523 1443 1443 1443 1444 1444 1444 1525 1525 1525 1443 1443 1443 1525 1525 1525 1524 1524 1524 1444 1444 1444 1445 1445 1445 1526 1526 1526 1444 1444 1444 1526 1526 1526 1525 1525 1525 1445 1445 1445 1446 1446 1446 1527 1527 1527 1445 1445 1445 1527 1527 1527 1526 1526 1526 1446 1446 1446 1447 1447 1447 1528 1528 1528 1446 1446 1446 1528 1528 1528 1527 1527 1527 1447 1447 1447 1448 1448 1448 1529 1529 1529 1447 1447 1447 1529 1529 1529 1528 1528 1528 1448 1448 1448 1449 1449 1449 1530 1530 1530 1448 1448 1448 1530 1530 1530 1529 1529 1529 1449 1449 1449 1450 1450 1450 1531 1531 1531 1449 1449 1449 1531 1531 1531 1530 1530 1530 1450 1450 1450 1451 1451 1451 1532 1532 1532 1450 1450 1450 1532 1532 1532 1531 1531 1531 1451 1451 1451 1452 1452 1452 1533 1533 1533 1451 1451 1451 1533 1533 1533 1532 1532 1532 1452 1452 1452 1453 1453 1453 1534 1534 1534 1452 1452 1452 1534 1534 1534 1533 1533 1533 1453 1453 1453 1454 1454 1454 1535 1535 1535 1453 1453 1453 1535 1535 1535 1534 1534 1534 1454 1454 1454 1455 1455 1455 1536 1536 1536 1454 1454 1454 1536 1536 1536 1535 1535 1535 1455 1455 1455 1456 1456 1456 1537 1537 1537 1455 1455 1455 1537 1537 1537 1536 1536 1536 1456 1456 1456 1457 1457 1457 1538 1538 1538 1456 1456 1456 1538 1538 1538 1537 1537 1537 1458 1458 1458 1459 1459 1459 1540 1540 1540 1458 1458 1458 1540 1540 1540 1539 1539 1539 1459 1459 1459 1460 1460 1460 1541 1541 1541 1459 1459 1459 1541 1541 1541 1540 1540 1540 1460 1460 1460 1461 1461 1461 1542 1542 1542 1460 1460 1460 1542 1542 1542 1541 1541 1541 1461 1461 1461 1462 1462 1462 1543 1543 1543 1461 1461 1461 1543 1543 1543 1542 1542 1542 1462 1462 1462 1463 1463 1463 1544 1544 1544 1462 1462 1462 1544 1544 1544 1543 1543 1543 1463 1463 1463 1464 1464 1464 1545 1545 1545 1463 1463 1463 1545 1545 1545 1544 1544 1544 1464 1464 1464 1465 1465 1465 1546 1546 1546 1464 1464 1464 1546 1546 1546 1545 1545 1545 1465 1465 1465 1466 1466 1466 1547 1547 1547 1465 1465 1465 1547 1547 1547 1546 1546 1546 1466 1466 1466 1467 1467 1467 1548 1548 1548 1466 1466 1466 1548 1548 1548 1547 1547 1547 1467 1467 1467 1468 1468 1468 1549 1549 1549 1467 1467 1467 1549 1549 1549 1548 1548 1548 1468 1468 1468 1469 1469 1469 1550 1550 1550 1468 1468 1468 1550 1550 1550 1549 1549 1549 1469 1469 1469 1470 1470 1470 1551 1551 1551 1469 1469 1469 1551 1551 1551 1550 1550 1550 1470 1470 1470 1471 1471 1471 1552 1552 1552 1470 1470 1470 1552 1552 1552 1551 1551 1551 1471 1471 1471 1472 1472 1472 1553 1553 1553 1471 1471 1471 1553 1553 1553 1552 1552 1552 1472 1472 1472 1473 1473 1473 1554 1554 1554 1472 1472 1472 1554 1554 1554 1553 1553 1553 1473 1473 1473 1474 1474 1474 1555 1555 1555 1473 1473 1473 1555 1555 1555 1554 1554 1554 1474 1474 1474 1475 1475 1475 1556 1556 1556 1474 1474 1474 1556 1556 1556 1555 1555 1555 1475 1475 1475 1476 1476 1476 1557 1557 1557 1475 1475 1475 1557 1557 1557 1556 1556 1556 1476 1476 1476 1477 1477 1477 1558 1558 1558 1476 1476 1476 1558 1558 1558 1557 1557 1557 1477 1477 1477 1478 1478 1478 1559 1559 1559 1477 1477 1477 1559 1559 1559 1558 1558 1558 1478 1478 1478 1479 1479 1479 1560 1560 1560 1478 1478 1478 1560 1560 1560 1559 1559 1559 1479 1479 1479 1480 1480 1480 1561 1561 1561 1479 1479 1479 1561 1561 1561 1560 1560 1560 1480 1480 1480 1481 1481 1481 1562 1562 1562 1480 1480 1480 1562 1562 1562 1561 1561 1561 1481 1481 1481 1482 1482 1482 1563 1563 1563 1481 1481 1481 1563 1563 1563 1562 1562 1562 1482 1482 1482 1483 1483 1483 1564 1564 1564 1482 1482 1482 1564 1564 1564 1563 1563 1563 1483 1483 1483 1484 1484 1484 1565 1565 1565 1483 1483 1483 1565 1565 1565 1564 1564 1564 1484 1484 1484 1485 1485 1485 1566 1566 1566 1484 1484 1484 1566 1566 1566 1565 1565 1565 1485 1485 1485 1486 1486 1486 1567 1567 1567 1485 1485 1485 1567 1567 1567 1566 1566 1566 1486 1486 1486 1487 1487 1487 1568 1568 1568 1486 1486 1486 1568 1568 1568 1567 1567 1567 1487 1487 1487 1488 1488 1488 1569 1569 1569 1487 1487 1487 1569 1569 1569 1568 1568 1568 1488 1488 1488 1489 1489 1489 1570 1570 1570 1488 1488 1488 1570 1570 1570 1569 1569 1569 1489 1489 1489 1490 1490 1490 1571 1571 1571 1489 1489 1489 1571 1571 1571 1570 1570 1570 1490 1490 1490 1491 1491 1491 1572 1572 1572 1490 1490 1490 1572 1572 1572 1571 1571 1571 1491 1491 1491 1492 1492 1492 1573 1573 1573 1491 1491 1491 1573 1573 1573 1572 1572 1572 1492 1492 1492 1493 1493 1493 1574 1574 1574 1492 1492 1492 1574 1574 1574 1573 1573 1573 1493 1493 1493 1494 1494 1494 1575 1575 1575 1493 1493 1493 1575 1575 1575 1574 1574 1574 1494 1494 1494 1495 1495 1495 1576 1576 1576 1494 1494 1494 1576 1576 1576 1575 1575 1575 1495 1495 1495 1496 1496 1496 1577 1577 1577 1495 1495 1495 1577 1577 1577 1576 1576 1576 1496 1496 1496 1497 1497 1497 1578 1578 1578 1496 1496 1496 1578 1578 1578 1577 1577 1577 1497 1497 1497 1498 1498 1498 1579 1579 1579 1497 1497 1497 1579 1579 1579 1578 1578 1578 1498 1498 1498 1499 1499 1499 1580 1580 1580 1498 1498 1498 1580 1580 1580 1579 1579 1579 1499 1499 1499 1500 1500 1500 1581 1581 1581 1499 1499 1499 1581 1581 1581 1580 1580 1580 1500 1500 1500 1501 1501 1501 1582 1582 1582 1500 1500 1500 1582 1582 1582 1581 1581 1581 1501 1501 1501 1502 1502 1502 1583 1583 1583 1501 1501 1501 1583 1583 1583 1582 1582 1582 1502 1502 1502 1503 1503 1503 1584 1584 1584 1502 1502 1502 1584 1584 1584 1583 1583 1583 1503 1503 1503 1504 1504 1504 1585 1585 1585 1503 1503 1503 1585 1585 1585 1584 1584 1584 1504 1504 1504 1505 1505 1505 1586 1586 1586 1504 1504 1504 1586 1586 1586 1585 1585 1585 1505 1505 1505 1506 1506 1506 1587 1587 1587 1505 1505 1505 1587 1587 1587 1586 1586 1586 1506 1506 1506 1507 1507 1507 1588 1588 1588 1506 1506 1506 1588 1588 1588 1587 1587 1587 1507 1507 1507 1508 1508 1508 1589 1589 1589 1507 1507 1507 1589 1589 1589 1588 1588 1588 1508 1508 1508 1509 1509 1509 1590 1590 1590 1508 1508 1508 1590 1590 1590 1589 1589 1589 1509 1509 1509 1510 1510 1510 1591 1591 1591 1509 1509 1509 1591 1591 1591 1590 1590 1590 1510 1510 1510 1511 1511 1511 1592 1592 1592 1510 1510 1510 1592 1592 1592 1591 1591 1591 1511 1511 1511 1512 1512 1512 1593 1593 1593 1511 1511 1511 1593 1593 1593 1592 1592 1592 1512 1512 1512 1513 1513 1513 1594 1594 1594 1512 1512 1512 1594 1594 1594 1593 1593 1593 1513 1513 1513 1514 1514 1514 1595 1595 1595 1513 1513 1513 1595 1595 1595 1594 1594 1594 1514 1514 1514 1515 1515 1515 1596 1596 1596 1514 1514 1514 1596 1596 1596 1595 1595 1595 1515 1515 1515 1516 1516 1516 1597 1597 1597 1515 1515 1515 1597 1597 1597 1596 1596 1596 1516 1516 1516 1517 1517 1517 1598 1598 1598 1516 1516 1516 1598 1598 1598 1597 1597 1597 1517 1517 1517 1518 1518 1518 1599 1599 1599 1517 1517 1517 1599 1599 1599 1598 1598 1598 1518 1518 1518 1519 1519 1519 1600 1600 1600 1518 1518 1518 1600 1600 1600 1599 1599 1599 1519 1519 1519 1520 1520 1520 1601 1601 1601 1519 1519 1519 1601 1601 1601 1600 1600 1600 1520 1520 1520 1521 1521 1521 1602 1602 1602 1520 1520 1520 1602 1602 1602 1601 1601 1601 1521 1521 1521 1522 1522 1522 1603 1603 1603 1521 1521 1521 1603 1603 1603 1602 1602 1602 1522 1522 1522 1523 1523 1523 1604 1604 1604 1522 1522 1522 1604 1604 1604 1603 1603 1603 1523 1523 1523 1524 1524 1524 1605 1605 1605 1523 1523 1523 1605 1605 1605 1604 1604 1604 1524 1524 1524 1525 1525 1525 1606 1606 1606 1524 1524 1524 1606 1606 1606 1605 1605 1605 1525 1525 1525 1526 1526 1526 1607 1607 1607 1525 1525 1525 1607 1607 1607 1606 1606 1606 1526 1526 1526 1527 1527 1527 1608 1608 1608 1526 1526 1526 1608 1608 1608 1607 1607 1607 1527 1527 1527 1528 1528 1528 1609 1609 1609 1527 1527 1527 1609 1609 1609 1608 1608 1608 1528 1528 1528 1529 1529 1529 1610 1610 1610 1528 1528 1528 1610 1610 1610 1609 1609 1609 1529 1529 1529 1530 1530 1530 1611 1611 1611 1529 1529 1529 1611 1611 1611 1610 1610 1610 1530 1530 1530 1531 1531 1531 1612 1612 1612 1530 1530 1530 1612 1612 1612 1611 1611 1611 1531 1531 1531 1532 1532 1532 1613 1613 1613 1531 1531 1531 1613 1613 1613 1612 1612 1612 1532 1532 1532 1533 1533 1533 1614 1614 1614 1532 1532 1532 1614 1614 1614 1613 1613 1613 1533 1533 1533 1534 1534 1534 1615 1615 1615 1533 1533 1533 1615 1615 1615 1614 1614 1614 1534 1534 1534 1535 1535 1535 1616 1616 1616 1534 1534 1534 1616 1616 1616 1615 1615 1615 1535 1535 1535 1536 1536 1536 1617 1617 1617 1535 1535 1535 1617 1617 1617 1616 1616 1616 1536 1536 1536 1537 1537 1537 1618 1618 1618 1536 1536 1536 1618 1618 1618 1617 1617 1617 1537 1537 1537 1538 1538 1538 1619 1619 1619 1537 1537 1537 1619 1619 1619 1618 1618 1618 1539 1539 1539 1540 1540 1540 1621 1621 1621 1539 1539 1539 1621 1621 1621 1620 1620 1620 1540 1540 1540 1541 1541 1541 1622 1622 1622 1540 1540 1540 1622 1622 1622 1621 1621 1621 1541 1541 1541 1542 1542 1542 1623 1623 1623 1541 1541 1541 1623 1623 1623 1622 1622 1622 1542 1542 1542 1543 1543 1543 1624 1624 1624 1542 1542 1542 1624 1624 1624 1623 1623 1623 1543 1543 1543 1544 1544 1544 1625 1625 1625 1543 1543 1543 1625 1625 1625 1624 1624 1624 1544 1544 1544 1545 1545 1545 1626 1626 1626 1544 1544 1544 1626 1626 1626 1625 1625 1625 1545 1545 1545 1546 1546 1546 1627 1627 1627 1545 1545 1545 1627 1627 1627 1626 1626 1626 1546 1546 1546 1547 1547 1547 1628 1628 1628 1546 1546 1546 1628 1628 1628 1627 1627 1627 1547 1547 1547 1548 1548 1548 1629 1629 1629 1547 1547 1547 1629 1629 1629 1628 1628 1628 1548 1548 1548 1549 1549 1549 1630 1630 1630 1548 1548 1548 1630 1630 1630 1629 1629 1629 1549 1549 1549 1550 1550 1550 1631 1631 1631 1549 1549 1549 1631 1631 1631 1630 1630 1630 1550 1550 1550 1551 1551 1551 1632 1632 1632 1550 1550 1550 1632 1632 1632 1631 1631 1631 1551 1551 1551 1552 1552 1552 1633 1633 1633 1551 1551 1551 1633 1633 1633 1632 1632 1632 1552 1552 1552 1553 1553 1553 1634 1634 1634 1552 1552 1552 1634 1634 1634 1633 1633 1633 1553 1553 1553 1554 1554 1554 1635 1635 1635 1553 1553 1553 1635 1635 1635 1634 1634 1634 1554 1554 1554 1555 1555 1555 1636 1636 1636 1554 1554 1554 1636 1636 1636 1635 1635 1635 1555 1555 1555 1556 1556 1556 1637 1637 1637 1555 1555 1555 1637 1637 1637 1636 1636 1636 1556 1556 1556 1557 1557 1557 1638 1638 1638 1556 1556 1556 1638 1638 1638 1637 1637 1637 1557 1557 1557 1558 1558 1558 1639 1639 1639 1557 1557 1557 1639 1639 1639 1638 1638 1638 1558 1558 1558 1559 1559 1559 1640 1640 1640 1558 1558 1558 1640 1640 1640 1639 1639 1639 1559 1559 1559 1560 1560 1560 1641 1641 1641 1559 1559 1559 1641 1641 1641 1640 1640 1640 1560 1560 1560 1561 1561 1561 1642 1642 1642 1560 1560 1560 1642 1642 1642 1641 1641 1641 1561 1561 1561 1562 1562 1562 1643 1643 1643 1561 1561 1561 1643 1643 1643 1642 1642 1642 1562 1562 1562 1563 1563 1563 1644 1644 1644 1562 1562 1562 1644 1644 1644 1643 1643 1643 1563 1563 1563 1564 1564 1564 1645 1645 1645 1563 1563 1563 1645 1645 1645 1644 1644 1644 1564 1564 1564 1565 1565 1565 1646 1646 1646 1564 1564 1564 1646 1646 1646 1645 1645 1645 1565 1565 1565 1566 1566 1566 1647 1647 1647 1565 1565 1565 1647 1647 1647 1646 1646 1646 1566 1566 1566 1567 1567 1567 1648 1648 1648 1566 1566 1566 1648 1648 1648 1647 1647 1647 1567 1567 1567 1568 1568 1568 1649 1649 1649 1567 1567 1567 1649 1649 1649 1648 1648 1648 1568 1568 1568 1569 1569 1569 1650 1650 1650 1568 1568 1568 1650 1650 1650 1649 1649 1649 1569 1569 1569 1570 1570 1570 1651 1651 1651 1569 1569 1569 1651 1651 1651 1650 1650 1650 1570 1570 1570 1571 1571 1571 1652 1652 1652 1570 1570 1570 1652 1652 1652 1651 1651 1651 1571 1571 1571 1572 1572 1572 1653 1653 1653 1571 1571 1571 1653 1653 1653 1652 1652 1652 1572 1572 1572 1573 1573 1573 1654 1654 1654 1572 1572 1572 1654 1654 1654 1653 1653 1653 1573 1573 1573 1574 1574 1574 1655 1655 1655 1573 1573 1573 1655 1655 1655 1654 1654 1654 1574 1574 1574 1575 1575 1575 1656 1656 1656 1574 1574 1574 1656 1656 1656 1655 1655 1655 1575 1575 1575 1576 1576 1576 1657 1657 1657 1575 1575 1575 1657 1657 1657 1656 1656 1656 1576 1576 1576 1577 1577 1577 1658 1658 1658 1576 1576 1576 1658 1658 1658 1657 1657 1657 1577 1577 1577 1578 1578 1578 1659 1659 1659 1577 1577 1577 1659 1659 1659 1658 1658 1658 1578 1578 1578 1579 1579 1579 1660 1660 1660 1578 1578 1578 1660 1660 1660 1659 1659 1659 1579 1579 1579 1580 1580 1580 1661 1661 1661 1579 1579 1579 1661 1661 1661 1660 1660 1660 1580 1580 1580 1581 1581 1581 1662 1662 1662 1580 1580 1580 1662 1662 1662 1661 1661 1661 1581 1581 1581 1582 1582 1582 1663 1663 1663 1581 1581 1581 1663 1663 1663 1662 1662 1662 1582 1582 1582 1583 1583 1583 1664 1664 1664 1582 1582 1582 1664 1664 1664 1663 1663 1663 1583 1583 1583 1584 1584 1584 1665 1665 1665 1583 1583 1583 1665 1665 1665 1664 1664 1664 1584 1584 1584 1585 1585 1585 1666 1666 1666 1584 1584 1584 1666 1666 1666 1665 1665 1665 1585 1585 1585 1586 1586 1586 1667 1667 1667 1585 1585 1585 1667 1667 1667 1666 1666 1666 1586 1586 1586 1587 1587 1587 1668 1668 1668 1586 1586 1586 1668 1668 1668 1667 1667 1667 1587 1587 1587 1588 1588 1588 1669 1669 1669 1587 1587 1587 1669 1669 1669 1668 1668 1668 1588 1588 1588 1589 1589 1589 1670 1670 1670 1588 1588 1588 1670 1670 1670 1669 1669 1669 1589 1589 1589 1590 1590 1590 1671 1671 1671 1589 1589 1589 1671 1671 1671 1670 1670 1670 1590 1590 1590 1591 1591 1591 1672 1672 1672 1590 1590 1590 1672 1672 1672 1671 1671 1671 1591 1591 1591 1592 1592 1592 1673 1673 1673 1591 1591 1591 1673 1673 1673 1672 1672 1672 1592 1592 1592 1593 1593 1593 1674 1674 1674 1592 1592 1592 1674 1674 1674 1673 1673 1673 1593 1593 1593 1594 1594 1594 1675 1675 1675 1593 1593 1593 1675 1675 1675 1674 1674 1674 1594 1594 1594 1595 1595 1595 1676 1676 1676 1594 1594 1594 1676 1676 1676 1675 1675 1675 1595 1595 1595 1596 1596 1596 1677 1677 1677 1595 1595 1595 1677 1677 1677 1676 1676 1676 1596 1596 1596 1597 1597 1597 1678 1678 1678 1596 1596 1596 1678 1678 1678 1677 1677 1677 1597 1597 1597 1598 1598 1598 1679 1679 1679 1597 1597 1597 1679 1679 1679 1678 1678 1678 1598 1598 1598 1599 1599 1599 1680 1680 1680 1598 1598 1598 1680 1680 1680 1679 1679 1679 1599 1599 1599 1600 1600 1600 1681 1681 1681 1599 1599 1599 1681 1681 1681 1680 1680 1680 1600 1600 1600 1601 1601 1601 1682 1682 1682 1600 1600 1600 1682 1682 1682 1681 1681 1681 1601 1601 1601 1602 1602 1602 1683 1683 1683 1601 1601 1601 1683 1683 1683 1682 1682 1682 1602 1602 1602 1603 1603 1603 1684 1684 1684 1602 1602 1602 1684 1684 1684 1683 1683 1683 1603 1603 1603 1604 1604 1604 1685 1685 1685 1603 1603 1603 1685 1685 1685 1684 1684 1684 1604 1604 1604 1605 1605 1605 1686 1686 1686 1604 1604 1604 1686 1686 1686 1685 1685 1685 1605 1605 1605 1606 1606 1606 1687 1687 1687 1605 1605 1605 1687 1687 1687 1686 1686 1686 1606 1606 1606 1607 1607 1607 1688 1688 1688 1606 1606 1606 1688 1688 1688 1687 1687 1687 1607 1607 1607 1608 1608 1608 1689 1689 1689 1607 1607 1607 1689 1689 1689 1688 1688 1688 1608 1608 1608 1609 1609 1609 1690 1690 1690 1608 1608 1608 1690 1690 1690 1689 1689 1689 1609 1609 1609 1610 1610 1610 1691 1691 1691 1609 1609 1609 1691 1691 1691 1690 1690 1690 1610 1610 1610 1611 1611 1611 1692 1692 1692 1610 1610 1610 1692 1692 1692 1691 1691 1691 1611 1611 1611 1612 1612 1612 1693 1693 1693 1611 1611 1611 1693 1693 1693 1692 1692 1692 1612 1612 1612 1613 1613 1613 1694 1694 1694 1612 1612 1612 1694 1694 1694 1693 1693 1693 1613 1613 1613 1614 1614 1614 1695 1695 1695 1613 1613 1613 1695 1695 1695 1694 1694 1694 1614 1614 1614 1615 1615 1615 1696 1696 1696 1614 1614 1614 1696 1696 1696 1695 1695 1695 1615 1615 1615 1616 1616 1616 1697 1697 1697 1615 1615 1615 1697 1697 1697 1696 1696 1696 1616 1616 1616 1617 1617 1617 1698 1698 1698 1616 1616 1616 1698 1698 1698 1697 1697 1697 1617 1617 1617 1618 1618 1618 1699 1699 1699 1617 1617 1617 1699 1699 1699 1698 1698 1698 1618 1618 1618 1619 1619 1619 1700 1700 1700 1618 1618 1618 1700 1700 1700 1699 1699 1699 1620 1620 1620 1621 1621 1621 1702 1702 1702 1620 1620 1620 1702 1702 1702 1701 1701 1701 1621 1621 1621 1622 1622 1622 1703 1703 1703 1621 1621 1621 1703 1703 1703 1702 1702 1702 1622 1622 1622 1623 1623 1623 1704 1704 1704 1622 1622 1622 1704 1704 1704 1703 1703 1703 1623 1623 1623 1624 1624 1624 1705 1705 1705 1623 1623 1623 1705 1705 1705 1704 1704 1704 1624 1624 1624 1625 1625 1625 1706 1706 1706 1624 1624 1624 1706 1706 1706 1705 1705 1705 1625 1625 1625 1626 1626 1626 1707 1707 1707 1625 1625 1625 1707 1707 1707 1706 1706 1706 1626 1626 1626 1627 1627 1627 1708 1708 1708 1626 1626 1626 1708 1708 1708 1707 1707 1707 1627 1627 1627 1628 1628 1628 1709 1709 1709 1627 1627 1627 1709 1709 1709 1708 1708 1708 1628 1628 1628 1629 1629 1629 1710 1710 1710 1628 1628 1628 1710 1710 1710 1709 1709 1709 1629 1629 1629 1630 1630 1630 1711 1711 1711 1629 1629 1629 1711 1711 1711 1710 1710 1710 1630 1630 1630 1631 1631 1631 1712 1712 1712 1630 1630 1630 1712 1712 1712 1711 1711 1711 1631 1631 1631 1632 1632 1632 1713 1713 1713 1631 1631 1631 1713 1713 1713 1712 1712 1712 1632 1632 1632 1633 1633 1633 1714 1714 1714 1632 1632 1632 1714 1714 1714 1713 1713 1713 1633 1633 1633 1634 1634 1634 1715 1715 1715 1633 1633 1633 1715 1715 1715 1714 1714 1714 1634 1634 1634 1635 1635 1635 1716 1716 1716 1634 1634 1634 1716 1716 1716 1715 1715 1715 1635 1635 1635 1636 1636 1636 1717 1717 1717 1635 1635 1635 1717 1717 1717 1716 1716 1716 1636 1636 1636 1637 1637 1637 1718 1718 1718 1636 1636 1636 1718 1718 1718 1717 1717 1717 1637 1637 1637 1638 1638 1638 1719 1719 1719 1637 1637 1637 1719 1719 1719 1718 1718 1718 1638 1638 1638 1639 1639 1639 1720 1720 1720 1638 1638 1638 1720 1720 1720 1719 1719 1719 1639 1639 1639 1640 1640 1640 1721 1721 1721 1639 1639 1639 1721 1721 1721 1720 1720 1720 1640 1640 1640 1641 1641 1641 1722 1722 1722 1640 1640 1640 1722 1722 1722 1721 1721 1721 1641 1641 1641 1642 1642 1642 1723 1723 1723 1641 1641 1641 1723 1723 1723 1722 1722 1722 1642 1642 1642 1643 1643 1643 1724 1724 1724 1642 1642 1642 1724 1724 1724 1723 1723 1723 1643 1643 1643 1644 1644 1644 1725 1725 1725 1643 1643 1643 1725 1725 1725 1724 1724 1724 1644 1644 1644 1645 1645 1645 1726 1726 1726 1644 1644 1644 1726 1726 1726 1725 1725 1725 1645 1645 1645 1646 1646 1646 1727 1727 1727 1645 1645 1645 1727 1727 1727 1726 1726 1726 1646 1646 1646 1647 1647 1647 1728 1728 1728 1646 1646 1646 1728 1728 1728 1727 1727 1727 1647 1647 1647 1648 1648 1648 1729 1729 1729 1647 1647 1647 1729 1729 1729 1728 1728 1728 1648 1648 1648 1649 1649 1649 1730 1730 1730 1648 1648 1648 1730 1730 1730 1729 1729 1729 1649 1649 1649 1650 1650 1650 1731 1731 1731 1649 1649 1649 1731 1731 1731 1730 1730 1730 1650 1650 1650 1651 1651 1651 1732 1732 1732 1650 1650 1650 1732 1732 1732 1731 1731 1731 1651 1651 1651 1652 1652 1652 1733 1733 1733 1651 1651 1651 1733 1733 1733 1732 1732 1732 1652 1652 1652 1653 1653 1653 1734 1734 1734 1652 1652 1652 1734 1734 1734 1733 1733 1733 1653 1653 1653 1654 1654 1654 1735 1735 1735 1653 1653 1653 1735 1735 1735 1734 1734 1734 1654 1654 1654 1655 1655 1655 1736 1736 1736 1654 1654 1654 1736 1736 1736 1735 1735 1735 1655 1655 1655 1656 1656 1656 1737 1737 1737 1655 1655 1655 1737 1737 1737 1736 1736 1736 1656 1656 1656 1657 1657 1657 1738 1738 1738 1656 1656 1656 1738 1738 1738 1737 1737 1737 1657 1657 1657 1658 1658 1658 1739 1739 1739 1657 1657 1657 1739 1739 1739 1738 1738 1738 1658 1658 1658 1659 1659 1659 1740 1740 1740 1658 1658 1658 1740 1740 1740 1739 1739 1739 1659 1659 1659 1660 1660 1660 1741 1741 1741 1659 1659 1659 1741 1741 1741 1740 1740 1740 1660 1660 1660 1661 1661 1661 1742 1742 1742 1660 1660 1660 1742 1742 1742 1741 1741 1741 1661 1661 1661 1662 1662 1662 1743 1743 1743 1661 1661 1661 1743 1743 1743 1742 1742 1742 1662 1662 1662 1663 1663 1663 1744 1744 1744 1662 1662 1662 1744 1744 1744 1743 1743 1743 1663 1663 1663 1664 1664 1664 1745 1745 1745 1663 1663 1663 1745 1745 1745 1744 1744 1744 1664 1664 1664 1665 1665 1665 1746 1746 1746 1664 1664 1664 1746 1746 1746 1745 1745 1745 1665 1665 1665 1666 1666 1666 1747 1747 1747 1665 1665 1665 1747 1747 1747 1746 1746 1746 1666 1666 1666 1667 1667 1667 1748 1748 1748 1666 1666 1666 1748 1748 1748 1747 1747 1747 1667 1667 1667 1668 1668 1668 1749 1749 1749 1667 1667 1667 1749 1749 1749 1748 1748 1748 1668 1668 1668 1669 1669 1669 1750 1750 1750 1668 1668 1668 1750 1750 1750 1749 1749 1749 1669 1669 1669 1670 1670 1670 1751 1751 1751 1669 1669 1669 1751 1751 1751 1750 1750 1750 1670 1670 1670 1671 1671 1671 1752 1752 1752 1670 1670 1670 1752 1752 1752 1751 1751 1751 1671 1671 1671 1672 1672 1672 1753 1753 1753 1671 1671 1671 1753 1753 1753 1752 1752 1752 1672 1672 1672 1673 1673 1673 1754 1754 1754 1672 1672 1672 1754 1754 1754 1753 1753 1753 1673 1673 1673 1674 1674 1674 1755 1755 1755 1673 1673 1673 1755 1755 1755 1754 1754 1754 1674 1674 1674 1675 1675 1675 1756 1756 1756 1674 1674 1674 1756 1756 1756 1755 1755 1755 1675 1675 1675 1676 1676 1676 1757 1757 1757 1675 1675 1675 1757 1757 1757 1756 1756 1756 1676 1676 1676 1677 1677 1677 1758 1758 1758 1676 1676 1676 1758 1758 1758 1757 1757 1757 1677 1677 1677 1678 1678 1678 1759 1759 1759 1677 1677 1677 1759 1759 1759 1758 1758 1758 1678 1678 1678 1679 1679 1679 1760 1760 1760 1678 1678 1678 1760 1760 1760 1759 1759 1759 1679 1679 1679 1680 1680 1680 1761 1761 1761 1679 1679 1679 1761 1761 1761 1760 1760 1760 1680 1680 1680 1681 1681 1681 1762 1762 1762 1680 1680 1680 1762 1762 1762 1761 1761 1761 1681 1681 1681 1682 1682 1682 1763 1763 1763 1681 1681 1681 1763 1763 1763 1762 1762 1762 1682 1682 1682 1683 1683 1683 1764 1764 1764 1682 1682 1682 1764 1764 1764 1763 1763 1763 1683 1683 1683 1684 1684 1684 1765 1765 1765 1683 1683 1683 1765 1765 1765 1764 1764 1764 1684 1684 1684 1685 1685 1685 1766 1766 1766 1684 1684 1684 1766 1766 1766 1765 1765 1765 1685 1685 1685 1686 1686 1686 1767 1767 1767 1685 1685 1685 1767 1767 1767 1766 1766 1766 1686 1686 1686 1687 1687 1687 1768 1768 1768 1686 1686 1686 1768 1768 1768 1767 1767 1767 1687 1687 1687 1688 1688 1688 1769 1769 1769 1687 1687 1687 1769 1769 1769 1768 1768 1768 1688 1688 1688 1689 1689 1689 1770 1770 1770 1688 1688 1688 1770 1770 1770 1769 1769 1769 1689 1689 1689 1690 1690 1690 1771 1771 1771 1689 1689 1689 1771 1771 1771 1770 1770 1770 1690 1690 1690 1691 1691 1691 1772 1772 1772 1690 1690 1690 1772 1772 1772 1771 1771 1771 1691 1691 1691 1692 1692 1692 1773 1773 1773 1691 1691 1691 1773 1773 1773 1772 1772 1772 1692 1692 1692 1693 1693 1693 1774 1774 1774 1692 1692 1692 1774 1774 1774 1773 1773 1773 1693 1693 1693 1694 1694 1694 1775 1775 1775 1693 1693 1693 1775 1775 1775 1774 1774 1774 1694 1694 1694 1695 1695 1695 1776 1776 1776 1694 1694 1694 1776 1776 1776 1775 1775 1775 1695 1695 1695 1696 1696 1696 1777 1777 1777 1695 1695 1695 1777 1777 1777 1776 1776 1776 1696 1696 1696 1697 1697 1697 1778 1778 1778 1696 1696 1696 1778 1778 1778 1777 1777 1777 1697 1697 1697 1698 1698 1698 1779 1779 1779 1697 1697 1697 1779 1779 1779 1778 1778 1778 1698 1698 1698 1699 1699 1699 1780 1780 1780 1698 1698 1698 1780 1780 1780 1779 1779 1779 1699 1699 1699 1700 1700 1700 1781 1781 1781 1699 1699 1699 1781 1781 1781 1780 1780 1780 1701 1701 1701 1702 1702 1702 1783 1783 1783 1701 1701 1701 1783 1783 1783 1782 1782 1782 1702 1702 1702 1703 1703 1703 1784 1784 1784 1702 1702 1702 1784 1784 1784 1783 1783 1783 1703 1703 1703 1704 1704 1704 1785 1785 1785 1703 1703 1703 1785 1785 1785 1784 1784 1784 1704 1704 1704 1705 1705 1705 1786 1786 1786 1704 1704 1704 1786 1786 1786 1785 1785 1785 1705 1705 1705 1706 1706 1706 1787 1787 1787 1705 1705 1705 1787 1787 1787 1786 1786 1786 1706 1706 1706 1707 1707 1707 1788 1788 1788 1706 1706 1706 1788 1788 1788 1787 1787 1787 1707 1707 1707 1708 1708 1708 1789 1789 1789 1707 1707 1707 1789 1789 1789 1788 1788 1788 1708 1708 1708 1709 1709 1709 1790 1790 1790 1708 1708 1708 1790 1790 1790 1789 1789 1789 1709 1709 1709 1710 1710 1710 1791 1791 1791 1709 1709 1709 1791 1791 1791 1790 1790 1790 1710 1710 1710 1711 1711 1711 1792 1792 1792 1710 1710 1710 1792 1792 1792 1791 1791 1791 1711 1711 1711 1712 1712 1712 1793 1793 1793 1711 1711 1711 1793 1793 1793 1792 1792 1792 1712 1712 1712 1713 1713 1713 1794 1794 1794 1712 1712 1712 1794 1794 1794 1793 1793 1793 1713 1713 1713 1714 1714 1714 1795 1795 1795 1713 1713 1713 1795 1795 1795 1794 1794 1794 1714 1714 1714 1715 1715 1715 1796 1796 1796 1714 1714 1714 1796 1796 1796 1795 1795 1795 1715 1715 1715 1716 1716 1716 1797 1797 1797 1715 1715 1715 1797 1797 1797 1796 1796 1796 1716 1716 1716 1717 1717 1717 1798 1798 1798 1716 1716 1716 1798 1798 1798 1797 1797 1797 1717 1717 1717 1718 1718 1718 1799 1799 1799 1717 1717 1717 1799 1799 1799 1798 1798 1798 1718 1718 1718 1719 1719 1719 1800 1800 1800 1718 1718 1718 1800 1800 1800 1799 1799 1799 1719 1719 1719 1720 1720 1720 1801 1801 1801 1719 1719 1719 1801 1801 1801 1800 1800 1800 1720 1720 1720 1721 1721 1721 1802 1802 1802 1720 1720 1720 1802 1802 1802 1801 1801 1801 1721 1721 1721 1722 1722 1722 1803 1803 1803 1721 1721 1721 1803 1803 1803 1802 1802 1802 1722 1722 1722 1723 1723 1723 1804 1804 1804 1722 1722 1722 1804 1804 1804 1803 1803 1803 1723 1723 1723 1724 1724 1724 1805 1805 1805 1723 1723 1723 1805 1805 1805 1804 1804 1804 1724 1724 1724 1725 1725 1725 1806 1806 1806 1724 1724 1724 1806 1806 1806 1805 1805 1805 1725 1725 1725 1726 1726 1726 1807 1807 1807 1725 1725 1725 1807 1807 1807 1806 1806 1806 1726 1726 1726 1727 1727 1727 1808 1808 1808 1726 1726 1726 1808 1808 1808 1807 1807 1807 1727 1727 1727 1728 1728 1728 1809 1809 1809 1727 1727 1727 1809 1809 1809 1808 1808 1808 1728 1728 1728 1729 1729 1729 1810 1810 1810 1728 1728 1728 1810 1810 1810 1809 1809 1809 1729 1729 1729 1730 1730 1730 1811 1811 1811 1729 1729 1729 1811 1811 1811 1810 1810 1810 1730 1730 1730 1731 1731 1731 1812 1812 1812 1730 1730 1730 1812 1812 1812 1811 1811 1811 1731 1731 1731 1732 1732 1732 1813 1813 1813 1731 1731 1731 1813 1813 1813 1812 1812 1812 1732 1732 1732 1733 1733 1733 1814 1814 1814 1732 1732 1732 1814 1814 1814 1813 1813 1813 1733 1733 1733 1734 1734 1734 1815 1815 1815 1733 1733 1733 1815 1815 1815 1814 1814 1814 1734 1734 1734 1735 1735 1735 1816 1816 1816 1734 1734 1734 1816 1816 1816 1815 1815 1815 1735 1735 1735 1736 1736 1736 1817 1817 1817 1735 1735 1735 1817 1817 1817 1816 1816 1816 1736 1736 1736 1737 1737 1737 1818 1818 1818 1736 1736 1736 1818 1818 1818 1817 1817 1817 1737 1737 1737 1738 1738 1738 1819 1819 1819 1737 1737 1737 1819 1819 1819 1818 1818 1818 1738 1738 1738 1739 1739 1739 1820 1820 1820 1738 1738 1738 1820 1820 1820 1819 1819 1819 1739 1739 1739 1740 1740 1740 1821 1821 1821 1739 1739 1739 1821 1821 1821 1820 1820 1820 1740 1740 1740 1741 1741 1741 1822 1822 1822 1740 1740 1740 1822 1822 1822 1821 1821 1821 1741 1741 1741 1742 1742 1742 1823 1823 1823 1741 1741 1741 1823 1823 1823 1822 1822 1822 1742 1742 1742 1743 1743 1743 1824 1824 1824 1742 1742 1742 1824 1824 1824 1823 1823 1823 1743 1743 1743 1744 1744 1744 1825 1825 1825 1743 1743 1743 1825 1825 1825 1824 1824 1824 1744 1744 1744 1745 1745 1745 1826 1826 1826 1744 1744 1744 1826 1826 1826 1825 1825 1825 1745 1745 1745 1746 1746 1746 1827 1827 1827 1745 1745 1745 1827 1827 1827 1826 1826 1826 1746 1746 1746 1747 1747 1747 1828 1828 1828 1746 1746 1746 1828 1828 1828 1827 1827 1827 1747 1747 1747 1748 1748 1748 1829 1829 1829 1747 1747 1747 1829 1829 1829 1828 1828 1828 1748 1748 1748 1749 1749 1749 1830 1830 1830 1748 1748 1748 1830 1830 1830 1829 1829 1829 1749 1749 1749 1750 1750 1750 1831 1831 1831 1749 1749 1749 1831 1831 1831 1830 1830 1830 1750 1750 1750 1751 1751 1751 1832 1832 1832 1750 1750 1750 1832 1832 1832 1831 1831 1831 1751 1751 1751 1752 1752 1752 1833 1833 1833 1751 1751 1751 1833 1833 1833 1832 1832 1832 1752 1752 1752 1753 1753 1753 1834 1834 1834 1752 1752 1752 1834 1834 1834 1833 1833 1833 1753 1753 1753 1754 1754 1754 1835 1835 1835 1753 1753 1753 1835 1835 1835 1834 1834 1834 1754 1754 1754 1755 1755 1755 1836 1836 1836 1754 1754 1754 1836 1836 1836 1835 1835 1835 1755 1755 1755 1756 1756 1756 1837 1837 1837 1755 1755 1755 1837 1837 1837 1836 1836 1836 1756 1756 1756 1757 1757 1757 1838 1838 1838 1756 1756 1756 1838 1838 1838 1837 1837 1837 1757 1757 1757 1758 1758 1758 1839 1839 1839 1757 1757 1757 1839 1839 1839 1838 1838 1838 1758 1758 1758 1759 1759 1759 1840 1840 1840 1758 1758 1758 1840 1840 1840 1839 1839 1839 1759 1759 1759 1760 1760 1760 1841 1841 1841 1759 1759 1759 1841 1841 1841 1840 1840 1840 1760 1760 1760 1761 1761 1761 1842 1842 1842 1760 1760 1760 1842 1842 1842 1841 1841 1841 1761 1761 1761 1762 1762 1762 1843 1843 1843 1761 1761 1761 1843 1843 1843 1842 1842 1842 1762 1762 1762 1763 1763 1763 1844 1844 1844 1762 1762 1762 1844 1844 1844 1843 1843 1843 1763 1763 1763 1764 1764 1764 1845 1845 1845 1763 1763 1763 1845 1845 1845 1844 1844 1844 1764 1764 1764 1765 1765 1765 1846 1846 1846 1764 1764 1764 1846 1846 1846 1845 1845 1845 1765 1765 1765 1766 1766 1766 1847 1847 1847 1765 1765 1765 1847 1847 1847 1846 1846 1846 1766 1766 1766 1767 1767 1767 1848 1848 1848 1766 1766 1766 1848 1848 1848 1847 1847 1847 1767 1767 1767 1768 1768 1768 1849 1849 1849 1767 1767 1767 1849 1849 1849 1848 1848 1848 1768 1768 1768 1769 1769 1769 1850 1850 1850 1768 1768 1768 1850 1850 1850 1849 1849 1849 1769 1769 1769 1770 1770 1770 1851 1851 1851 1769 1769 1769 1851 1851 1851 1850 1850 1850 1770 1770 1770 1771 1771 1771 1852 1852 1852 1770 1770 1770 1852 1852 1852 1851 1851 1851 1771 1771 1771 1772 1772 1772 1853 1853 1853 1771 1771 1771 1853 1853 1853 1852 1852 1852 1772 1772 1772 1773 1773 1773 1854 1854 1854 1772 1772 1772 1854 1854 1854 1853 1853 1853 1773 1773 1773 1774 1774 1774 1855 1855 1855 1773 1773 1773 1855 1855 1855 1854 1854 1854 1774 1774 1774 1775 1775 1775 1856 1856 1856 1774 1774 1774 1856 1856 1856 1855 1855 1855 1775 1775 1775 1776 1776 1776 1857 1857 1857 1775 1775 1775 1857 1857 1857 1856 1856 1856 1776 1776 1776 1777 1777 1777 1858 1858 1858 1776 1776 1776 1858 1858 1858 1857 1857 1857 1777 1777 1777 1778 1778 1778 1859 1859 1859 1777 1777 1777 1859 1859 1859 1858 1858 1858 1778 1778 1778 1779 1779 1779 1860 1860 1860 1778 1778 1778 1860 1860 1860 1859 1859 1859 1779 1779 1779 1780 1780 1780 1861 1861 1861 1779 1779 1779 1861 1861 1861 1860 1860 1860 1780 1780 1780 1781 1781 1781 1862 1862 1862 1780 1780 1780 1862 1862 1862 1861 1861 1861 1782 1782 1782 1783 1783 1783 1864 1864 1864 1782 1782 1782 1864 1864 1864 1863 1863 1863 1783 1783 1783 1784 1784 1784 1865 1865 1865 1783 1783 1783 1865 1865 1865 1864 1864 1864 1784 1784 1784 1785 1785 1785 1866 1866 1866 1784 1784 1784 1866 1866 1866 1865 1865 1865 1785 1785 1785 1786 1786 1786 1867 1867 1867 1785 1785 1785 1867 1867 1867 1866 1866 1866 1786 1786 1786 1787 1787 1787 1868 1868 1868 1786 1786 1786 1868 1868 1868 1867 1867 1867 1787 1787 1787 1788 1788 1788 1869 1869 1869 1787 1787 1787 1869 1869 1869 1868 1868 1868 1788 1788 1788 1789 1789 1789 1870 1870 1870 1788 1788 1788 1870 1870 1870 1869 1869 1869 1789 1789 1789 1790 1790 1790 1871 1871 1871 1789 1789 1789 1871 1871 1871 1870 1870 1870 1790 1790 1790 1791 1791 1791 1872 1872 1872 1790 1790 1790 1872 1872 1872 1871 1871 1871 1791 1791 1791 1792 1792 1792 1873 1873 1873 1791 1791 1791 1873 1873 1873 1872 1872 1872 1792 1792 1792 1793 1793 1793 1874 1874 1874 1792 1792 1792 1874 1874 1874 1873 1873 1873 1793 1793 1793 1794 1794 1794 1875 1875 1875 1793 1793 1793 1875 1875 1875 1874 1874 1874 1794 1794 1794 1795 1795 1795 1876 1876 1876 1794 1794 1794 1876 1876 1876 1875 1875 1875 1795 1795 1795 1796 1796 1796 1877 1877 1877 1795 1795 1795 1877 1877 1877 1876 1876 1876 1796 1796 1796 1797 1797 1797 1878 1878 1878 1796 1796 1796 1878 1878 1878 1877 1877 1877 1797 1797 1797 1798 1798 1798 1879 1879 1879 1797 1797 1797 1879 1879 1879 1878 1878 1878 1798 1798 1798 1799 1799 1799 1880 1880 1880 1798 1798 1798 1880 1880 1880 1879 1879 1879 1799 1799 1799 1800 1800 1800 1881 1881 1881 1799 1799 1799 1881 1881 1881 1880 1880 1880 1800 1800 1800 1801 1801 1801 1882 1882 1882 1800 1800 1800 1882 1882 1882 1881 1881 1881 1801 1801 1801 1802 1802 1802 1883 1883 1883 1801 1801 1801 1883 1883 1883 1882 1882 1882 1802 1802 1802 1803 1803 1803 1884 1884 1884 1802 1802 1802 1884 1884 1884 1883 1883 1883 1803 1803 1803 1804 1804 1804 1885 1885 1885 1803 1803 1803 1885 1885 1885 1884 1884 1884 1804 1804 1804 1805 1805 1805 1886 1886 1886 1804 1804 1804 1886 1886 1886 1885 1885 1885 1805 1805 1805 1806 1806 1806 1887 1887 1887 1805 1805 1805 1887 1887 1887 1886 1886 1886 1806 1806 1806 1807 1807 1807 1888 1888 1888 1806 1806 1806 1888 1888 1888 1887 1887 1887 1807 1807 1807 1808 1808 1808 1889 1889 1889 1807 1807 1807 1889 1889 1889 1888 1888 1888 1808 1808 1808 1809 1809 1809 1890 1890 1890 1808 1808 1808 1890 1890 1890 1889 1889 1889 1809 1809 1809 1810 1810 1810 1891 1891 1891 1809 1809 1809 1891 1891 1891 1890 1890 1890 1810 1810 1810 1811 1811 1811 1892 1892 1892 1810 1810 1810 1892 1892 1892 1891 1891 1891 1811 1811 1811 1812 1812 1812 1893 1893 1893 1811 1811 1811 1893 1893 1893 1892 1892 1892 1812 1812 1812 1813 1813 1813 1894 1894 1894 1812 1812 1812 1894 1894 1894 1893 1893 1893 1813 1813 1813 1814 1814 1814 1895 1895 1895 1813 1813 1813 1895 1895 1895 1894 1894 1894 1814 1814 1814 1815 1815 1815 1896 1896 1896 1814 1814 1814 1896 1896 1896 1895 1895 1895 1815 1815 1815 1816 1816 1816 1897 1897 1897 1815 1815 1815 1897 1897 1897 1896 1896 1896 1816 1816 1816 1817 1817 1817 1898 1898 1898 1816 1816 1816 1898 1898 1898 1897 1897 1897 1817 1817 1817 1818 1818 1818 1899 1899 1899 1817 1817 1817 1899 1899 1899 1898 1898 1898 1818 1818 1818 1819 1819 1819 1900 1900 1900 1818 1818 1818 1900 1900 1900 1899 1899 1899 1819 1819 1819 1820 1820 1820 1901 1901 1901 1819 1819 1819 1901 1901 1901 1900 1900 1900 1820 1820 1820 1821 1821 1821 1902 1902 1902 1820 1820 1820 1902 1902 1902 1901 1901 1901 1821 1821 1821 1822 1822 1822 1903 1903 1903 1821 1821 1821 1903 1903 1903 1902 1902 1902 1822 1822 1822 1823 1823 1823 1904 1904 1904 1822 1822 1822 1904 1904 1904 1903 1903 1903 1823 1823 1823 1824 1824 1824 1905 1905 1905 1823 1823 1823 1905 1905 1905 1904 1904 1904 1824 1824 1824 1825 1825 1825 1906 1906 1906 1824 1824 1824 1906 1906 1906 1905 1905 1905 1825 1825 1825 1826 1826 1826 1907 1907 1907 1825 1825 1825 1907 1907 1907 1906 1906 1906 1826 1826 1826 1827 1827 1827 1908 1908 1908 1826 1826 1826 1908 1908 1908 1907 1907 1907 1827 1827 1827 1828 1828 1828 1909 1909 1909 1827 1827 1827 1909 1909 1909 1908 1908 1908 1828 1828 1828 1829 1829 1829 1910 1910 1910 1828 1828 1828 1910 1910 1910 1909 1909 1909 1829 1829 1829 1830 1830 1830 1911 1911 1911 1829 1829 1829 1911 1911 1911 1910 1910 1910 1830 1830 1830 1831 1831 1831 1912 1912 1912 1830 1830 1830 1912 1912 1912 1911 1911 1911 1831 1831 1831 1832 1832 1832 1913 1913 1913 1831 1831 1831 1913 1913 1913 1912 1912 1912 1832 1832 1832 1833 1833 1833 1914 1914 1914 1832 1832 1832 1914 1914 1914 1913 1913 1913 1833 1833 1833 1834 1834 1834 1915 1915 1915 1833 1833 1833 1915 1915 1915 1914 1914 1914 1834 1834 1834 1835 1835 1835 1916 1916 1916 1834 1834 1834 1916 1916 1916 1915 1915 1915 1835 1835 1835 1836 1836 1836 1917 1917 1917 1835 1835 1835 1917 1917 1917 1916 1916 1916 1836 1836 1836 1837 1837 1837 1918 1918 1918 1836 1836 1836 1918 1918 1918 1917 1917 1917 1837 1837 1837 1838 1838 1838 1919 1919 1919 1837 1837 1837 1919 1919 1919 1918 1918 1918 1838 1838 1838 1839 1839 1839 1920 1920 1920 1838 1838 1838 1920 1920 1920 1919 1919 1919 1839 1839 1839 1840 1840 1840 1921 1921 1921 1839 1839 1839 1921 1921 1921 1920 1920 1920 1840 1840 1840 1841 1841 1841 1922 1922 1922 1840 1840 1840 1922 1922 1922 1921 1921 1921 1841 1841 1841 1842 1842 1842 1923 1923 1923 1841 1841 1841 1923 1923 1923 1922 1922 1922 1842 1842 1842 1843 1843 1843 1924 1924 1924 1842 1842 1842 1924 1924 1924 1923 1923 1923 1843 1843 1843 1844 1844 1844 1925 1925 1925 1843 1843 1843 1925 1925 1925 1924 1924 1924 1844 1844 1844 1845 1845 1845 1926 1926 1926 1844 1844 1844 1926 1926 1926 1925 1925 1925 1845 1845 1845 1846 1846 1846 1927 1927 1927 1845 1845 1845 1927 1927 1927 1926 1926 1926 1846 1846 1846 1847 1847 1847 1928 1928 1928 1846 1846 1846 1928 1928 1928 1927 1927 1927 1847 1847 1847 1848 1848 1848 1929 1929 1929 1847 1847 1847 1929 1929 1929 1928 1928 1928 1848 1848 1848 1849 1849 1849 1930 1930 1930 1848 1848 1848 1930 1930 1930 1929 1929 1929 1849 1849 1849 1850 1850 1850 1931 1931 1931 1849 1849 1849 1931 1931 1931 1930 1930 1930 1850 1850 1850 1851 1851 1851 1932 1932 1932 1850 1850 1850 1932 1932 1932 1931 1931 1931 1851 1851 1851 1852 1852 1852 1933 1933 1933 1851 1851 1851 1933 1933 1933 1932 1932 1932 1852 1852 1852 1853 1853 1853 1934 1934 1934 1852 1852 1852 1934 1934 1934 1933 1933 1933 1853 1853 1853 1854 1854 1854 1935 1935 1935 1853 1853 1853 1935 1935 1935 1934 1934 1934 1854 1854 1854 1855 1855 1855 1936 1936 1936 1854 1854 1854 1936 1936 1936 1935 1935 1935 1855 1855 1855 1856 1856 1856 1937 1937 1937 1855 1855 1855 1937 1937 1937 1936 1936 1936 1856 1856 1856 1857 1857 1857 1938 1938 1938 1856 1856 1856 1938 1938 1938 1937 1937 1937 1857 1857 1857 1858 1858 1858 1939 1939 1939 1857 1857 1857 1939 1939 1939 1938 1938 1938 1858 1858 1858 1859 1859 1859 1940 1940 1940 1858 1858 1858 1940 1940 1940 1939 1939 1939 1859 1859 1859 1860 1860 1860 1941 1941 1941 1859 1859 1859 1941 1941 1941 1940 1940 1940 1860 1860 1860 1861 1861 1861 1942 1942 1942 1860 1860 1860 1942 1942 1942 1941 1941 1941 1861 1861 1861 1862 1862 1862 1943 1943 1943 1861 1861 1861 1943 1943 1943 1942 1942 1942 1863 1863 1863 1864 1864 1864 1945 1945 1945 1863 1863 1863 1945 1945 1945 1944 1944 1944 1864 1864 1864 1865 1865 1865 1946 1946 1946 1864 1864 1864 1946 1946 1946 1945 1945 1945 1865 1865 1865 1866 1866 1866 1947 1947 1947 1865 1865 1865 1947 1947 1947 1946 1946 1946 1866 1866 1866 1867 1867 1867 1948 1948 1948 1866 1866 1866 1948 1948 1948 1947 1947 1947 1867 1867 1867 1868 1868 1868 1949 1949 1949 1867 1867 1867 1949 1949 1949 1948 1948 1948 1868 1868 1868 1869 1869 1869 1950 1950 1950 1868 1868 1868 1950 1950 1950 1949 1949 1949 1869 1869 1869 1870 1870 1870 1951 1951 1951 1869 1869 1869 1951 1951 1951 1950 1950 1950 1870 1870 1870 1871 1871 1871 1952 1952 1952 1870 1870 1870 1952 1952 1952 1951 1951 1951 1871 1871 1871 1872 1872 1872 1953 1953 1953 1871 1871 1871 1953 1953 1953 1952 1952 1952 1872 1872 1872 1873 1873 1873 1954 1954 1954 1872 1872 1872 1954 1954 1954 1953 1953 1953 1873 1873 1873 1874 1874 1874 1955 1955 1955 1873 1873 1873 1955 1955 1955 1954 1954 1954 1874 1874 1874 1875 1875 1875 1956 1956 1956 1874 1874 1874 1956 1956 1956 1955 1955 1955 1875 1875 1875 1876 1876 1876 1957 1957 1957 1875 1875 1875 1957 1957 1957 1956 1956 1956 1876 1876 1876 1877 1877 1877 1958 1958 1958 1876 1876 1876 1958 1958 1958 1957 1957 1957 1877 1877 1877 1878 1878 1878 1959 1959 1959 1877 1877 1877 1959 1959 1959 1958 1958 1958 1878 1878 1878 1879 1879 1879 1960 1960 1960 1878 1878 1878 1960 1960 1960 1959 1959 1959 1879 1879 1879 1880 1880 1880 1961 1961 1961 1879 1879 1879 1961 1961 1961 1960 1960 1960 1880 1880 1880 1881 1881 1881 1962 1962 1962 1880 1880 1880 1962 1962 1962 1961 1961 1961 1881 1881 1881 1882 1882 1882 1963 1963 1963 1881 1881 1881 1963 1963 1963 1962 1962 1962 1882 1882 1882 1883 1883 1883 1964 1964 1964 1882 1882 1882 1964 1964 1964 1963 1963 1963 1883 1883 1883 1884 1884 1884 1965 1965 1965 1883 1883 1883 1965 1965 1965 1964 1964 1964 1884 1884 1884 1885 1885 1885 1966 1966 1966 1884 1884 1884 1966 1966 1966 1965 1965 1965 1885 1885 1885 1886 1886 1886 1967 1967 1967 1885 1885 1885 1967 1967 1967 1966 1966 1966 1886 1886 1886 1887 1887 1887 1968 1968 1968 1886 1886 1886 1968 1968 1968 1967 1967 1967 1887 1887 1887 1888 1888 1888 1969 1969 1969 1887 1887 1887 1969 1969 1969 1968 1968 1968 1888 1888 1888 1889 1889 1889 1970 1970 1970 1888 1888 1888 1970 1970 1970 1969 1969 1969 1889 1889 1889 1890 1890 1890 1971 1971 1971 1889 1889 1889 1971 1971 1971 1970 1970 1970 1890 1890 1890 1891 1891 1891 1972 1972 1972 1890 1890 1890 1972 1972 1972 1971 1971 1971 1891 1891 1891 1892 1892 1892 1973 1973 1973 1891 1891 1891 1973 1973 1973 1972 1972 1972 1892 1892 1892 1893 1893 1893 1974 1974 1974 1892 1892 1892 1974 1974 1974 1973 1973 1973 1893 1893 1893 1894 1894 1894 1975 1975 1975 1893 1893 1893 1975 1975 1975 1974 1974 1974 1894 1894 1894 1895 1895 1895 1976 1976 1976 1894 1894 1894 1976 1976 1976 1975 1975 1975 1895 1895 1895 1896 1896 1896 1977 1977 1977 1895 1895 1895 1977 1977 1977 1976 1976 1976 1896 1896 1896 1897 1897 1897 1978 1978 1978 1896 1896 1896 1978 1978 1978 1977 1977 1977 1897 1897 1897 1898 1898 1898 1979 1979 1979 1897 1897 1897 1979 1979 1979 1978 1978 1978 1898 1898 1898 1899 1899 1899 1980 1980 1980 1898 1898 1898 1980 1980 1980 1979 1979 1979 1899 1899 1899 1900 1900 1900 1981 1981 1981 1899 1899 1899 1981 1981 1981 1980 1980 1980 1900 1900 1900 1901 1901 1901 1982 1982 1982 1900 1900 1900 1982 1982 1982 1981 1981 1981 1901 1901 1901 1902 1902 1902 1983 1983 1983 1901 1901 1901 1983 1983 1983 1982 1982 1982 1902 1902 1902 1903 1903 1903 1984 1984 1984 1902 1902 1902 1984 1984 1984 1983 1983 1983 1903 1903 1903 1904 1904 1904 1985 1985 1985 1903 1903 1903 1985 1985 1985 1984 1984 1984 1904 1904 1904 1905 1905 1905 1986 1986 1986 1904 1904 1904 1986 1986 1986 1985 1985 1985 1905 1905 1905 1906 1906 1906 1987 1987 1987 1905 1905 1905 1987 1987 1987 1986 1986 1986 1906 1906 1906 1907 1907 1907 1988 1988 1988 1906 1906 1906 1988 1988 1988 1987 1987 1987 1907 1907 1907 1908 1908 1908 1989 1989 1989 1907 1907 1907 1989 1989 1989 1988 1988 1988 1908 1908 1908 1909 1909 1909 1990 1990 1990 1908 1908 1908 1990 1990 1990 1989 1989 1989 1909 1909 1909 1910 1910 1910 1991 1991 1991 1909 1909 1909 1991 1991 1991 1990 1990 1990 1910 1910 1910 1911 1911 1911 1992 1992 1992 1910 1910 1910 1992 1992 1992 1991 1991 1991 1911 1911 1911 1912 1912 1912 1993 1993 1993 1911 1911 1911 1993 1993 1993 1992 1992 1992 1912 1912 1912 1913 1913 1913 1994 1994 1994 1912 1912 1912 1994 1994 1994 1993 1993 1993 1913 1913 1913 1914 1914 1914 1995 1995 1995 1913 1913 1913 1995 1995 1995 1994 1994 1994 1914 1914 1914 1915 1915 1915 1996 1996 1996 1914 1914 1914 1996 1996 1996 1995 1995 1995 1915 1915 1915 1916 1916 1916 1997 1997 1997 1915 1915 1915 1997 1997 1997 1996 1996 1996 1916 1916 1916 1917 1917 1917 1998 1998 1998 1916 1916 1916 1998 1998 1998 1997 1997 1997 1917 1917 1917 1918 1918 1918 1999 1999 1999 1917 1917 1917 1999 1999 1999 1998 1998 1998 1918 1918 1918 1919 1919 1919 2000 2000 2000 1918 1918 1918 2000 2000 2000 1999 1999 1999 1919 1919 1919 1920 1920 1920 2001 2001 2001 1919 1919 1919 2001 2001 2001 2000 2000 2000 1920 1920 1920 1921 1921 1921 2002 2002 2002 1920 1920 1920 2002 2002 2002 2001 2001 2001 1921 1921 1921 1922 1922 1922 2003 2003 2003 1921 1921 1921 2003 2003 2003 2002 2002 2002 1922 1922 1922 1923 1923 1923 2004 2004 2004 1922 1922 1922 2004 2004 2004 2003 2003 2003 1923 1923 1923 1924 1924 1924 2005 2005 2005 1923 1923 1923 2005 2005 2005 2004 2004 2004 1924 1924 1924 1925 1925 1925 2006 2006 2006 1924 1924 1924 2006 2006 2006 2005 2005 2005 1925 1925 1925 1926 1926 1926 2007 2007 2007 1925 1925 1925 2007 2007 2007 2006 2006 2006 1926 1926 1926 1927 1927 1927 2008 2008 2008 1926 1926 1926 2008 2008 2008 2007 2007 2007 1927 1927 1927 1928 1928 1928 2009 2009 2009 1927 1927 1927 2009 2009 2009 2008 2008 2008 1928 1928 1928 1929 1929 1929 2010 2010 2010 1928 1928 1928 2010 2010 2010 2009 2009 2009 1929 1929 1929 1930 1930 1930 2011 2011 2011 1929 1929 1929 2011 2011 2011 2010 2010 2010 1930 1930 1930 1931 1931 1931 2012 2012 2012 1930 1930 1930 2012 2012 2012 2011 2011 2011 1931 1931 1931 1932 1932 1932 2013 2013 2013 1931 1931 1931 2013 2013 2013 2012 2012 2012 1932 1932 1932 1933 1933 1933 2014 2014 2014 1932 1932 1932 2014 2014 2014 2013 2013 2013 1933 1933 1933 1934 1934 1934 2015 2015 2015 1933 1933 1933 2015 2015 2015 2014 2014 2014 1934 1934 1934 1935 1935 1935 2016 2016 2016 1934 1934 1934 2016 2016 2016 2015 2015 2015 1935 1935 1935 1936 1936 1936 2017 2017 2017 1935 1935 1935 2017 2017 2017 2016 2016 2016 1936 1936 1936 1937 1937 1937 2018 2018 2018 1936 1936 1936 2018 2018 2018 2017 2017 2017 1937 1937 1937 1938 1938 1938 2019 2019 2019 1937 1937 1937 2019 2019 2019 2018 2018 2018 1938 1938 1938 1939 1939 1939 2020 2020 2020 1938 1938 1938 2020 2020 2020 2019 2019 2019 1939 1939 1939 1940 1940 1940 2021 2021 2021 1939 1939 1939 2021 2021 2021 2020 2020 2020 1940 1940 1940 1941 1941 1941 2022 2022 2022 1940 1940 1940 2022 2022 2022 2021 2021 2021 1941 1941 1941 1942 1942 1942 2023 2023 2023 1941 1941 1941 2023 2023 2023 2022 2022 2022 1942 1942 1942 1943 1943 1943 2024 2024 2024 1942 1942 1942 2024 2024 2024 2023 2023 2023 1944 1944 1944 1945 1945 1945 2026 2026 2026 1944 1944 1944 2026 2026 2026 2025 2025 2025 1945 1945 1945 1946 1946 1946 2027 2027 2027 1945 1945 1945 2027 2027 2027 2026 2026 2026 1946 1946 1946 1947 1947 1947 2028 2028 2028 1946 1946 1946 2028 2028 2028 2027 2027 2027 1947 1947 1947 1948 1948 1948 2029 2029 2029 1947 1947 1947 2029 2029 2029 2028 2028 2028 1948 1948 1948 1949 1949 1949 2030 2030 2030 1948 1948 1948 2030 2030 2030 2029 2029 2029 1949 1949 1949 1950 1950 1950 2031 2031 2031 1949 1949 1949 2031 2031 2031 2030 2030 2030 1950 1950 1950 1951 1951 1951 2032 2032 2032 1950 1950 1950 2032 2032 2032 2031 2031 2031 1951 1951 1951 1952 1952 1952 2033 2033 2033 1951 1951 1951 2033 2033 2033 2032 2032 2032 1952 1952 1952 1953 1953 1953 2034 2034 2034 1952 1952 1952 2034 2034 2034 2033 2033 2033 1953 1953 1953 1954 1954 1954 2035 2035 2035 1953 1953 1953 2035 2035 2035 2034 2034 2034 1954 1954 1954 1955 1955 1955 2036 2036 2036 1954 1954 1954 2036 2036 2036 2035 2035 2035 1955 1955 1955 1956 1956 1956 2037 2037 2037 1955 1955 1955 2037 2037 2037 2036 2036 2036 1956 1956 1956 1957 1957 1957 2038 2038 2038 1956 1956 1956 2038 2038 2038 2037 2037 2037 1957 1957 1957 1958 1958 1958 2039 2039 2039 1957 1957 1957 2039 2039 2039 2038 2038 2038 1958 1958 1958 1959 1959 1959 2040 2040 2040 1958 1958 1958 2040 2040 2040 2039 2039 2039 1959 1959 1959 1960 1960 1960 2041 2041 2041 1959 1959 1959 2041 2041 2041 2040 2040 2040 1960 1960 1960 1961 1961 1961 2042 2042 2042 1960 1960 1960 2042 2042 2042 2041 2041 2041 1961 1961 1961 1962 1962 1962 2043 2043 2043 1961 1961 1961 2043 2043 2043 2042 2042 2042 1962 1962 1962 1963 1963 1963 2044 2044 2044 1962 1962 1962 2044 2044 2044 2043 2043 2043 1963 1963 1963 1964 1964 1964 2045 2045 2045 1963 1963 1963 2045 2045 2045 2044 2044 2044 1964 1964 1964 1965 1965 1965 2046 2046 2046 1964 1964 1964 2046 2046 2046 2045 2045 2045 1965 1965 1965 1966 1966 1966 2047 2047 2047 1965 1965 1965 2047 2047 2047 2046 2046 2046 1966 1966 1966 1967 1967 1967 2048 2048 2048 1966 1966 1966 2048 2048 2048 2047 2047 2047 1967 1967 1967 1968 1968 1968 2049 2049 2049 1967 1967 1967 2049 2049 2049 2048 2048 2048 1968 1968 1968 1969 1969 1969 2050 2050 2050 1968 1968 1968 2050 2050 2050 2049 2049 2049 1969 1969 1969 1970 1970 1970 2051 2051 2051 1969 1969 1969 2051 2051 2051 2050 2050 2050 1970 1970 1970 1971 1971 1971 2052 2052 2052 1970 1970 1970 2052 2052 2052 2051 2051 2051 1971 1971 1971 1972 1972 1972 2053 2053 2053 1971 1971 1971 2053 2053 2053 2052 2052 2052 1972 1972 1972 1973 1973 1973 2054 2054 2054 1972 1972 1972 2054 2054 2054 2053 2053 2053 1973 1973 1973 1974 1974 1974 2055 2055 2055 1973 1973 1973 2055 2055 2055 2054 2054 2054 1974 1974 1974 1975 1975 1975 2056 2056 2056 1974 1974 1974 2056 2056 2056 2055 2055 2055 1975 1975 1975 1976 1976 1976 2057 2057 2057 1975 1975 1975 2057 2057 2057 2056 2056 2056 1976 1976 1976 1977 1977 1977 2058 2058 2058 1976 1976 1976 2058 2058 2058 2057 2057 2057 1977 1977 1977 1978 1978 1978 2059 2059 2059 1977 1977 1977 2059 2059 2059 2058 2058 2058 1978 1978 1978 1979 1979 1979 2060 2060 2060 1978 1978 1978 2060 2060 2060 2059 2059 2059 1979 1979 1979 1980 1980 1980 2061 2061 2061 1979 1979 1979 2061 2061 2061 2060 2060 2060 1980 1980 1980 1981 1981 1981 2062 2062 2062 1980 1980 1980 2062 2062 2062 2061 2061 2061 1981 1981 1981 1982 1982 1982 2063 2063 2063 1981 1981 1981 2063 2063 2063 2062 2062 2062 1982 1982 1982 1983 1983 1983 2064 2064 2064 1982 1982 1982 2064 2064 2064 2063 2063 2063 1983 1983 1983 1984 1984 1984 2065 2065 2065 1983 1983 1983 2065 2065 2065 2064 2064 2064 1984 1984 1984 1985 1985 1985 2066 2066 2066 1984 1984 1984 2066 2066 2066 2065 2065 2065 1985 1985 1985 1986 1986 1986 2067 2067 2067 1985 1985 1985 2067 2067 2067 2066 2066 2066 1986 1986 1986 1987 1987 1987 2068 2068 2068 1986 1986 1986 2068 2068 2068 2067 2067 2067 1987 1987 1987 1988 1988 1988 2069 2069 2069 1987 1987 1987 2069 2069 2069 2068 2068 2068 1988 1988 1988 1989 1989 1989 2070 2070 2070 1988 1988 1988 2070 2070 2070 2069 2069 2069 1989 1989 1989 1990 1990 1990 2071 2071 2071 1989 1989 1989 2071 2071 2071 2070 2070 2070 1990 1990 1990 1991 1991 1991 2072 2072 2072 1990 1990 1990 2072 2072 2072 2071 2071 2071 1991 1991 1991 1992 1992 1992 2073 2073 2073 1991 1991 1991 2073 2073 2073 2072 2072 2072 1992 1992 1992 1993 1993 1993 2074 2074 2074 1992 1992 1992 2074 2074 2074 2073 2073 2073 1993 1993 1993 1994 1994 1994 2075 2075 2075 1993 1993 1993 2075 2075 2075 2074 2074 2074 1994 1994 1994 1995 1995 1995 2076 2076 2076 1994 1994 1994 2076 2076 2076 2075 2075 2075 1995 1995 1995 1996 1996 1996 2077 2077 2077 1995 1995 1995 2077 2077 2077 2076 2076 2076 1996 1996 1996 1997 1997 1997 2078 2078 2078 1996 1996 1996 2078 2078 2078 2077 2077 2077 1997 1997 1997 1998 1998 1998 2079 2079 2079 1997 1997 1997 2079 2079 2079 2078 2078 2078 1998 1998 1998 1999 1999 1999 2080 2080 2080 1998 1998 1998 2080 2080 2080 2079 2079 2079 1999 1999 1999 2000 2000 2000 2081 2081 2081 1999 1999 1999 2081 2081 2081 2080 2080 2080 2000 2000 2000 2001 2001 2001 2082 2082 2082 2000 2000 2000 2082 2082 2082 2081 2081 2081 2001 2001 2001 2002 2002 2002 2083 2083 2083 2001 2001 2001 2083 2083 2083 2082 2082 2082 2002 2002 2002 2003 2003 2003 2084 2084 2084 2002 2002 2002 2084 2084 2084 2083 2083 2083 2003 2003 2003 2004 2004 2004 2085 2085 2085 2003 2003 2003 2085 2085 2085 2084 2084 2084 2004 2004 2004 2005 2005 2005 2086 2086 2086 2004 2004 2004 2086 2086 2086 2085 2085 2085 2005 2005 2005 2006 2006 2006 2087 2087 2087 2005 2005 2005 2087 2087 2087 2086 2086 2086 2006 2006 2006 2007 2007 2007 2088 2088 2088 2006 2006 2006 2088 2088 2088 2087 2087 2087 2007 2007 2007 2008 2008 2008 2089 2089 2089 2007 2007 2007 2089 2089 2089 2088 2088 2088 2008 2008 2008 2009 2009 2009 2090 2090 2090 2008 2008 2008 2090 2090 2090 2089 2089 2089 2009 2009 2009 2010 2010 2010 2091 2091 2091 2009 2009 2009 2091 2091 2091 2090 2090 2090 2010 2010 2010 2011 2011 2011 2092 2092 2092 2010 2010 2010 2092 2092 2092 2091 2091 2091 2011 2011 2011 2012 2012 2012 2093 2093 2093 2011 2011 2011 2093 2093 2093 2092 2092 2092 2012 2012 2012 2013 2013 2013 2094 2094 2094 2012 2012 2012 2094 2094 2094 2093 2093 2093 2013 2013 2013 2014 2014 2014 2095 2095 2095 2013 2013 2013 2095 2095 2095 2094 2094 2094 2014 2014 2014 2015 2015 2015 2096 2096 2096 2014 2014 2014 2096 2096 2096 2095 2095 2095 2015 2015 2015 2016 2016 2016 2097 2097 2097 2015 2015 2015 2097 2097 2097 2096 2096 2096 2016 2016 2016 2017 2017 2017 2098 2098 2098 2016 2016 2016 2098 2098 2098 2097 2097 2097 2017 2017 2017 2018 2018 2018 2099 2099 2099 2017 2017 2017 2099 2099 2099 2098 2098 2098 2018 2018 2018 2019 2019 2019 2100 2100 2100 2018 2018 2018 2100 2100 2100 2099 2099 2099 2019 2019 2019 2020 2020 2020 2101 2101 2101 2019 2019 2019 2101 2101 2101 2100 2100 2100 2020 2020 2020 2021 2021 2021 2102 2102 2102 2020 2020 2020 2102 2102 2102 2101 2101 2101 2021 2021 2021 2022 2022 2022 2103 2103 2103 2021 2021 2021 2103 2103 2103 2102 2102 2102 2022 2022 2022 2023 2023 2023 2104 2104 2104 2022 2022 2022 2104 2104 2104 2103 2103 2103 2023 2023 2023 2024 2024 2024 2105 2105 2105 2023 2023 2023 2105 2105 2105 2104 2104 2104 2025 2025 2025 2026 2026 2026 2107 2107 2107 2025 2025 2025 2107 2107 2107 2106 2106 2106 2026 2026 2026 2027 2027 2027 2108 2108 2108 2026 2026 2026 2108 2108 2108 2107 2107 2107 2027 2027 2027 2028 2028 2028 2109 2109 2109 2027 2027 2027 2109 2109 2109 2108 2108 2108 2028 2028 2028 2029 2029 2029 2110 2110 2110 2028 2028 2028 2110 2110 2110 2109 2109 2109 2029 2029 2029 2030 2030 2030 2111 2111 2111 2029 2029 2029 2111 2111 2111 2110 2110 2110 2030 2030 2030 2031 2031 2031 2112 2112 2112 2030 2030 2030 2112 2112 2112 2111 2111 2111 2031 2031 2031 2032 2032 2032 2113 2113 2113 2031 2031 2031 2113 2113 2113 2112 2112 2112 2032 2032 2032 2033 2033 2033 2114 2114 2114 2032 2032 2032 2114 2114 2114 2113 2113 2113 2033 2033 2033 2034 2034 2034 2115 2115 2115 2033 2033 2033 2115 2115 2115 2114 2114 2114 2034 2034 2034 2035 2035 2035 2116 2116 2116 2034 2034 2034 2116 2116 2116 2115 2115 2115 2035 2035 2035 2036 2036 2036 2117 2117 2117 2035 2035 2035 2117 2117 2117 2116 2116 2116 2036 2036 2036 2037 2037 2037 2118 2118 2118 2036 2036 2036 2118 2118 2118 2117 2117 2117 2037 2037 2037 2038 2038 2038 2119 2119 2119 2037 2037 2037 2119 2119 2119 2118 2118 2118 2038 2038 2038 2039 2039 2039 2120 2120 2120 2038 2038 2038 2120 2120 2120 2119 2119 2119 2039 2039 2039 2040 2040 2040 2121 2121 2121 2039 2039 2039 2121 2121 2121 2120 2120 2120 2040 2040 2040 2041 2041 2041 2122 2122 2122 2040 2040 2040 2122 2122 2122 2121 2121 2121 2041 2041 2041 2042 2042 2042 2123 2123 2123 2041 2041 2041 2123 2123 2123 2122 2122 2122 2042 2042 2042 2043 2043 2043 2124 2124 2124 2042 2042 2042 2124 2124 2124 2123 2123 2123 2043 2043 2043 2044 2044 2044 2125 2125 2125 2043 2043 2043 2125 2125 2125 2124 2124 2124 2044 2044 2044 2045 2045 2045 2126 2126 2126 2044 2044 2044 2126 2126 2126 2125 2125 2125 2045 2045 2045 2046 2046 2046 2127 2127 2127 2045 2045 2045 2127 2127 2127 2126 2126 2126 2046 2046 2046 2047 2047 2047 2128 2128 2128 2046 2046 2046 2128 2128 2128 2127 2127 2127 2047 2047 2047 2048 2048 2048 2129 2129 2129 2047 2047 2047 2129 2129 2129 2128 2128 2128 2048 2048 2048 2049 2049 2049 2130 2130 2130 2048 2048 2048 2130 2130 2130 2129 2129 2129 2049 2049 2049 2050 2050 2050 2131 2131 2131 2049 2049 2049 2131 2131 2131 2130 2130 2130 2050 2050 2050 2051 2051 2051 2132 2132 2132 2050 2050 2050 2132 2132 2132 2131 2131 2131 2051 2051 2051 2052 2052 2052 2133 2133 2133 2051 2051 2051 2133 2133 2133 2132 2132 2132 2052 2052 2052 2053 2053 2053 2134 2134 2134 2052 2052 2052 2134 2134 2134 2133 2133 2133 2053 2053 2053 2054 2054 2054 2135 2135 2135 2053 2053 2053 2135 2135 2135 2134 2134 2134 2054 2054 2054 2055 2055 2055 2136 2136 2136 2054 2054 2054 2136 2136 2136 2135 2135 2135 2055 2055 2055 2056 2056 2056 2137 2137 2137 2055 2055 2055 2137 2137 2137 2136 2136 2136 2056 2056 2056 2057 2057 2057 2138 2138 2138 2056 2056 2056 2138 2138 2138 2137 2137 2137 2057 2057 2057 2058 2058 2058 2139 2139 2139 2057 2057 2057 2139 2139 2139 2138 2138 2138 2058 2058 2058 2059 2059 2059 2140 2140 2140 2058 2058 2058 2140 2140 2140 2139 2139 2139 2059 2059 2059 2060 2060 2060 2141 2141 2141 2059 2059 2059 2141 2141 2141 2140 2140 2140 2060 2060 2060 2061 2061 2061 2142 2142 2142 2060 2060 2060 2142 2142 2142 2141 2141 2141 2061 2061 2061 2062 2062 2062 2143 2143 2143 2061 2061 2061 2143 2143 2143 2142 2142 2142 2062 2062 2062 2063 2063 2063 2144 2144 2144 2062 2062 2062 2144 2144 2144 2143 2143 2143 2063 2063 2063 2064 2064 2064 2145 2145 2145 2063 2063 2063 2145 2145 2145 2144 2144 2144 2064 2064 2064 2065 2065 2065 2146 2146 2146 2064 2064 2064 2146 2146 2146 2145 2145 2145 2065 2065 2065 2066 2066 2066 2147 2147 2147 2065 2065 2065 2147 2147 2147 2146 2146 2146 2066 2066 2066 2067 2067 2067 2148 2148 2148 2066 2066 2066 2148 2148 2148 2147 2147 2147 2067 2067 2067 2068 2068 2068 2149 2149 2149 2067 2067 2067 2149 2149 2149 2148 2148 2148 2068 2068 2068 2069 2069 2069 2150 2150 2150 2068 2068 2068 2150 2150 2150 2149 2149 2149 2069 2069 2069 2070 2070 2070 2151 2151 2151 2069 2069 2069 2151 2151 2151 2150 2150 2150 2070 2070 2070 2071 2071 2071 2152 2152 2152 2070 2070 2070 2152 2152 2152 2151 2151 2151 2071 2071 2071 2072 2072 2072 2153 2153 2153 2071 2071 2071 2153 2153 2153 2152 2152 2152 2072 2072 2072 2073 2073 2073 2154 2154 2154 2072 2072 2072 2154 2154 2154 2153 2153 2153 2073 2073 2073 2074 2074 2074 2155 2155 2155 2073 2073 2073 2155 2155 2155 2154 2154 2154 2074 2074 2074 2075 2075 2075 2156 2156 2156 2074 2074 2074 2156 2156 2156 2155 2155 2155 2075 2075 2075 2076 2076 2076 2157 2157 2157 2075 2075 2075 2157 2157 2157 2156 2156 2156 2076 2076 2076 2077 2077 2077 2158 2158 2158 2076 2076 2076 2158 2158 2158 2157 2157 2157 2077 2077 2077 2078 2078 2078 2159 2159 2159 2077 2077 2077 2159 2159 2159 2158 2158 2158 2078 2078 2078 2079 2079 2079 2160 2160 2160 2078 2078 2078 2160 2160 2160 2159 2159 2159 2079 2079 2079 2080 2080 2080 2161 2161 2161 2079 2079 2079 2161 2161 2161 2160 2160 2160 2080 2080 2080 2081 2081 2081 2162 2162 2162 2080 2080 2080 2162 2162 2162 2161 2161 2161 2081 2081 2081 2082 2082 2082 2163 2163 2163 2081 2081 2081 2163 2163 2163 2162 2162 2162 2082 2082 2082 2083 2083 2083 2164 2164 2164 2082 2082 2082 2164 2164 2164 2163 2163 2163 2083 2083 2083 2084 2084 2084 2165 2165 2165 2083 2083 2083 2165 2165 2165 2164 2164 2164 2084 2084 2084 2085 2085 2085 2166 2166 2166 2084 2084 2084 2166 2166 2166 2165 2165 2165 2085 2085 2085 2086 2086 2086 2167 2167 2167 2085 2085 2085 2167 2167 2167 2166 2166 2166 2086 2086 2086 2087 2087 2087 2168 2168 2168 2086 2086 2086 2168 2168 2168 2167 2167 2167 2087 2087 2087 2088 2088 2088 2169 2169 2169 2087 2087 2087 2169 2169 2169 2168 2168 2168 2088 2088 2088 2089 2089 2089 2170 2170 2170 2088 2088 2088 2170 2170 2170 2169 2169 2169 2089 2089 2089 2090 2090 2090 2171 2171 2171 2089 2089 2089 2171 2171 2171 2170 2170 2170 2090 2090 2090 2091 2091 2091 2172 2172 2172 2090 2090 2090 2172 2172 2172 2171 2171 2171 2091 2091 2091 2092 2092 2092 2173 2173 2173 2091 2091 2091 2173 2173 2173 2172 2172 2172 2092 2092 2092 2093 2093 2093 2174 2174 2174 2092 2092 2092 2174 2174 2174 2173 2173 2173 2093 2093 2093 2094 2094 2094 2175 2175 2175 2093 2093 2093 2175 2175 2175 2174 2174 2174 2094 2094 2094 2095 2095 2095 2176 2176 2176 2094 2094 2094 2176 2176 2176 2175 2175 2175 2095 2095 2095 2096 2096 2096 2177 2177 2177 2095 2095 2095 2177 2177 2177 2176 2176 2176 2096 2096 2096 2097 2097 2097 2178 2178 2178 2096 2096 2096 2178 2178 2178 2177 2177 2177 2097 2097 2097 2098 2098 2098 2179 2179 2179 2097 2097 2097 2179 2179 2179 2178 2178 2178 2098 2098 2098 2099 2099 2099 2180 2180 2180 2098 2098 2098 2180 2180 2180 2179 2179 2179 2099 2099 2099 2100 2100 2100 2181 2181 2181 2099 2099 2099 2181 2181 2181 2180 2180 2180 2100 2100 2100 2101 2101 2101 2182 2182 2182 2100 2100 2100 2182 2182 2182 2181 2181 2181 2101 2101 2101 2102 2102 2102 2183 2183 2183 2101 2101 2101 2183 2183 2183 2182 2182 2182 2102 2102 2102 2103 2103 2103 2184 2184 2184 2102 2102 2102 2184 2184 2184 2183 2183 2183 2103 2103 2103 2104 2104 2104 2185 2185 2185 2103 2103 2103 2185 2185 2185 2184 2184 2184 2104 2104 2104 2105 2105 2105 2186 2186 2186 2104 2104 2104 2186 2186 2186 2185 2185 2185 2106 2106 2106 2107 2107 2107 2188 2188 2188 2106 2106 2106 2188 2188 2188 2187 2187 2187 2107 2107 2107 2108 2108 2108 2189 2189 2189 2107 2107 2107 2189 2189 2189 2188 2188 2188 2108 2108 2108 2109 2109 2109 2190 2190 2190 2108 2108 2108 2190 2190 2190 2189 2189 2189 2109 2109 2109 2110 2110 2110 2191 2191 2191 2109 2109 2109 2191 2191 2191 2190 2190 2190 2110 2110 2110 2111 2111 2111 2192 2192 2192 2110 2110 2110 2192 2192 2192 2191 2191 2191 2111 2111 2111 2112 2112 2112 2193 2193 2193 2111 2111 2111 2193 2193 2193 2192 2192 2192 2112 2112 2112 2113 2113 2113 2194 2194 2194 2112 2112 2112 2194 2194 2194 2193 2193 2193 2113 2113 2113 2114 2114 2114 2195 2195 2195 2113 2113 2113 2195 2195 2195 2194 2194 2194 2114 2114 2114 2115 2115 2115 2196 2196 2196 2114 2114 2114 2196 2196 2196 2195 2195 2195 2115 2115 2115 2116 2116 2116 2197 2197 2197 2115 2115 2115 2197 2197 2197 2196 2196 2196 2116 2116 2116 2117 2117 2117 2198 2198 2198 2116 2116 2116 2198 2198 2198 2197 2197 2197 2117 2117 2117 2118 2118 2118 2199 2199 2199 2117 2117 2117 2199 2199 2199 2198 2198 2198 2118 2118 2118 2119 2119 2119 2200 2200 2200 2118 2118 2118 2200 2200 2200 2199 2199 2199 2119 2119 2119 2120 2120 2120 2201 2201 2201 2119 2119 2119 2201 2201 2201 2200 2200 2200 2120 2120 2120 2121 2121 2121 2202 2202 2202 2120 2120 2120 2202 2202 2202 2201 2201 2201 2121 2121 2121 2122 2122 2122 2203 2203 2203 2121 2121 2121 2203 2203 2203 2202 2202 2202 2122 2122 2122 2123 2123 2123 2204 2204 2204 2122 2122 2122 2204 2204 2204 2203 2203 2203 2123 2123 2123 2124 2124 2124 2205 2205 2205 2123 2123 2123 2205 2205 2205 2204 2204 2204 2124 2124 2124 2125 2125 2125 2206 2206 2206 2124 2124 2124 2206 2206 2206 2205 2205 2205 2125 2125 2125 2126 2126 2126 2207 2207 2207 2125 2125 2125 2207 2207 2207 2206 2206 2206 2126 2126 2126 2127 2127 2127 2208 2208 2208 2126 2126 2126 2208 2208 2208 2207 2207 2207 2127 2127 2127 2128 2128 2128 2209 2209 2209 2127 2127 2127 2209 2209 2209 2208 2208 2208 2128 2128 2128 2129 2129 2129 2210 2210 2210 2128 2128 2128 2210 2210 2210 2209 2209 2209 2129 2129 2129 2130 2130 2130 2211 2211 2211 2129 2129 2129 2211 2211 2211 2210 2210 2210 2130 2130 2130 2131 2131 2131 2212 2212 2212 2130 2130 2130 2212 2212 2212 2211 2211 2211 2131 2131 2131 2132 2132 2132 2213 2213 2213 2131 2131 2131 2213 2213 2213 2212 2212 2212 2132 2132 2132 2133 2133 2133 2214 2214 2214 2132 2132 2132 2214 2214 2214 2213 2213 2213 2133 2133 2133 2134 2134 2134 2215 2215 2215 2133 2133 2133 2215 2215 2215 2214 2214 2214 2134 2134 2134 2135 2135 2135 2216 2216 2216 2134 2134 2134 2216 2216 2216 2215 2215 2215 2135 2135 2135 2136 2136 2136 2217 2217 2217 2135 2135 2135 2217 2217 2217 2216 2216 2216 2136 2136 2136 2137 2137 2137 2218 2218 2218 2136 2136 2136 2218 2218 2218 2217 2217 2217 2137 2137 2137 2138 2138 2138 2219 2219 2219 2137 2137 2137 2219 2219 2219 2218 2218 2218 2138 2138 2138 2139 2139 2139 2220 2220 2220 2138 2138 2138 2220 2220 2220 2219 2219 2219 2139 2139 2139 2140 2140 2140 2221 2221 2221 2139 2139 2139 2221 2221 2221 2220 2220 2220 2140 2140 2140 2141 2141 2141 2222 2222 2222 2140 2140 2140 2222 2222 2222 2221 2221 2221 2141 2141 2141 2142 2142 2142 2223 2223 2223 2141 2141 2141 2223 2223 2223 2222 2222 2222 2142 2142 2142 2143 2143 2143 2224 2224 2224 2142 2142 2142 2224 2224 2224 2223 2223 2223 2143 2143 2143 2144 2144 2144 2225 2225 2225 2143 2143 2143 2225 2225 2225 2224 2224 2224 2144 2144 2144 2145 2145 2145 2226 2226 2226 2144 2144 2144 2226 2226 2226 2225 2225 2225 2145 2145 2145 2146 2146 2146 2227 2227 2227 2145 2145 2145 2227 2227 2227 2226 2226 2226 2146 2146 2146 2147 2147 2147 2228 2228 2228 2146 2146 2146 2228 2228 2228 2227 2227 2227 2147 2147 2147 2148 2148 2148 2229 2229 2229 2147 2147 2147 2229 2229 2229 2228 2228 2228 2148 2148 2148 2149 2149 2149 2230 2230 2230 2148 2148 2148 2230 2230 2230 2229 2229 2229 2149 2149 2149 2150 2150 2150 2231 2231 2231 2149 2149 2149 2231 2231 2231 2230 2230 2230 2150 2150 2150 2151 2151 2151 2232 2232 2232 2150 2150 2150 2232 2232 2232 2231 2231 2231 2151 2151 2151 2152 2152 2152 2233 2233 2233 2151 2151 2151 2233 2233 2233 2232 2232 2232 2152 2152 2152 2153 2153 2153 2234 2234 2234 2152 2152 2152 2234 2234 2234 2233 2233 2233 2153 2153 2153 2154 2154 2154 2235 2235 2235 2153 2153 2153 2235 2235 2235 2234 2234 2234 2154 2154 2154 2155 2155 2155 2236 2236 2236 2154 2154 2154 2236 2236 2236 2235 2235 2235 2155 2155 2155 2156 2156 2156 2237 2237 2237 2155 2155 2155 2237 2237 2237 2236 2236 2236 2156 2156 2156 2157 2157 2157 2238 2238 2238 2156 2156 2156 2238 2238 2238 2237 2237 2237 2157 2157 2157 2158 2158 2158 2239 2239 2239 2157 2157 2157 2239 2239 2239 2238 2238 2238 2158 2158 2158 2159 2159 2159 2240 2240 2240 2158 2158 2158 2240 2240 2240 2239 2239 2239 2159 2159 2159 2160 2160 2160 2241 2241 2241 2159 2159 2159 2241 2241 2241 2240 2240 2240 2160 2160 2160 2161 2161 2161 2242 2242 2242 2160 2160 2160 2242 2242 2242 2241 2241 2241 2161 2161 2161 2162 2162 2162 2243 2243 2243 2161 2161 2161 2243 2243 2243 2242 2242 2242 2162 2162 2162 2163 2163 2163 2244 2244 2244 2162 2162 2162 2244 2244 2244 2243 2243 2243 2163 2163 2163 2164 2164 2164 2245 2245 2245 2163 2163 2163 2245 2245 2245 2244 2244 2244 2164 2164 2164 2165 2165 2165 2246 2246 2246 2164 2164 2164 2246 2246 2246 2245 2245 2245 2165 2165 2165 2166 2166 2166 2247 2247 2247 2165 2165 2165 2247 2247 2247 2246 2246 2246 2166 2166 2166 2167 2167 2167 2248 2248 2248 2166 2166 2166 2248 2248 2248 2247 2247 2247 2167 2167 2167 2168 2168 2168 2249 2249 2249 2167 2167 2167 2249 2249 2249 2248 2248 2248 2168 2168 2168 2169 2169 2169 2250 2250 2250 2168 2168 2168 2250 2250 2250 2249 2249 2249 2169 2169 2169 2170 2170 2170 2251 2251 2251 2169 2169 2169 2251 2251 2251 2250 2250 2250 2170 2170 2170 2171 2171 2171 2252 2252 2252 2170 2170 2170 2252 2252 2252 2251 2251 2251 2171 2171 2171 2172 2172 2172 2253 2253 2253 2171 2171 2171 2253 2253 2253 2252 2252 2252 2172 2172 2172 2173 2173 2173 2254 2254 2254 2172 2172 2172 2254 2254 2254 2253 2253 2253 2173 2173 2173 2174 2174 2174 2255 2255 2255 2173 2173 2173 2255 2255 2255 2254 2254 2254 2174 2174 2174 2175 2175 2175 2256 2256 2256 2174 2174 2174 2256 2256 2256 2255 2255 2255 2175 2175 2175 2176 2176 2176 2257 2257 2257 2175 2175 2175 2257 2257 2257 2256 2256 2256 2176 2176 2176 2177 2177 2177 2258 2258 2258 2176 2176 2176 2258 2258 2258 2257 2257 2257 2177 2177 2177 2178 2178 2178 2259 2259 2259 2177 2177 2177 2259 2259 2259 2258 2258 2258 2178 2178 2178 2179 2179 2179 2260 2260 2260 2178 2178 2178 2260 2260 2260 2259 2259 2259 2179 2179 2179 2180 2180 2180 2261 2261 2261 2179 2179 2179 2261 2261 2261 2260 2260 2260 2180 2180 2180 2181 2181 2181 2262 2262 2262 2180 2180 2180 2262 2262 2262 2261 2261 2261 2181 2181 2181 2182 2182 2182 2263 2263 2263 2181 2181 2181 2263 2263 2263 2262 2262 2262 2182 2182 2182 2183 2183 2183 2264 2264 2264 2182 2182 2182 2264 2264 2264 2263 2263 2263 2183 2183 2183 2184 2184 2184 2265 2265 2265 2183 2183 2183 2265 2265 2265 2264 2264 2264 2184 2184 2184 2185 2185 2185 2266 2266 2266 2184 2184 2184 2266 2266 2266 2265 2265 2265 2185 2185 2185 2186 2186 2186 2267 2267 2267 2185 2185 2185 2267 2267 2267 2266 2266 2266 2187 2187 2187 2188 2188 2188 2269 2269 2269 2187 2187 2187 2269 2269 2269 2268 2268 2268 2188 2188 2188 2189 2189 2189 2270 2270 2270 2188 2188 2188 2270 2270 2270 2269 2269 2269 2189 2189 2189 2190 2190 2190 2271 2271 2271 2189 2189 2189 2271 2271 2271 2270 2270 2270 2190 2190 2190 2191 2191 2191 2272 2272 2272 2190 2190 2190 2272 2272 2272 2271 2271 2271 2191 2191 2191 2192 2192 2192 2273 2273 2273 2191 2191 2191 2273 2273 2273 2272 2272 2272 2192 2192 2192 2193 2193 2193 2274 2274 2274 2192 2192 2192 2274 2274 2274 2273 2273 2273 2193 2193 2193 2194 2194 2194 2275 2275 2275 2193 2193 2193 2275 2275 2275 2274 2274 2274 2194 2194 2194 2195 2195 2195 2276 2276 2276 2194 2194 2194 2276 2276 2276 2275 2275 2275 2195 2195 2195 2196 2196 2196 2277 2277 2277 2195 2195 2195 2277 2277 2277 2276 2276 2276 2196 2196 2196 2197 2197 2197 2278 2278 2278 2196 2196 2196 2278 2278 2278 2277 2277 2277 2197 2197 2197 2198 2198 2198 2279 2279 2279 2197 2197 2197 2279 2279 2279 2278 2278 2278 2198 2198 2198 2199 2199 2199 2280 2280 2280 2198 2198 2198 2280 2280 2280 2279 2279 2279 2199 2199 2199 2200 2200 2200 2281 2281 2281 2199 2199 2199 2281 2281 2281 2280 2280 2280 2200 2200 2200 2201 2201 2201 2282 2282 2282 2200 2200 2200 2282 2282 2282 2281 2281 2281 2201 2201 2201 2202 2202 2202 2283 2283 2283 2201 2201 2201 2283 2283 2283 2282 2282 2282 2202 2202 2202 2203 2203 2203 2284 2284 2284 2202 2202 2202 2284 2284 2284 2283 2283 2283 2203 2203 2203 2204 2204 2204 2285 2285 2285 2203 2203 2203 2285 2285 2285 2284 2284 2284 2204 2204 2204 2205 2205 2205 2286 2286 2286 2204 2204 2204 2286 2286 2286 2285 2285 2285 2205 2205 2205 2206 2206 2206 2287 2287 2287 2205 2205 2205 2287 2287 2287 2286 2286 2286 2206 2206 2206 2207 2207 2207 2288 2288 2288 2206 2206 2206 2288 2288 2288 2287 2287 2287 2207 2207 2207 2208 2208 2208 2289 2289 2289 2207 2207 2207 2289 2289 2289 2288 2288 2288 2208 2208 2208 2209 2209 2209 2290 2290 2290 2208 2208 2208 2290 2290 2290 2289 2289 2289 2209 2209 2209 2210 2210 2210 2291 2291 2291 2209 2209 2209 2291 2291 2291 2290 2290 2290 2210 2210 2210 2211 2211 2211 2292 2292 2292 2210 2210 2210 2292 2292 2292 2291 2291 2291 2211 2211 2211 2212 2212 2212 2293 2293 2293 2211 2211 2211 2293 2293 2293 2292 2292 2292 2212 2212 2212 2213 2213 2213 2294 2294 2294 2212 2212 2212 2294 2294 2294 2293 2293 2293 2213 2213 2213 2214 2214 2214 2295 2295 2295 2213 2213 2213 2295 2295 2295 2294 2294 2294 2214 2214 2214 2215 2215 2215 2296 2296 2296 2214 2214 2214 2296 2296 2296 2295 2295 2295 2215 2215 2215 2216 2216 2216 2297 2297 2297 2215 2215 2215 2297 2297 2297 2296 2296 2296 2216 2216 2216 2217 2217 2217 2298 2298 2298 2216 2216 2216 2298 2298 2298 2297 2297 2297 2217 2217 2217 2218 2218 2218 2299 2299 2299 2217 2217 2217 2299 2299 2299 2298 2298 2298 2218 2218 2218 2219 2219 2219 2300 2300 2300 2218 2218 2218 2300 2300 2300 2299 2299 2299 2219 2219 2219 2220 2220 2220 2301 2301 2301 2219 2219 2219 2301 2301 2301 2300 2300 2300 2220 2220 2220 2221 2221 2221 2302 2302 2302 2220 2220 2220 2302 2302 2302 2301 2301 2301 2221 2221 2221 2222 2222 2222 2303 2303 2303 2221 2221 2221 2303 2303 2303 2302 2302 2302 2222 2222 2222 2223 2223 2223 2304 2304 2304 2222 2222 2222 2304 2304 2304 2303 2303 2303 2223 2223 2223 2224 2224 2224 2305 2305 2305 2223 2223 2223 2305 2305 2305 2304 2304 2304 2224 2224 2224 2225 2225 2225 2306 2306 2306 2224 2224 2224 2306 2306 2306 2305 2305 2305 2225 2225 2225 2226 2226 2226 2307 2307 2307 2225 2225 2225 2307 2307 2307 2306 2306 2306 2226 2226 2226 2227 2227 2227 2308 2308 2308 2226 2226 2226 2308 2308 2308 2307 2307 2307 2227 2227 2227 2228 2228 2228 2309 2309 2309 2227 2227 2227 2309 2309 2309 2308 2308 2308 2228 2228 2228 2229 2229 2229 2310 2310 2310 2228 2228 2228 2310 2310 2310 2309 2309 2309 2229 2229 2229 2230 2230 2230 2311 2311 2311 2229 2229 2229 2311 2311 2311 2310 2310 2310 2230 2230 2230 2231 2231 2231 2312 2312 2312 2230 2230 2230 2312 2312 2312 2311 2311 2311 2231 2231 2231 2232 2232 2232 2313 2313 2313 2231 2231 2231 2313 2313 2313 2312 2312 2312 2232 2232 2232 2233 2233 2233 2314 2314 2314 2232 2232 2232 2314 2314 2314 2313 2313 2313 2233 2233 2233 2234 2234 2234 2315 2315 2315 2233 2233 2233 2315 2315 2315 2314 2314 2314 2234 2234 2234 2235 2235 2235 2316 2316 2316 2234 2234 2234 2316 2316 2316 2315 2315 2315 2235 2235 2235 2236 2236 2236 2317 2317 2317 2235 2235 2235 2317 2317 2317 2316 2316 2316 2236 2236 2236 2237 2237 2237 2318 2318 2318 2236 2236 2236 2318 2318 2318 2317 2317 2317 2237 2237 2237 2238 2238 2238 2319 2319 2319 2237 2237 2237 2319 2319 2319 2318 2318 2318 2238 2238 2238 2239 2239 2239 2320 2320 2320 2238 2238 2238 2320 2320 2320 2319 2319 2319 2239 2239 2239 2240 2240 2240 2321 2321 2321 2239 2239 2239 2321 2321 2321 2320 2320 2320 2240 2240 2240 2241 2241 2241 2322 2322 2322 2240 2240 2240 2322 2322 2322 2321 2321 2321 2241 2241 2241 2242 2242 2242 2323 2323 2323 2241 2241 2241 2323 2323 2323 2322 2322 2322 2242 2242 2242 2243 2243 2243 2324 2324 2324 2242 2242 2242 2324 2324 2324 2323 2323 2323 2243 2243 2243 2244 2244 2244 2325 2325 2325 2243 2243 2243 2325 2325 2325 2324 2324 2324 2244 2244 2244 2245 2245 2245 2326 2326 2326 2244 2244 2244 2326 2326 2326 2325 2325 2325 2245 2245 2245 2246 2246 2246 2327 2327 2327 2245 2245 2245 2327 2327 2327 2326 2326 2326 2246 2246 2246 2247 2247 2247 2328 2328 2328 2246 2246 2246 2328 2328 2328 2327 2327 2327 2247 2247 2247 2248 2248 2248 2329 2329 2329 2247 2247 2247 2329 2329 2329 2328 2328 2328 2248 2248 2248 2249 2249 2249 2330 2330 2330 2248 2248 2248 2330 2330 2330 2329 2329 2329 2249 2249 2249 2250 2250 2250 2331 2331 2331 2249 2249 2249 2331 2331 2331 2330 2330 2330 2250 2250 2250 2251 2251 2251 2332 2332 2332 2250 2250 2250 2332 2332 2332 2331 2331 2331 2251 2251 2251 2252 2252 2252 2333 2333 2333 2251 2251 2251 2333 2333 2333 2332 2332 2332 2252 2252 2252 2253 2253 2253 2334 2334 2334 2252 2252 2252 2334 2334 2334 2333 2333 2333 2253 2253 2253 2254 2254 2254 2335 2335 2335 2253 2253 2253 2335 2335 2335 2334 2334 2334 2254 2254 2254 2255 2255 2255 2336 2336 2336 2254 2254 2254 2336 2336 2336 2335 2335 2335 2255 2255 2255 2256 2256 2256 2337 2337 2337 2255 2255 2255 2337 2337 2337 2336 2336 2336 2256 2256 2256 2257 2257 2257 2338 2338 2338 2256 2256 2256 2338 2338 2338 2337 2337 2337 2257 2257 2257 2258 2258 2258 2339 2339 2339 2257 2257 2257 2339 2339 2339 2338 2338 2338 2258 2258 2258 2259 2259 2259 2340 2340 2340 2258 2258 2258 2340 2340 2340 2339 2339 2339 2259 2259 2259 2260 2260 2260 2341 2341 2341 2259 2259 2259 2341 2341 2341 2340 2340 2340 2260 2260 2260 2261 2261 2261 2342 2342 2342 2260 2260 2260 2342 2342 2342 2341 2341 2341 2261 2261 2261 2262 2262 2262 2343 2343 2343 2261 2261 2261 2343 2343 2343 2342 2342 2342 2262 2262 2262 2263 2263 2263 2344 2344 2344 2262 2262 2262 2344 2344 2344 2343 2343 2343 2263 2263 2263 2264 2264 2264 2345 2345 2345 2263 2263 2263 2345 2345 2345 2344 2344 2344 2264 2264 2264 2265 2265 2265 2346 2346 2346 2264 2264 2264 2346 2346 2346 2345 2345 2345 2265 2265 2265 2266 2266 2266 2347 2347 2347 2265 2265 2265 2347 2347 2347 2346 2346 2346 2266 2266 2266 2267 2267 2267 2348 2348 2348 2266 2266 2266 2348 2348 2348 2347 2347 2347 2268 2268 2268 2269 2269 2269 2350 2350 2350 2268 2268 2268 2350 2350 2350 2349 2349 2349 2269 2269 2269 2270 2270 2270 2351 2351 2351 2269 2269 2269 2351 2351 2351 2350 2350 2350 2270 2270 2270 2271 2271 2271 2352 2352 2352 2270 2270 2270 2352 2352 2352 2351 2351 2351 2271 2271 2271 2272 2272 2272 2353 2353 2353 2271 2271 2271 2353 2353 2353 2352 2352 2352 2272 2272 2272 2273 2273 2273 2354 2354 2354 2272 2272 2272 2354 2354 2354 2353 2353 2353 2273 2273 2273 2274 2274 2274 2355 2355 2355 2273 2273 2273 2355 2355 2355 2354 2354 2354 2274 2274 2274 2275 2275 2275 2356 2356 2356 2274 2274 2274 2356 2356 2356 2355 2355 2355 2275 2275 2275 2276 2276 2276 2357 2357 2357 2275 2275 2275 2357 2357 2357 2356 2356 2356 2276 2276 2276 2277 2277 2277 2358 2358 2358 2276 2276 2276 2358 2358 2358 2357 2357 2357 2277 2277 2277 2278 2278 2278 2359 2359 2359 2277 2277 2277 2359 2359 2359 2358 2358 2358 2278 2278 2278 2279 2279 2279 2360 2360 2360 2278 2278 2278 2360 2360 2360 2359 2359 2359 2279 2279 2279 2280 2280 2280 2361 2361 2361 2279 2279 2279 2361 2361 2361 2360 2360 2360 2280 2280 2280 2281 2281 2281 2362 2362 2362 2280 2280 2280 2362 2362 2362 2361 2361 2361 2281 2281 2281 2282 2282 2282 2363 2363 2363 2281 2281 2281 2363 2363 2363 2362 2362 2362 2282 2282 2282 2283 2283 2283 2364 2364 2364 2282 2282 2282 2364 2364 2364 2363 2363 2363 2283 2283 2283 2284 2284 2284 2365 2365 2365 2283 2283 2283 2365 2365 2365 2364 2364 2364 2284 2284 2284 2285 2285 2285 2366 2366 2366 2284 2284 2284 2366 2366 2366 2365 2365 2365 2285 2285 2285 2286 2286 2286 2367 2367 2367 2285 2285 2285 2367 2367 2367 2366 2366 2366 2286 2286 2286 2287 2287 2287 2368 2368 2368 2286 2286 2286 2368 2368 2368 2367 2367 2367 2287 2287 2287 2288 2288 2288 2369 2369 2369 2287 2287 2287 2369 2369 2369 2368 2368 2368 2288 2288 2288 2289 2289 2289 2370 2370 2370 2288 2288 2288 2370 2370 2370 2369 2369 2369 2289 2289 2289 2290 2290 2290 2371 2371 2371 2289 2289 2289 2371 2371 2371 2370 2370 2370 2290 2290 2290 2291 2291 2291 2372 2372 2372 2290 2290 2290 2372 2372 2372 2371 2371 2371 2291 2291 2291 2292 2292 2292 2373 2373 2373 2291 2291 2291 2373 2373 2373 2372 2372 2372 2292 2292 2292 2293 2293 2293 2374 2374 2374 2292 2292 2292 2374 2374 2374 2373 2373 2373 2293 2293 2293 2294 2294 2294 2375 2375 2375 2293 2293 2293 2375 2375 2375 2374 2374 2374 2294 2294 2294 2295 2295 2295 2376 2376 2376 2294 2294 2294 2376 2376 2376 2375 2375 2375 2295 2295 2295 2296 2296 2296 2377 2377 2377 2295 2295 2295 2377 2377 2377 2376 2376 2376 2296 2296 2296 2297 2297 2297 2378 2378 2378 2296 2296 2296 2378 2378 2378 2377 2377 2377 2297 2297 2297 2298 2298 2298 2379 2379 2379 2297 2297 2297 2379 2379 2379 2378 2378 2378 2298 2298 2298 2299 2299 2299 2380 2380 2380 2298 2298 2298 2380 2380 2380 2379 2379 2379 2299 2299 2299 2300 2300 2300 2381 2381 2381 2299 2299 2299 2381 2381 2381 2380 2380 2380 2300 2300 2300 2301 2301 2301 2382 2382 2382 2300 2300 2300 2382 2382 2382 2381 2381 2381 2301 2301 2301 2302 2302 2302 2383 2383 2383 2301 2301 2301 2383 2383 2383 2382 2382 2382 2302 2302 2302 2303 2303 2303 2384 2384 2384 2302 2302 2302 2384 2384 2384 2383 2383 2383 2303 2303 2303 2304 2304 2304 2385 2385 2385 2303 2303 2303 2385 2385 2385 2384 2384 2384 2304 2304 2304 2305 2305 2305 2386 2386 2386 2304 2304 2304 2386 2386 2386 2385 2385 2385 2305 2305 2305 2306 2306 2306 2387 2387 2387 2305 2305 2305 2387 2387 2387 2386 2386 2386 2306 2306 2306 2307 2307 2307 2388 2388 2388 2306 2306 2306 2388 2388 2388 2387 2387 2387 2307 2307 2307 2308 2308 2308 2389 2389 2389 2307 2307 2307 2389 2389 2389 2388 2388 2388 2308 2308 2308 2309 2309 2309 2390 2390 2390 2308 2308 2308 2390 2390 2390 2389 2389 2389 2309 2309 2309 2310 2310 2310 2391 2391 2391 2309 2309 2309 2391 2391 2391 2390 2390 2390 2310 2310 2310 2311 2311 2311 2392 2392 2392 2310 2310 2310 2392 2392 2392 2391 2391 2391 2311 2311 2311 2312 2312 2312 2393 2393 2393 2311 2311 2311 2393 2393 2393 2392 2392 2392 2312 2312 2312 2313 2313 2313 2394 2394 2394 2312 2312 2312 2394 2394 2394 2393 2393 2393 2313 2313 2313 2314 2314 2314 2395 2395 2395 2313 2313 2313 2395 2395 2395 2394 2394 2394 2314 2314 2314 2315 2315 2315 2396 2396 2396 2314 2314 2314 2396 2396 2396 2395 2395 2395 2315 2315 2315 2316 2316 2316 2397 2397 2397 2315 2315 2315 2397 2397 2397 2396 2396 2396 2316 2316 2316 2317 2317 2317 2398 2398 2398 2316 2316 2316 2398 2398 2398 2397 2397 2397 2317 2317 2317 2318 2318 2318 2399 2399 2399 2317 2317 2317 2399 2399 2399 2398 2398 2398 2318 2318 2318 2319 2319 2319 2400 2400 2400 2318 2318 2318 2400 2400 2400 2399 2399 2399 2319 2319 2319 2320 2320 2320 2401 2401 2401 2319 2319 2319 2401 2401 2401 2400 2400 2400 2320 2320 2320 2321 2321 2321 2402 2402 2402 2320 2320 2320 2402 2402 2402 2401 2401 2401 2321 2321 2321 2322 2322 2322 2403 2403 2403 2321 2321 2321 2403 2403 2403 2402 2402 2402 2322 2322 2322 2323 2323 2323 2404 2404 2404 2322 2322 2322 2404 2404 2404 2403 2403 2403 2323 2323 2323 2324 2324 2324 2405 2405 2405 2323 2323 2323 2405 2405 2405 2404 2404 2404 2324 2324 2324 2325 2325 2325 2406 2406 2406 2324 2324 2324 2406 2406 2406 2405 2405 2405 2325 2325 2325 2326 2326 2326 2407 2407 2407 2325 2325 2325 2407 2407 2407 2406 2406 2406 2326 2326 2326 2327 2327 2327 2408 2408 2408 2326 2326 2326 2408 2408 2408 2407 2407 2407 2327 2327 2327 2328 2328 2328 2409 2409 2409 2327 2327 2327 2409 2409 2409 2408 2408 2408 2328 2328 2328 2329 2329 2329 2410 2410 2410 2328 2328 2328 2410 2410 2410 2409 2409 2409 2329 2329 2329 2330 2330 2330 2411 2411 2411 2329 2329 2329 2411 2411 2411 2410 2410 2410 2330 2330 2330 2331 2331 2331 2412 2412 2412 2330 2330 2330 2412 2412 2412 2411 2411 2411 2331 2331 2331 2332 2332 2332 2413 2413 2413 2331 2331 2331 2413 2413 2413 2412 2412 2412 2332 2332 2332 2333 2333 2333 2414 2414 2414 2332 2332 2332 2414 2414 2414 2413 2413 2413 2333 2333 2333 2334 2334 2334 2415 2415 2415 2333 2333 2333 2415 2415 2415 2414 2414 2414 2334 2334 2334 2335 2335 2335 2416 2416 2416 2334 2334 2334 2416 2416 2416 2415 2415 2415 2335 2335 2335 2336 2336 2336 2417 2417 2417 2335 2335 2335 2417 2417 2417 2416 2416 2416 2336 2336 2336 2337 2337 2337 2418 2418 2418 2336 2336 2336 2418 2418 2418 2417 2417 2417 2337 2337 2337 2338 2338 2338 2419 2419 2419 2337 2337 2337 2419 2419 2419 2418 2418 2418 2338 2338 2338 2339 2339 2339 2420 2420 2420 2338 2338 2338 2420 2420 2420 2419 2419 2419 2339 2339 2339 2340 2340 2340 2421 2421 2421 2339 2339 2339 2421 2421 2421 2420 2420 2420 2340 2340 2340 2341 2341 2341 2422 2422 2422 2340 2340 2340 2422 2422 2422 2421 2421 2421 2341 2341 2341 2342 2342 2342 2423 2423 2423 2341 2341 2341 2423 2423 2423 2422 2422 2422 2342 2342 2342 2343 2343 2343 2424 2424 2424 2342 2342 2342 2424 2424 2424 2423 2423 2423 2343 2343 2343 2344 2344 2344 2425 2425 2425 2343 2343 2343 2425 2425 2425 2424 2424 2424 2344 2344 2344 2345 2345 2345 2426 2426 2426 2344 2344 2344 2426 2426 2426 2425 2425 2425 2345 2345 2345 2346 2346 2346 2427 2427 2427 2345 2345 2345 2427 2427 2427 2426 2426 2426 2346 2346 2346 2347 2347 2347 2428 2428 2428 2346 2346 2346 2428 2428 2428 2427 2427 2427 2347 2347 2347 2348 2348 2348 2429 2429 2429 2347 2347 2347 2429 2429 2429 2428 2428 2428 2349 2349 2349 2350 2350 2350 2431 2431 2431 2349 2349 2349 2431 2431 2431 2430 2430 2430 2350 2350 2350 2351 2351 2351 2432 2432 2432 2350 2350 2350 2432 2432 2432 2431 2431 2431 2351 2351 2351 2352 2352 2352 2433 2433 2433 2351 2351 2351 2433 2433 2433 2432 2432 2432 2352 2352 2352 2353 2353 2353 2434 2434 2434 2352 2352 2352 2434 2434 2434 2433 2433 2433 2353 2353 2353 2354 2354 2354 2435 2435 2435 2353 2353 2353 2435 2435 2435 2434 2434 2434 2354 2354 2354 2355 2355 2355 2436 2436 2436 2354 2354 2354 2436 2436 2436 2435 2435 2435 2355 2355 2355 2356 2356 2356 2437 2437 2437 2355 2355 2355 2437 2437 2437 2436 2436 2436 2356 2356 2356 2357 2357 2357 2438 2438 2438 2356 2356 2356 2438 2438 2438 2437 2437 2437 2357 2357 2357 2358 2358 2358 2439 2439 2439 2357 2357 2357 2439 2439 2439 2438 2438 2438 2358 2358 2358 2359 2359 2359 2440 2440 2440 2358 2358 2358 2440 2440 2440 2439 2439 2439 2359 2359 2359 2360 2360 2360 2441 2441 2441 2359 2359 2359 2441 2441 2441 2440 2440 2440 2360 2360 2360 2361 2361 2361 2442 2442 2442 2360 2360 2360 2442 2442 2442 2441 2441 2441 2361 2361 2361 2362 2362 2362 2443 2443 2443 2361 2361 2361 2443 2443 2443 2442 2442 2442 2362 2362 2362 2363 2363 2363 2444 2444 2444 2362 2362 2362 2444 2444 2444 2443 2443 2443 2363 2363 2363 2364 2364 2364 2445 2445 2445 2363 2363 2363 2445 2445 2445 2444 2444 2444 2364 2364 2364 2365 2365 2365 2446 2446 2446 2364 2364 2364 2446 2446 2446 2445 2445 2445 2365 2365 2365 2366 2366 2366 2447 2447 2447 2365 2365 2365 2447 2447 2447 2446 2446 2446 2366 2366 2366 2367 2367 2367 2448 2448 2448 2366 2366 2366 2448 2448 2448 2447 2447 2447 2367 2367 2367 2368 2368 2368 2449 2449 2449 2367 2367 2367 2449 2449 2449 2448 2448 2448 2368 2368 2368 2369 2369 2369 2450 2450 2450 2368 2368 2368 2450 2450 2450 2449 2449 2449 2369 2369 2369 2370 2370 2370 2451 2451 2451 2369 2369 2369 2451 2451 2451 2450 2450 2450 2370 2370 2370 2371 2371 2371 2452 2452 2452 2370 2370 2370 2452 2452 2452 2451 2451 2451 2371 2371 2371 2372 2372 2372 2453 2453 2453 2371 2371 2371 2453 2453 2453 2452 2452 2452 2372 2372 2372 2373 2373 2373 2454 2454 2454 2372 2372 2372 2454 2454 2454 2453 2453 2453 2373 2373 2373 2374 2374 2374 2455 2455 2455 2373 2373 2373 2455 2455 2455 2454 2454 2454 2374 2374 2374 2375 2375 2375 2456 2456 2456 2374 2374 2374 2456 2456 2456 2455 2455 2455 2375 2375 2375 2376 2376 2376 2457 2457 2457 2375 2375 2375 2457 2457 2457 2456 2456 2456 2376 2376 2376 2377 2377 2377 2458 2458 2458 2376 2376 2376 2458 2458 2458 2457 2457 2457 2377 2377 2377 2378 2378 2378 2459 2459 2459 2377 2377 2377 2459 2459 2459 2458 2458 2458 2378 2378 2378 2379 2379 2379 2460 2460 2460 2378 2378 2378 2460 2460 2460 2459 2459 2459 2379 2379 2379 2380 2380 2380 2461 2461 2461 2379 2379 2379 2461 2461 2461 2460 2460 2460 2380 2380 2380 2381 2381 2381 2462 2462 2462 2380 2380 2380 2462 2462 2462 2461 2461 2461 2381 2381 2381 2382 2382 2382 2463 2463 2463 2381 2381 2381 2463 2463 2463 2462 2462 2462 2382 2382 2382 2383 2383 2383 2464 2464 2464 2382 2382 2382 2464 2464 2464 2463 2463 2463 2383 2383 2383 2384 2384 2384 2465 2465 2465 2383 2383 2383 2465 2465 2465 2464 2464 2464 2384 2384 2384 2385 2385 2385 2466 2466 2466 2384 2384 2384 2466 2466 2466 2465 2465 2465 2385 2385 2385 2386 2386 2386 2467 2467 2467 2385 2385 2385 2467 2467 2467 2466 2466 2466 2386 2386 2386 2387 2387 2387 2468 2468 2468 2386 2386 2386 2468 2468 2468 2467 2467 2467 2387 2387 2387 2388 2388 2388 2469 2469 2469 2387 2387 2387 2469 2469 2469 2468 2468 2468 2388 2388 2388 2389 2389 2389 2470 2470 2470 2388 2388 2388 2470 2470 2470 2469 2469 2469 2389 2389 2389 2390 2390 2390 2471 2471 2471 2389 2389 2389 2471 2471 2471 2470 2470 2470 2390 2390 2390 2391 2391 2391 2472 2472 2472 2390 2390 2390 2472 2472 2472 2471 2471 2471 2391 2391 2391 2392 2392 2392 2473 2473 2473 2391 2391 2391 2473 2473 2473 2472 2472 2472 2392 2392 2392 2393 2393 2393 2474 2474 2474 2392 2392 2392 2474 2474 2474 2473 2473 2473 2393 2393 2393 2394 2394 2394 2475 2475 2475 2393 2393 2393 2475 2475 2475 2474 2474 2474 2394 2394 2394 2395 2395 2395 2476 2476 2476 2394 2394 2394 2476 2476 2476 2475 2475 2475 2395 2395 2395 2396 2396 2396 2477 2477 2477 2395 2395 2395 2477 2477 2477 2476 2476 2476 2396 2396 2396 2397 2397 2397 2478 2478 2478 2396 2396 2396 2478 2478 2478 2477 2477 2477 2397 2397 2397 2398 2398 2398 2479 2479 2479 2397 2397 2397 2479 2479 2479 2478 2478 2478 2398 2398 2398 2399 2399 2399 2480 2480 2480 2398 2398 2398 2480 2480 2480 2479 2479 2479 2399 2399 2399 2400 2400 2400 2481 2481 2481 2399 2399 2399 2481 2481 2481 2480 2480 2480 2400 2400 2400 2401 2401 2401 2482 2482 2482 2400 2400 2400 2482 2482 2482 2481 2481 2481 2401 2401 2401 2402 2402 2402 2483 2483 2483 2401 2401 2401 2483 2483 2483 2482 2482 2482 2402 2402 2402 2403 2403 2403 2484 2484 2484 2402 2402 2402 2484 2484 2484 2483 2483 2483 2403 2403 2403 2404 2404 2404 2485 2485 2485 2403 2403 2403 2485 2485 2485 2484 2484 2484 2404 2404 2404 2405 2405 2405 2486 2486 2486 2404 2404 2404 2486 2486 2486 2485 2485 2485 2405 2405 2405 2406 2406 2406 2487 2487 2487 2405 2405 2405 2487 2487 2487 2486 2486 2486 2406 2406 2406 2407 2407 2407 2488 2488 2488 2406 2406 2406 2488 2488 2488 2487 2487 2487 2407 2407 2407 2408 2408 2408 2489 2489 2489 2407 2407 2407 2489 2489 2489 2488 2488 2488 2408 2408 2408 2409 2409 2409 2490 2490 2490 2408 2408 2408 2490 2490 2490 2489 2489 2489 2409 2409 2409 2410 2410 2410 2491 2491 2491 2409 2409 2409 2491 2491 2491 2490 2490 2490 2410 2410 2410 2411 2411 2411 2492 2492 2492 2410 2410 2410 2492 2492 2492 2491 2491 2491 2411 2411 2411 2412 2412 2412 2493 2493 2493 2411 2411 2411 2493 2493 2493 2492 2492 2492 2412 2412 2412 2413 2413 2413 2494 2494 2494 2412 2412 2412 2494 2494 2494 2493 2493 2493 2413 2413 2413 2414 2414 2414 2495 2495 2495 2413 2413 2413 2495 2495 2495 2494 2494 2494 2414 2414 2414 2415 2415 2415 2496 2496 2496 2414 2414 2414 2496 2496 2496 2495 2495 2495 2415 2415 2415 2416 2416 2416 2497 2497 2497 2415 2415 2415 2497 2497 2497 2496 2496 2496 2416 2416 2416 2417 2417 2417 2498 2498 2498 2416 2416 2416 2498 2498 2498 2497 2497 2497 2417 2417 2417 2418 2418 2418 2499 2499 2499 2417 2417 2417 2499 2499 2499 2498 2498 2498 2418 2418 2418 2419 2419 2419 2500 2500 2500 2418 2418 2418 2500 2500 2500 2499 2499 2499 2419 2419 2419 2420 2420 2420 2501 2501 2501 2419 2419 2419 2501 2501 2501 2500 2500 2500 2420 2420 2420 2421 2421 2421 2502 2502 2502 2420 2420 2420 2502 2502 2502 2501 2501 2501 2421 2421 2421 2422 2422 2422 2503 2503 2503 2421 2421 2421 2503 2503 2503 2502 2502 2502 2422 2422 2422 2423 2423 2423 2504 2504 2504 2422 2422 2422 2504 2504 2504 2503 2503 2503 2423 2423 2423 2424 2424 2424 2505 2505 2505 2423 2423 2423 2505 2505 2505 2504 2504 2504 2424 2424 2424 2425 2425 2425 2506 2506 2506 2424 2424 2424 2506 2506 2506 2505 2505 2505 2425 2425 2425 2426 2426 2426 2507 2507 2507 2425 2425 2425 2507 2507 2507 2506 2506 2506 2426 2426 2426 2427 2427 2427 2508 2508 2508 2426 2426 2426 2508 2508 2508 2507 2507 2507 2427 2427 2427 2428 2428 2428 2509 2509 2509 2427 2427 2427 2509 2509 2509 2508 2508 2508 2428 2428 2428 2429 2429 2429 2510 2510 2510 2428 2428 2428 2510 2510 2510 2509 2509 2509 2430 2430 2430 2431 2431 2431 2512 2512 2512 2430 2430 2430 2512 2512 2512 2511 2511 2511 2431 2431 2431 2432 2432 2432 2513 2513 2513 2431 2431 2431 2513 2513 2513 2512 2512 2512 2432 2432 2432 2433 2433 2433 2514 2514 2514 2432 2432 2432 2514 2514 2514 2513 2513 2513 2433 2433 2433 2434 2434 2434 2515 2515 2515 2433 2433 2433 2515 2515 2515 2514 2514 2514 2434 2434 2434 2435 2435 2435 2516 2516 2516 2434 2434 2434 2516 2516 2516 2515 2515 2515 2435 2435 2435 2436 2436 2436 2517 2517 2517 2435 2435 2435 2517 2517 2517 2516 2516 2516 2436 2436 2436 2437 2437 2437 2518 2518 2518 2436 2436 2436 2518 2518 2518 2517 2517 2517 2437 2437 2437 2438 2438 2438 2519 2519 2519 2437 2437 2437 2519 2519 2519 2518 2518 2518 2438 2438 2438 2439 2439 2439 2520 2520 2520 2438 2438 2438 2520 2520 2520 2519 2519 2519 2439 2439 2439 2440 2440 2440 2521 2521 2521 2439 2439 2439 2521 2521 2521 2520 2520 2520 2440 2440 2440 2441 2441 2441 2522 2522 2522 2440 2440 2440 2522 2522 2522 2521 2521 2521 2441 2441 2441 2442 2442 2442 2523 2523 2523 2441 2441 2441 2523 2523 2523 2522 2522 2522 2442 2442 2442 2443 2443 2443 2524 2524 2524 2442 2442 2442 2524 2524 2524 2523 2523 2523 2443 2443 2443 2444 2444 2444 2525 2525 2525 2443 2443 2443 2525 2525 2525 2524 2524 2524 2444 2444 2444 2445 2445 2445 2526 2526 2526 2444 2444 2444 2526 2526 2526 2525 2525 2525 2445 2445 2445 2446 2446 2446 2527 2527 2527 2445 2445 2445 2527 2527 2527 2526 2526 2526 2446 2446 2446 2447 2447 2447 2528 2528 2528 2446 2446 2446 2528 2528 2528 2527 2527 2527 2447 2447 2447 2448 2448 2448 2529 2529 2529 2447 2447 2447 2529 2529 2529 2528 2528 2528 2448 2448 2448 2449 2449 2449 2530 2530 2530 2448 2448 2448 2530 2530 2530 2529 2529 2529 2449 2449 2449 2450 2450 2450 2531 2531 2531 2449 2449 2449 2531 2531 2531 2530 2530 2530 2450 2450 2450 2451 2451 2451 2532 2532 2532 2450 2450 2450 2532 2532 2532 2531 2531 2531 2451 2451 2451 2452 2452 2452 2533 2533 2533 2451 2451 2451 2533 2533 2533 2532 2532 2532 2452 2452 2452 2453 2453 2453 2534 2534 2534 2452 2452 2452 2534 2534 2534 2533 2533 2533 2453 2453 2453 2454 2454 2454 2535 2535 2535 2453 2453 2453 2535 2535 2535 2534 2534 2534 2454 2454 2454 2455 2455 2455 2536 2536 2536 2454 2454 2454 2536 2536 2536 2535 2535 2535 2455 2455 2455 2456 2456 2456 2537 2537 2537 2455 2455 2455 2537 2537 2537 2536 2536 2536 2456 2456 2456 2457 2457 2457 2538 2538 2538 2456 2456 2456 2538 2538 2538 2537 2537 2537 2457 2457 2457 2458 2458 2458 2539 2539 2539 2457 2457 2457 2539 2539 2539 2538 2538 2538 2458 2458 2458 2459 2459 2459 2540 2540 2540 2458 2458 2458 2540 2540 2540 2539 2539 2539 2459 2459 2459 2460 2460 2460 2541 2541 2541 2459 2459 2459 2541 2541 2541 2540 2540 2540 2460 2460 2460 2461 2461 2461 2542 2542 2542 2460 2460 2460 2542 2542 2542 2541 2541 2541 2461 2461 2461 2462 2462 2462 2543 2543 2543 2461 2461 2461 2543 2543 2543 2542 2542 2542 2462 2462 2462 2463 2463 2463 2544 2544 2544 2462 2462 2462 2544 2544 2544 2543 2543 2543 2463 2463 2463 2464 2464 2464 2545 2545 2545 2463 2463 2463 2545 2545 2545 2544 2544 2544 2464 2464 2464 2465 2465 2465 2546 2546 2546 2464 2464 2464 2546 2546 2546 2545 2545 2545 2465 2465 2465 2466 2466 2466 2547 2547 2547 2465 2465 2465 2547 2547 2547 2546 2546 2546 2466 2466 2466 2467 2467 2467 2548 2548 2548 2466 2466 2466 2548 2548 2548 2547 2547 2547 2467 2467 2467 2468 2468 2468 2549 2549 2549 2467 2467 2467 2549 2549 2549 2548 2548 2548 2468 2468 2468 2469 2469 2469 2550 2550 2550 2468 2468 2468 2550 2550 2550 2549 2549 2549 2469 2469 2469 2470 2470 2470 2551 2551 2551 2469 2469 2469 2551 2551 2551 2550 2550 2550 2470 2470 2470 2471 2471 2471 2552 2552 2552 2470 2470 2470 2552 2552 2552 2551 2551 2551 2471 2471 2471 2472 2472 2472 2553 2553 2553 2471 2471 2471 2553 2553 2553 2552 2552 2552 2472 2472 2472 2473 2473 2473 2554 2554 2554 2472 2472 2472 2554 2554 2554 2553 2553 2553 2473 2473 2473 2474 2474 2474 2555 2555 2555 2473 2473 2473 2555 2555 2555 2554 2554 2554 2474 2474 2474 2475 2475 2475 2556 2556 2556 2474 2474 2474 2556 2556 2556 2555 2555 2555 2475 2475 2475 2476 2476 2476 2557 2557 2557 2475 2475 2475 2557 2557 2557 2556 2556 2556 2476 2476 2476 2477 2477 2477 2558 2558 2558 2476 2476 2476 2558 2558 2558 2557 2557 2557 2477 2477 2477 2478 2478 2478 2559 2559 2559 2477 2477 2477 2559 2559 2559 2558 2558 2558 2478 2478 2478 2479 2479 2479 2560 2560 2560 2478 2478 2478 2560 2560 2560 2559 2559 2559 2479 2479 2479 2480 2480 2480 2561 2561 2561 2479 2479 2479 2561 2561 2561 2560 2560 2560 2480 2480 2480 2481 2481 2481 2562 2562 2562 2480 2480 2480 2562 2562 2562 2561 2561 2561 2481 2481 2481 2482 2482 2482 2563 2563 2563 2481 2481 2481 2563 2563 2563 2562 2562 2562 2482 2482 2482 2483 2483 2483 2564 2564 2564 2482 2482 2482 2564 2564 2564 2563 2563 2563 2483 2483 2483 2484 2484 2484 2565 2565 2565 2483 2483 2483 2565 2565 2565 2564 2564 2564 2484 2484 2484 2485 2485 2485 2566 2566 2566 2484 2484 2484 2566 2566 2566 2565 2565 2565 2485 2485 2485 2486 2486 2486 2567 2567 2567 2485 2485 2485 2567 2567 2567 2566 2566 2566 2486 2486 2486 2487 2487 2487 2568 2568 2568 2486 2486 2486 2568 2568 2568 2567 2567 2567 2487 2487 2487 2488 2488 2488 2569 2569 2569 2487 2487 2487 2569 2569 2569 2568 2568 2568 2488 2488 2488 2489 2489 2489 2570 2570 2570 2488 2488 2488 2570 2570 2570 2569 2569 2569 2489 2489 2489 2490 2490 2490 2571 2571 2571 2489 2489 2489 2571 2571 2571 2570 2570 2570 2490 2490 2490 2491 2491 2491 2572 2572 2572 2490 2490 2490 2572 2572 2572 2571 2571 2571 2491 2491 2491 2492 2492 2492 2573 2573 2573 2491 2491 2491 2573 2573 2573 2572 2572 2572 2492 2492 2492 2493 2493 2493 2574 2574 2574 2492 2492 2492 2574 2574 2574 2573 2573 2573 2493 2493 2493 2494 2494 2494 2575 2575 2575 2493 2493 2493 2575 2575 2575 2574 2574 2574 2494 2494 2494 2495 2495 2495 2576 2576 2576 2494 2494 2494 2576 2576 2576 2575 2575 2575 2495 2495 2495 2496 2496 2496 2577 2577 2577 2495 2495 2495 2577 2577 2577 2576 2576 2576 2496 2496 2496 2497 2497 2497 2578 2578 2578 2496 2496 2496 2578 2578 2578 2577 2577 2577 2497 2497 2497 2498 2498 2498 2579 2579 2579 2497 2497 2497 2579 2579 2579 2578 2578 2578 2498 2498 2498 2499 2499 2499 2580 2580 2580 2498 2498 2498 2580 2580 2580 2579 2579 2579 2499 2499 2499 2500 2500 2500 2581 2581 2581 2499 2499 2499 2581 2581 2581 2580 2580 2580 2500 2500 2500 2501 2501 2501 2582 2582 2582 2500 2500 2500 2582 2582 2582 2581 2581 2581 2501 2501 2501 2502 2502 2502 2583 2583 2583 2501 2501 2501 2583 2583 2583 2582 2582 2582 2502 2502 2502 2503 2503 2503 2584 2584 2584 2502 2502 2502 2584 2584 2584 2583 2583 2583 2503 2503 2503 2504 2504 2504 2585 2585 2585 2503 2503 2503 2585 2585 2585 2584 2584 2584 2504 2504 2504 2505 2505 2505 2586 2586 2586 2504 2504 2504 2586 2586 2586 2585 2585 2585 2505 2505 2505 2506 2506 2506 2587 2587 2587 2505 2505 2505 2587 2587 2587 2586 2586 2586 2506 2506 2506 2507 2507 2507 2588 2588 2588 2506 2506 2506 2588 2588 2588 2587 2587 2587 2507 2507 2507 2508 2508 2508 2589 2589 2589 2507 2507 2507 2589 2589 2589 2588 2588 2588 2508 2508 2508 2509 2509 2509 2590 2590 2590 2508 2508 2508 2590 2590 2590 2589 2589 2589 2509 2509 2509 2510 2510 2510 2591 2591 2591 2509 2509 2509 2591 2591 2591 2590 2590 2590 2511 2511 2511 2512 2512 2512 2593 2593 2593 2511 2511 2511 2593 2593 2593 2592 2592 2592 2512 2512 2512 2513 2513 2513 2594 2594 2594 2512 2512 2512 2594 2594 2594 2593 2593 2593 2513 2513 2513 2514 2514 2514 2595 2595 2595 2513 2513 2513 2595 2595 2595 2594 2594 2594 2514 2514 2514 2515 2515 2515 2596 2596 2596 2514 2514 2514 2596 2596 2596 2595 2595 2595 2515 2515 2515 2516 2516 2516 2597 2597 2597 2515 2515 2515 2597 2597 2597 2596 2596 2596 2516 2516 2516 2517 2517 2517 2598 2598 2598 2516 2516 2516 2598 2598 2598 2597 2597 2597 2517 2517 2517 2518 2518 2518 2599 2599 2599 2517 2517 2517 2599 2599 2599 2598 2598 2598 2518 2518 2518 2519 2519 2519 2600 2600 2600 2518 2518 2518 2600 2600 2600 2599 2599 2599 2519 2519 2519 2520 2520 2520 2601 2601 2601 2519 2519 2519 2601 2601 2601 2600 2600 2600 2520 2520 2520 2521 2521 2521 2602 2602 2602 2520 2520 2520 2602 2602 2602 2601 2601 2601 2521 2521 2521 2522 2522 2522 2603 2603 2603 2521 2521 2521 2603 2603 2603 2602 2602 2602 2522 2522 2522 2523 2523 2523 2604 2604 2604 2522 2522 2522 2604 2604 2604 2603 2603 2603 2523 2523 2523 2524 2524 2524 2605 2605 2605 2523 2523 2523 2605 2605 2605 2604 2604 2604 2524 2524 2524 2525 2525 2525 2606 2606 2606 2524 2524 2524 2606 2606 2606 2605 2605 2605 2525 2525 2525 2526 2526 2526 2607 2607 2607 2525 2525 2525 2607 2607 2607 2606 2606 2606 2526 2526 2526 2527 2527 2527 2608 2608 2608 2526 2526 2526 2608 2608 2608 2607 2607 2607 2527 2527 2527 2528 2528 2528 2609 2609 2609 2527 2527 2527 2609 2609 2609 2608 2608 2608 2528 2528 2528 2529 2529 2529 2610 2610 2610 2528 2528 2528 2610 2610 2610 2609 2609 2609 2529 2529 2529 2530 2530 2530 2611 2611 2611 2529 2529 2529 2611 2611 2611 2610 2610 2610 2530 2530 2530 2531 2531 2531 2612 2612 2612 2530 2530 2530 2612 2612 2612 2611 2611 2611 2531 2531 2531 2532 2532 2532 2613 2613 2613 2531 2531 2531 2613 2613 2613 2612 2612 2612 2532 2532 2532 2533 2533 2533 2614 2614 2614 2532 2532 2532 2614 2614 2614 2613 2613 2613 2533 2533 2533 2534 2534 2534 2615 2615 2615 2533 2533 2533 2615 2615 2615 2614 2614 2614 2534 2534 2534 2535 2535 2535 2616 2616 2616 2534 2534 2534 2616 2616 2616 2615 2615 2615 2535 2535 2535 2536 2536 2536 2617 2617 2617 2535 2535 2535 2617 2617 2617 2616 2616 2616 2536 2536 2536 2537 2537 2537 2618 2618 2618 2536 2536 2536 2618 2618 2618 2617 2617 2617 2537 2537 2537 2538 2538 2538 2619 2619 2619 2537 2537 2537 2619 2619 2619 2618 2618 2618 2538 2538 2538 2539 2539 2539 2620 2620 2620 2538 2538 2538 2620 2620 2620 2619 2619 2619 2539 2539 2539 2540 2540 2540 2621 2621 2621 2539 2539 2539 2621 2621 2621 2620 2620 2620 2540 2540 2540 2541 2541 2541 2622 2622 2622 2540 2540 2540 2622 2622 2622 2621 2621 2621 2541 2541 2541 2542 2542 2542 2623 2623 2623 2541 2541 2541 2623 2623 2623 2622 2622 2622 2542 2542 2542 2543 2543 2543 2624 2624 2624 2542 2542 2542 2624 2624 2624 2623 2623 2623 2543 2543 2543 2544 2544 2544 2625 2625 2625 2543 2543 2543 2625 2625 2625 2624 2624 2624 2544 2544 2544 2545 2545 2545 2626 2626 2626 2544 2544 2544 2626 2626 2626 2625 2625 2625 2545 2545 2545 2546 2546 2546 2627 2627 2627 2545 2545 2545 2627 2627 2627 2626 2626 2626 2546 2546 2546 2547 2547 2547 2628 2628 2628 2546 2546 2546 2628 2628 2628 2627 2627 2627 2547 2547 2547 2548 2548 2548 2629 2629 2629 2547 2547 2547 2629 2629 2629 2628 2628 2628 2548 2548 2548 2549 2549 2549 2630 2630 2630 2548 2548 2548 2630 2630 2630 2629 2629 2629 2549 2549 2549 2550 2550 2550 2631 2631 2631 2549 2549 2549 2631 2631 2631 2630 2630 2630 2550 2550 2550 2551 2551 2551 2632 2632 2632 2550 2550 2550 2632 2632 2632 2631 2631 2631 2551 2551 2551 2552 2552 2552 2633 2633 2633 2551 2551 2551 2633 2633 2633 2632 2632 2632 2552 2552 2552 2553 2553 2553 2634 2634 2634 2552 2552 2552 2634 2634 2634 2633 2633 2633 2553 2553 2553 2554 2554 2554 2635 2635 2635 2553 2553 2553 2635 2635 2635 2634 2634 2634 2554 2554 2554 2555 2555 2555 2636 2636 2636 2554 2554 2554 2636 2636 2636 2635 2635 2635 2555 2555 2555 2556 2556 2556 2637 2637 2637 2555 2555 2555 2637 2637 2637 2636 2636 2636 2556 2556 2556 2557 2557 2557 2638 2638 2638 2556 2556 2556 2638 2638 2638 2637 2637 2637 2557 2557 2557 2558 2558 2558 2639 2639 2639 2557 2557 2557 2639 2639 2639 2638 2638 2638 2558 2558 2558 2559 2559 2559 2640 2640 2640 2558 2558 2558 2640 2640 2640 2639 2639 2639 2559 2559 2559 2560 2560 2560 2641 2641 2641 2559 2559 2559 2641 2641 2641 2640 2640 2640 2560 2560 2560 2561 2561 2561 2642 2642 2642 2560 2560 2560 2642 2642 2642 2641 2641 2641 2561 2561 2561 2562 2562 2562 2643 2643 2643 2561 2561 2561 2643 2643 2643 2642 2642 2642 2562 2562 2562 2563 2563 2563 2644 2644 2644 2562 2562 2562 2644 2644 2644 2643 2643 2643 2563 2563 2563 2564 2564 2564 2645 2645 2645 2563 2563 2563 2645 2645 2645 2644 2644 2644 2564 2564 2564 2565 2565 2565 2646 2646 2646 2564 2564 2564 2646 2646 2646 2645 2645 2645 2565 2565 2565 2566 2566 2566 2647 2647 2647 2565 2565 2565 2647 2647 2647 2646 2646 2646 2566 2566 2566 2567 2567 2567 2648 2648 2648 2566 2566 2566 2648 2648 2648 2647 2647 2647 2567 2567 2567 2568 2568 2568 2649 2649 2649 2567 2567 2567 2649 2649 2649 2648 2648 2648 2568 2568 2568 2569 2569 2569 2650 2650 2650 2568 2568 2568 2650 2650 2650 2649 2649 2649 2569 2569 2569 2570 2570 2570 2651 2651 2651 2569 2569 2569 2651 2651 2651 2650 2650 2650 2570 2570 2570 2571 2571 2571 2652 2652 2652 2570 2570 2570 2652 2652 2652 2651 2651 2651 2571 2571 2571 2572 2572 2572 2653 2653 2653 2571 2571 2571 2653 2653 2653 2652 2652 2652 2572 2572 2572 2573 2573 2573 2654 2654 2654 2572 2572 2572 2654 2654 2654 2653 2653 2653 2573 2573 2573 2574 2574 2574 2655 2655 2655 2573 2573 2573 2655 2655 2655 2654 2654 2654 2574 2574 2574 2575 2575 2575 2656 2656 2656 2574 2574 2574 2656 2656 2656 2655 2655 2655 2575 2575 2575 2576 2576 2576 2657 2657 2657 2575 2575 2575 2657 2657 2657 2656 2656 2656 2576 2576 2576 2577 2577 2577 2658 2658 2658 2576 2576 2576 2658 2658 2658 2657 2657 2657 2577 2577 2577 2578 2578 2578 2659 2659 2659 2577 2577 2577 2659 2659 2659 2658 2658 2658 2578 2578 2578 2579 2579 2579 2660 2660 2660 2578 2578 2578 2660 2660 2660 2659 2659 2659 2579 2579 2579 2580 2580 2580 2661 2661 2661 2579 2579 2579 2661 2661 2661 2660 2660 2660 2580 2580 2580 2581 2581 2581 2662 2662 2662 2580 2580 2580 2662 2662 2662 2661 2661 2661 2581 2581 2581 2582 2582 2582 2663 2663 2663 2581 2581 2581 2663 2663 2663 2662 2662 2662 2582 2582 2582 2583 2583 2583 2664 2664 2664 2582 2582 2582 2664 2664 2664 2663 2663 2663 2583 2583 2583 2584 2584 2584 2665 2665 2665 2583 2583 2583 2665 2665 2665 2664 2664 2664 2584 2584 2584 2585 2585 2585 2666 2666 2666 2584 2584 2584 2666 2666 2666 2665 2665 2665 2585 2585 2585 2586 2586 2586 2667 2667 2667 2585 2585 2585 2667 2667 2667 2666 2666 2666 2586 2586 2586 2587 2587 2587 2668 2668 2668 2586 2586 2586 2668 2668 2668 2667 2667 2667 2587 2587 2587 2588 2588 2588 2669 2669 2669 2587 2587 2587 2669 2669 2669 2668 2668 2668 2588 2588 2588 2589 2589 2589 2670 2670 2670 2588 2588 2588 2670 2670 2670 2669 2669 2669 2589 2589 2589 2590 2590 2590 2671 2671 2671 2589 2589 2589 2671 2671 2671 2670 2670 2670 2590 2590 2590 2591 2591 2591 2672 2672 2672 2590 2590 2590 2672 2672 2672 2671 2671 2671 2592 2592 2592 2593 2593 2593 2674 2674 2674 2592 2592 2592 2674 2674 2674 2673 2673 2673 2593 2593 2593 2594 2594 2594 2675 2675 2675 2593 2593 2593 2675 2675 2675 2674 2674 2674 2594 2594 2594 2595 2595 2595 2676 2676 2676 2594 2594 2594 2676 2676 2676 2675 2675 2675 2595 2595 2595 2596 2596 2596 2677 2677 2677 2595 2595 2595 2677 2677 2677 2676 2676 2676 2596 2596 2596 2597 2597 2597 2678 2678 2678 2596 2596 2596 2678 2678 2678 2677 2677 2677 2597 2597 2597 2598 2598 2598 2679 2679 2679 2597 2597 2597 2679 2679 2679 2678 2678 2678 2598 2598 2598 2599 2599 2599 2680 2680 2680 2598 2598 2598 2680 2680 2680 2679 2679 2679 2599 2599 2599 2600 2600 2600 2681 2681 2681 2599 2599 2599 2681 2681 2681 2680 2680 2680 2600 2600 2600 2601 2601 2601 2682 2682 2682 2600 2600 2600 2682 2682 2682 2681 2681 2681 2601 2601 2601 2602 2602 2602 2683 2683 2683 2601 2601 2601 2683 2683 2683 2682 2682 2682 2602 2602 2602 2603 2603 2603 2684 2684 2684 2602 2602 2602 2684 2684 2684 2683 2683 2683 2603 2603 2603 2604 2604 2604 2685 2685 2685 2603 2603 2603 2685 2685 2685 2684 2684 2684 2604 2604 2604 2605 2605 2605 2686 2686 2686 2604 2604 2604 2686 2686 2686 2685 2685 2685 2605 2605 2605 2606 2606 2606 2687 2687 2687 2605 2605 2605 2687 2687 2687 2686 2686 2686 2606 2606 2606 2607 2607 2607 2688 2688 2688 2606 2606 2606 2688 2688 2688 2687 2687 2687 2607 2607 2607 2608 2608 2608 2689 2689 2689 2607 2607 2607 2689 2689 2689 2688 2688 2688 2608 2608 2608 2609 2609 2609 2690 2690 2690 2608 2608 2608 2690 2690 2690 2689 2689 2689 2609 2609 2609 2610 2610 2610 2691 2691 2691 2609 2609 2609 2691 2691 2691 2690 2690 2690 2610 2610 2610 2611 2611 2611 2692 2692 2692 2610 2610 2610 2692 2692 2692 2691 2691 2691 2611 2611 2611 2612 2612 2612 2693 2693 2693 2611 2611 2611 2693 2693 2693 2692 2692 2692 2612 2612 2612 2613 2613 2613 2694 2694 2694 2612 2612 2612 2694 2694 2694 2693 2693 2693 2613 2613 2613 2614 2614 2614 2695 2695 2695 2613 2613 2613 2695 2695 2695 2694 2694 2694 2614 2614 2614 2615 2615 2615 2696 2696 2696 2614 2614 2614 2696 2696 2696 2695 2695 2695 2615 2615 2615 2616 2616 2616 2697 2697 2697 2615 2615 2615 2697 2697 2697 2696 2696 2696 2616 2616 2616 2617 2617 2617 2698 2698 2698 2616 2616 2616 2698 2698 2698 2697 2697 2697 2617 2617 2617 2618 2618 2618 2699 2699 2699 2617 2617 2617 2699 2699 2699 2698 2698 2698 2618 2618 2618 2619 2619 2619 2700 2700 2700 2618 2618 2618 2700 2700 2700 2699 2699 2699 2619 2619 2619 2620 2620 2620 2701 2701 2701 2619 2619 2619 2701 2701 2701 2700 2700 2700 2620 2620 2620 2621 2621 2621 2702 2702 2702 2620 2620 2620 2702 2702 2702 2701 2701 2701 2621 2621 2621 2622 2622 2622 2703 2703 2703 2621 2621 2621 2703 2703 2703 2702 2702 2702 2622 2622 2622 2623 2623 2623 2704 2704 2704 2622 2622 2622 2704 2704 2704 2703 2703 2703 2623 2623 2623 2624 2624 2624 2705 2705 2705 2623 2623 2623 2705 2705 2705 2704 2704 2704 2624 2624 2624 2625 2625 2625 2706 2706 2706 2624 2624 2624 2706 2706 2706 2705 2705 2705 2625 2625 2625 2626 2626 2626 2707 2707 2707 2625 2625 2625 2707 2707 2707 2706 2706 2706 2626 2626 2626 2627 2627 2627 2708 2708 2708 2626 2626 2626 2708 2708 2708 2707 2707 2707 2627 2627 2627 2628 2628 2628 2709 2709 2709 2627 2627 2627 2709 2709 2709 2708 2708 2708 2628 2628 2628 2629 2629 2629 2710 2710 2710 2628 2628 2628 2710 2710 2710 2709 2709 2709 2629 2629 2629 2630 2630 2630 2711 2711 2711 2629 2629 2629 2711 2711 2711 2710 2710 2710 2630 2630 2630 2631 2631 2631 2712 2712 2712 2630 2630 2630 2712 2712 2712 2711 2711 2711 2631 2631 2631 2632 2632 2632 2713 2713 2713 2631 2631 2631 2713 2713 2713 2712 2712 2712 2632 2632 2632 2633 2633 2633 2714 2714 2714 2632 2632 2632 2714 2714 2714 2713 2713 2713 2633 2633 2633 2634 2634 2634 2715 2715 2715 2633 2633 2633 2715 2715 2715 2714 2714 2714 2634 2634 2634 2635 2635 2635 2716 2716 2716 2634 2634 2634 2716 2716 2716 2715 2715 2715 2635 2635 2635 2636 2636 2636 2717 2717 2717 2635 2635 2635 2717 2717 2717 2716 2716 2716 2636 2636 2636 2637 2637 2637 2718 2718 2718 2636 2636 2636 2718 2718 2718 2717 2717 2717 2637 2637 2637 2638 2638 2638 2719 2719 2719 2637 2637 2637 2719 2719 2719 2718 2718 2718 2638 2638 2638 2639 2639 2639 2720 2720 2720 2638 2638 2638 2720 2720 2720 2719 2719 2719 2639 2639 2639 2640 2640 2640 2721 2721 2721 2639 2639 2639 2721 2721 2721 2720 2720 2720 2640 2640 2640 2641 2641 2641 2722 2722 2722 2640 2640 2640 2722 2722 2722 2721 2721 2721 2641 2641 2641 2642 2642 2642 2723 2723 2723 2641 2641 2641 2723 2723 2723 2722 2722 2722 2642 2642 2642 2643 2643 2643 2724 2724 2724 2642 2642 2642 2724 2724 2724 2723 2723 2723 2643 2643 2643 2644 2644 2644 2725 2725 2725 2643 2643 2643 2725 2725 2725 2724 2724 2724 2644 2644 2644 2645 2645 2645 2726 2726 2726 2644 2644 2644 2726 2726 2726 2725 2725 2725 2645 2645 2645 2646 2646 2646 2727 2727 2727 2645 2645 2645 2727 2727 2727 2726 2726 2726 2646 2646 2646 2647 2647 2647 2728 2728 2728 2646 2646 2646 2728 2728 2728 2727 2727 2727 2647 2647 2647 2648 2648 2648 2729 2729 2729 2647 2647 2647 2729 2729 2729 2728 2728 2728 2648 2648 2648 2649 2649 2649 2730 2730 2730 2648 2648 2648 2730 2730 2730 2729 2729 2729 2649 2649 2649 2650 2650 2650 2731 2731 2731 2649 2649 2649 2731 2731 2731 2730 2730 2730 2650 2650 2650 2651 2651 2651 2732 2732 2732 2650 2650 2650 2732 2732 2732 2731 2731 2731 2651 2651 2651 2652 2652 2652 2733 2733 2733 2651 2651 2651 2733 2733 2733 2732 2732 2732 2652 2652 2652 2653 2653 2653 2734 2734 2734 2652 2652 2652 2734 2734 2734 2733 2733 2733 2653 2653 2653 2654 2654 2654 2735 2735 2735 2653 2653 2653 2735 2735 2735 2734 2734 2734 2654 2654 2654 2655 2655 2655 2736 2736 2736 2654 2654 2654 2736 2736 2736 2735 2735 2735 2655 2655 2655 2656 2656 2656 2737 2737 2737 2655 2655 2655 2737 2737 2737 2736 2736 2736 2656 2656 2656 2657 2657 2657 2738 2738 2738 2656 2656 2656 2738 2738 2738 2737 2737 2737 2657 2657 2657 2658 2658 2658 2739 2739 2739 2657 2657 2657 2739 2739 2739 2738 2738 2738 2658 2658 2658 2659 2659 2659 2740 2740 2740 2658 2658 2658 2740 2740 2740 2739 2739 2739 2659 2659 2659 2660 2660 2660 2741 2741 2741 2659 2659 2659 2741 2741 2741 2740 2740 2740 2660 2660 2660 2661 2661 2661 2742 2742 2742 2660 2660 2660 2742 2742 2742 2741 2741 2741 2661 2661 2661 2662 2662 2662 2743 2743 2743 2661 2661 2661 2743 2743 2743 2742 2742 2742 2662 2662 2662 2663 2663 2663 2744 2744 2744 2662 2662 2662 2744 2744 2744 2743 2743 2743 2663 2663 2663 2664 2664 2664 2745 2745 2745 2663 2663 2663 2745 2745 2745 2744 2744 2744 2664 2664 2664 2665 2665 2665 2746 2746 2746 2664 2664 2664 2746 2746 2746 2745 2745 2745 2665 2665 2665 2666 2666 2666 2747 2747 2747 2665 2665 2665 2747 2747 2747 2746 2746 2746 2666 2666 2666 2667 2667 2667 2748 2748 2748 2666 2666 2666 2748 2748 2748 2747 2747 2747 2667 2667 2667 2668 2668 2668 2749 2749 2749 2667 2667 2667 2749 2749 2749 2748 2748 2748 2668 2668 2668 2669 2669 2669 2750 2750 2750 2668 2668 2668 2750 2750 2750 2749 2749 2749 2669 2669 2669 2670 2670 2670 2751 2751 2751 2669 2669 2669 2751 2751 2751 2750 2750 2750 2670 2670 2670 2671 2671 2671 2752 2752 2752 2670 2670 2670 2752 2752 2752 2751 2751 2751 2671 2671 2671 2672 2672 2672 2753 2753 2753 2671 2671 2671 2753 2753 2753 2752 2752 2752 2673 2673 2673 2674 2674 2674 2755 2755 2755 2673 2673 2673 2755 2755 2755 2754 2754 2754 2674 2674 2674 2675 2675 2675 2756 2756 2756 2674 2674 2674 2756 2756 2756 2755 2755 2755 2675 2675 2675 2676 2676 2676 2757 2757 2757 2675 2675 2675 2757 2757 2757 2756 2756 2756 2676 2676 2676 2677 2677 2677 2758 2758 2758 2676 2676 2676 2758 2758 2758 2757 2757 2757 2677 2677 2677 2678 2678 2678 2759 2759 2759 2677 2677 2677 2759 2759 2759 2758 2758 2758 2678 2678 2678 2679 2679 2679 2760 2760 2760 2678 2678 2678 2760 2760 2760 2759 2759 2759 2679 2679 2679 2680 2680 2680 2761 2761 2761 2679 2679 2679 2761 2761 2761 2760 2760 2760 2680 2680 2680 2681 2681 2681 2762 2762 2762 2680 2680 2680 2762 2762 2762 2761 2761 2761 2681 2681 2681 2682 2682 2682 2763 2763 2763 2681 2681 2681 2763 2763 2763 2762 2762 2762 2682 2682 2682 2683 2683 2683 2764 2764 2764 2682 2682 2682 2764 2764 2764 2763 2763 2763 2683 2683 2683 2684 2684 2684 2765 2765 2765 2683 2683 2683 2765 2765 2765 2764 2764 2764 2684 2684 2684 2685 2685 2685 2766 2766 2766 2684 2684 2684 2766 2766 2766 2765 2765 2765 2685 2685 2685 2686 2686 2686 2767 2767 2767 2685 2685 2685 2767 2767 2767 2766 2766 2766 2686 2686 2686 2687 2687 2687 2768 2768 2768 2686 2686 2686 2768 2768 2768 2767 2767 2767 2687 2687 2687 2688 2688 2688 2769 2769 2769 2687 2687 2687 2769 2769 2769 2768 2768 2768 2688 2688 2688 2689 2689 2689 2770 2770 2770 2688 2688 2688 2770 2770 2770 2769 2769 2769 2689 2689 2689 2690 2690 2690 2771 2771 2771 2689 2689 2689 2771 2771 2771 2770 2770 2770 2690 2690 2690 2691 2691 2691 2772 2772 2772 2690 2690 2690 2772 2772 2772 2771 2771 2771 2691 2691 2691 2692 2692 2692 2773 2773 2773 2691 2691 2691 2773 2773 2773 2772 2772 2772 2692 2692 2692 2693 2693 2693 2774 2774 2774 2692 2692 2692 2774 2774 2774 2773 2773 2773 2693 2693 2693 2694 2694 2694 2775 2775 2775 2693 2693 2693 2775 2775 2775 2774 2774 2774 2694 2694 2694 2695 2695 2695 2776 2776 2776 2694 2694 2694 2776 2776 2776 2775 2775 2775 2695 2695 2695 2696 2696 2696 2777 2777 2777 2695 2695 2695 2777 2777 2777 2776 2776 2776 2696 2696 2696 2697 2697 2697 2778 2778 2778 2696 2696 2696 2778 2778 2778 2777 2777 2777 2697 2697 2697 2698 2698 2698 2779 2779 2779 2697 2697 2697 2779 2779 2779 2778 2778 2778 2698 2698 2698 2699 2699 2699 2780 2780 2780 2698 2698 2698 2780 2780 2780 2779 2779 2779 2699 2699 2699 2700 2700 2700 2781 2781 2781 2699 2699 2699 2781 2781 2781 2780 2780 2780 2700 2700 2700 2701 2701 2701 2782 2782 2782 2700 2700 2700 2782 2782 2782 2781 2781 2781 2701 2701 2701 2702 2702 2702 2783 2783 2783 2701 2701 2701 2783 2783 2783 2782 2782 2782 2702 2702 2702 2703 2703 2703 2784 2784 2784 2702 2702 2702 2784 2784 2784 2783 2783 2783 2703 2703 2703 2704 2704 2704 2785 2785 2785 2703 2703 2703 2785 2785 2785 2784 2784 2784 2704 2704 2704 2705 2705 2705 2786 2786 2786 2704 2704 2704 2786 2786 2786 2785 2785 2785 2705 2705 2705 2706 2706 2706 2787 2787 2787 2705 2705 2705 2787 2787 2787 2786 2786 2786 2706 2706 2706 2707 2707 2707 2788 2788 2788 2706 2706 2706 2788 2788 2788 2787 2787 2787 2707 2707 2707 2708 2708 2708 2789 2789 2789 2707 2707 2707 2789 2789 2789 2788 2788 2788 2708 2708 2708 2709 2709 2709 2790 2790 2790 2708 2708 2708 2790 2790 2790 2789 2789 2789 2709 2709 2709 2710 2710 2710 2791 2791 2791 2709 2709 2709 2791 2791 2791 2790 2790 2790 2710 2710 2710 2711 2711 2711 2792 2792 2792 2710 2710 2710 2792 2792 2792 2791 2791 2791 2711 2711 2711 2712 2712 2712 2793 2793 2793 2711 2711 2711 2793 2793 2793 2792 2792 2792 2712 2712 2712 2713 2713 2713 2794 2794 2794 2712 2712 2712 2794 2794 2794 2793 2793 2793 2713 2713 2713 2714 2714 2714 2795 2795 2795 2713 2713 2713 2795 2795 2795 2794 2794 2794 2714 2714 2714 2715 2715 2715 2796 2796 2796 2714 2714 2714 2796 2796 2796 2795 2795 2795 2715 2715 2715 2716 2716 2716 2797 2797 2797 2715 2715 2715 2797 2797 2797 2796 2796 2796 2716 2716 2716 2717 2717 2717 2798 2798 2798 2716 2716 2716 2798 2798 2798 2797 2797 2797 2717 2717 2717 2718 2718 2718 2799 2799 2799 2717 2717 2717 2799 2799 2799 2798 2798 2798 2718 2718 2718 2719 2719 2719 2800 2800 2800 2718 2718 2718 2800 2800 2800 2799 2799 2799 2719 2719 2719 2720 2720 2720 2801 2801 2801 2719 2719 2719 2801 2801 2801 2800 2800 2800 2720 2720 2720 2721 2721 2721 2802 2802 2802 2720 2720 2720 2802 2802 2802 2801 2801 2801 2721 2721 2721 2722 2722 2722 2803 2803 2803 2721 2721 2721 2803 2803 2803 2802 2802 2802 2722 2722 2722 2723 2723 2723 2804 2804 2804 2722 2722 2722 2804 2804 2804 2803 2803 2803 2723 2723 2723 2724 2724 2724 2805 2805 2805 2723 2723 2723 2805 2805 2805 2804 2804 2804 2724 2724 2724 2725 2725 2725 2806 2806 2806 2724 2724 2724 2806 2806 2806 2805 2805 2805 2725 2725 2725 2726 2726 2726 2807 2807 2807 2725 2725 2725 2807 2807 2807 2806 2806 2806 2726 2726 2726 2727 2727 2727 2808 2808 2808 2726 2726 2726 2808 2808 2808 2807 2807 2807 2727 2727 2727 2728 2728 2728 2809 2809 2809 2727 2727 2727 2809 2809 2809 2808 2808 2808 2728 2728 2728 2729 2729 2729 2810 2810 2810 2728 2728 2728 2810 2810 2810 2809 2809 2809 2729 2729 2729 2730 2730 2730 2811 2811 2811 2729 2729 2729 2811 2811 2811 2810 2810 2810 2730 2730 2730 2731 2731 2731 2812 2812 2812 2730 2730 2730 2812 2812 2812 2811 2811 2811 2731 2731 2731 2732 2732 2732 2813 2813 2813 2731 2731 2731 2813 2813 2813 2812 2812 2812 2732 2732 2732 2733 2733 2733 2814 2814 2814 2732 2732 2732 2814 2814 2814 2813 2813 2813 2733 2733 2733 2734 2734 2734 2815 2815 2815 2733 2733 2733 2815 2815 2815 2814 2814 2814 2734 2734 2734 2735 2735 2735 2816 2816 2816 2734 2734 2734 2816 2816 2816 2815 2815 2815 2735 2735 2735 2736 2736 2736 2817 2817 2817 2735 2735 2735 2817 2817 2817 2816 2816 2816 2736 2736 2736 2737 2737 2737 2818 2818 2818 2736 2736 2736 2818 2818 2818 2817 2817 2817 2737 2737 2737 2738 2738 2738 2819 2819 2819 2737 2737 2737 2819 2819 2819 2818 2818 2818 2738 2738 2738 2739 2739 2739 2820 2820 2820 2738 2738 2738 2820 2820 2820 2819 2819 2819 2739 2739 2739 2740 2740 2740 2821 2821 2821 2739 2739 2739 2821 2821 2821 2820 2820 2820 2740 2740 2740 2741 2741 2741 2822 2822 2822 2740 2740 2740 2822 2822 2822 2821 2821 2821 2741 2741 2741 2742 2742 2742 2823 2823 2823 2741 2741 2741 2823 2823 2823 2822 2822 2822 2742 2742 2742 2743 2743 2743 2824 2824 2824 2742 2742 2742 2824 2824 2824 2823 2823 2823 2743 2743 2743 2744 2744 2744 2825 2825 2825 2743 2743 2743 2825 2825 2825 2824 2824 2824 2744 2744 2744 2745 2745 2745 2826 2826 2826 2744 2744 2744 2826 2826 2826 2825 2825 2825 2745 2745 2745 2746 2746 2746 2827 2827 2827 2745 2745 2745 2827 2827 2827 2826 2826 2826 2746 2746 2746 2747 2747 2747 2828 2828 2828 2746 2746 2746 2828 2828 2828 2827 2827 2827 2747 2747 2747 2748 2748 2748 2829 2829 2829 2747 2747 2747 2829 2829 2829 2828 2828 2828 2748 2748 2748 2749 2749 2749 2830 2830 2830 2748 2748 2748 2830 2830 2830 2829 2829 2829 2749 2749 2749 2750 2750 2750 2831 2831 2831 2749 2749 2749 2831 2831 2831 2830 2830 2830 2750 2750 2750 2751 2751 2751 2832 2832 2832 2750 2750 2750 2832 2832 2832 2831 2831 2831 2751 2751 2751 2752 2752 2752 2833 2833 2833 2751 2751 2751 2833 2833 2833 2832 2832 2832 2752 2752 2752 2753 2753 2753 2834 2834 2834 2752 2752 2752 2834 2834 2834 2833 2833 2833 2754 2754 2754 2755 2755 2755 2836 2836 2836 2754 2754 2754 2836 2836 2836 2835 2835 2835 2755 2755 2755 2756 2756 2756 2837 2837 2837 2755 2755 2755 2837 2837 2837 2836 2836 2836 2756 2756 2756 2757 2757 2757 2838 2838 2838 2756 2756 2756 2838 2838 2838 2837 2837 2837 2757 2757 2757 2758 2758 2758 2839 2839 2839 2757 2757 2757 2839 2839 2839 2838 2838 2838 2758 2758 2758 2759 2759 2759 2840 2840 2840 2758 2758 2758 2840 2840 2840 2839 2839 2839 2759 2759 2759 2760 2760 2760 2841 2841 2841 2759 2759 2759 2841 2841 2841 2840 2840 2840 2760 2760 2760 2761 2761 2761 2842 2842 2842 2760 2760 2760 2842 2842 2842 2841 2841 2841 2761 2761 2761 2762 2762 2762 2843 2843 2843 2761 2761 2761 2843 2843 2843 2842 2842 2842 2762 2762 2762 2763 2763 2763 2844 2844 2844 2762 2762 2762 2844 2844 2844 2843 2843 2843 2763 2763 2763 2764 2764 2764 2845 2845 2845 2763 2763 2763 2845 2845 2845 2844 2844 2844 2764 2764 2764 2765 2765 2765 2846 2846 2846 2764 2764 2764 2846 2846 2846 2845 2845 2845 2765 2765 2765 2766 2766 2766 2847 2847 2847 2765 2765 2765 2847 2847 2847 2846 2846 2846 2766 2766 2766 2767 2767 2767 2848 2848 2848 2766 2766 2766 2848 2848 2848 2847 2847 2847 2767 2767 2767 2768 2768 2768 2849 2849 2849 2767 2767 2767 2849 2849 2849 2848 2848 2848 2768 2768 2768 2769 2769 2769 2850 2850 2850 2768 2768 2768 2850 2850 2850 2849 2849 2849 2769 2769 2769 2770 2770 2770 2851 2851 2851 2769 2769 2769 2851 2851 2851 2850 2850 2850 2770 2770 2770 2771 2771 2771 2852 2852 2852 2770 2770 2770 2852 2852 2852 2851 2851 2851 2771 2771 2771 2772 2772 2772 2853 2853 2853 2771 2771 2771 2853 2853 2853 2852 2852 2852 2772 2772 2772 2773 2773 2773 2854 2854 2854 2772 2772 2772 2854 2854 2854 2853 2853 2853 2773 2773 2773 2774 2774 2774 2855 2855 2855 2773 2773 2773 2855 2855 2855 2854 2854 2854 2774 2774 2774 2775 2775 2775 2856 2856 2856 2774 2774 2774 2856 2856 2856 2855 2855 2855 2775 2775 2775 2776 2776 2776 2857 2857 2857 2775 2775 2775 2857 2857 2857 2856 2856 2856 2776 2776 2776 2777 2777 2777 2858 2858 2858 2776 2776 2776 2858 2858 2858 2857 2857 2857 2777 2777 2777 2778 2778 2778 2859 2859 2859 2777 2777 2777 2859 2859 2859 2858 2858 2858 2778 2778 2778 2779 2779 2779 2860 2860 2860 2778 2778 2778 2860 2860 2860 2859 2859 2859 2779 2779 2779 2780 2780 2780 2861 2861 2861 2779 2779 2779 2861 2861 2861 2860 2860 2860 2780 2780 2780 2781 2781 2781 2862 2862 2862 2780 2780 2780 2862 2862 2862 2861 2861 2861 2781 2781 2781 2782 2782 2782 2863 2863 2863 2781 2781 2781 2863 2863 2863 2862 2862 2862 2782 2782 2782 2783 2783 2783 2864 2864 2864 2782 2782 2782 2864 2864 2864 2863 2863 2863 2783 2783 2783 2784 2784 2784 2865 2865 2865 2783 2783 2783 2865 2865 2865 2864 2864 2864 2784 2784 2784 2785 2785 2785 2866 2866 2866 2784 2784 2784 2866 2866 2866 2865 2865 2865 2785 2785 2785 2786 2786 2786 2867 2867 2867 2785 2785 2785 2867 2867 2867 2866 2866 2866 2786 2786 2786 2787 2787 2787 2868 2868 2868 2786 2786 2786 2868 2868 2868 2867 2867 2867 2787 2787 2787 2788 2788 2788 2869 2869 2869 2787 2787 2787 2869 2869 2869 2868 2868 2868 2788 2788 2788 2789 2789 2789 2870 2870 2870 2788 2788 2788 2870 2870 2870 2869 2869 2869 2789 2789 2789 2790 2790 2790 2871 2871 2871 2789 2789 2789 2871 2871 2871 2870 2870 2870 2790 2790 2790 2791 2791 2791 2872 2872 2872 2790 2790 2790 2872 2872 2872 2871 2871 2871 2791 2791 2791 2792 2792 2792 2873 2873 2873 2791 2791 2791 2873 2873 2873 2872 2872 2872 2792 2792 2792 2793 2793 2793 2874 2874 2874 2792 2792 2792 2874 2874 2874 2873 2873 2873 2793 2793 2793 2794 2794 2794 2875 2875 2875 2793 2793 2793 2875 2875 2875 2874 2874 2874 2794 2794 2794 2795 2795 2795 2876 2876 2876 2794 2794 2794 2876 2876 2876 2875 2875 2875 2795 2795 2795 2796 2796 2796 2877 2877 2877 2795 2795 2795 2877 2877 2877 2876 2876 2876 2796 2796 2796 2797 2797 2797 2878 2878 2878 2796 2796 2796 2878 2878 2878 2877 2877 2877 2797 2797 2797 2798 2798 2798 2879 2879 2879 2797 2797 2797 2879 2879 2879 2878 2878 2878 2798 2798 2798 2799 2799 2799 2880 2880 2880 2798 2798 2798 2880 2880 2880 2879 2879 2879 2799 2799 2799 2800 2800 2800 2881 2881 2881 2799 2799 2799 2881 2881 2881 2880 2880 2880 2800 2800 2800 2801 2801 2801 2882 2882 2882 2800 2800 2800 2882 2882 2882 2881 2881 2881 2801 2801 2801 2802 2802 2802 2883 2883 2883 2801 2801 2801 2883 2883 2883 2882 2882 2882 2802 2802 2802 2803 2803 2803 2884 2884 2884 2802 2802 2802 2884 2884 2884 2883 2883 2883 2803 2803 2803 2804 2804 2804 2885 2885 2885 2803 2803 2803 2885 2885 2885 2884 2884 2884 2804 2804 2804 2805 2805 2805 2886 2886 2886 2804 2804 2804 2886 2886 2886 2885 2885 2885 2805 2805 2805 2806 2806 2806 2887 2887 2887 2805 2805 2805 2887 2887 2887 2886 2886 2886 2806 2806 2806 2807 2807 2807 2888 2888 2888 2806 2806 2806 2888 2888 2888 2887 2887 2887 2807 2807 2807 2808 2808 2808 2889 2889 2889 2807 2807 2807 2889 2889 2889 2888 2888 2888 2808 2808 2808 2809 2809 2809 2890 2890 2890 2808 2808 2808 2890 2890 2890 2889 2889 2889 2809 2809 2809 2810 2810 2810 2891 2891 2891 2809 2809 2809 2891 2891 2891 2890 2890 2890 2810 2810 2810 2811 2811 2811 2892 2892 2892 2810 2810 2810 2892 2892 2892 2891 2891 2891 2811 2811 2811 2812 2812 2812 2893 2893 2893 2811 2811 2811 2893 2893 2893 2892 2892 2892 2812 2812 2812 2813 2813 2813 2894 2894 2894 2812 2812 2812 2894 2894 2894 2893 2893 2893 2813 2813 2813 2814 2814 2814 2895 2895 2895 2813 2813 2813 2895 2895 2895 2894 2894 2894 2814 2814 2814 2815 2815 2815 2896 2896 2896 2814 2814 2814 2896 2896 2896 2895 2895 2895 2815 2815 2815 2816 2816 2816 2897 2897 2897 2815 2815 2815 2897 2897 2897 2896 2896 2896 2816 2816 2816 2817 2817 2817 2898 2898 2898 2816 2816 2816 2898 2898 2898 2897 2897 2897 2817 2817 2817 2818 2818 2818 2899 2899 2899 2817 2817 2817 2899 2899 2899 2898 2898 2898 2818 2818 2818 2819 2819 2819 2900 2900 2900 2818 2818 2818 2900 2900 2900 2899 2899 2899 2819 2819 2819 2820 2820 2820 2901 2901 2901 2819 2819 2819 2901 2901 2901 2900 2900 2900 2820 2820 2820 2821 2821 2821 2902 2902 2902 2820 2820 2820 2902 2902 2902 2901 2901 2901 2821 2821 2821 2822 2822 2822 2903 2903 2903 2821 2821 2821 2903 2903 2903 2902 2902 2902 2822 2822 2822 2823 2823 2823 2904 2904 2904 2822 2822 2822 2904 2904 2904 2903 2903 2903 2823 2823 2823 2824 2824 2824 2905 2905 2905 2823 2823 2823 2905 2905 2905 2904 2904 2904 2824 2824 2824 2825 2825 2825 2906 2906 2906 2824 2824 2824 2906 2906 2906 2905 2905 2905 2825 2825 2825 2826 2826 2826 2907 2907 2907 2825 2825 2825 2907 2907 2907 2906 2906 2906 2826 2826 2826 2827 2827 2827 2908 2908 2908 2826 2826 2826 2908 2908 2908 2907 2907 2907 2827 2827 2827 2828 2828 2828 2909 2909 2909 2827 2827 2827 2909 2909 2909 2908 2908 2908 2828 2828 2828 2829 2829 2829 2910 2910 2910 2828 2828 2828 2910 2910 2910 2909 2909 2909 2829 2829 2829 2830 2830 2830 2911 2911 2911 2829 2829 2829 2911 2911 2911 2910 2910 2910 2830 2830 2830 2831 2831 2831 2912 2912 2912 2830 2830 2830 2912 2912 2912 2911 2911 2911 2831 2831 2831 2832 2832 2832 2913 2913 2913 2831 2831 2831 2913 2913 2913 2912 2912 2912 2832 2832 2832 2833 2833 2833 2914 2914 2914 2832 2832 2832 2914 2914 2914 2913 2913 2913 2833 2833 2833 2834 2834 2834 2915 2915 2915 2833 2833 2833 2915 2915 2915 2914 2914 2914 2835 2835 2835 2836 2836 2836 2917 2917 2917 2835 2835 2835 2917 2917 2917 2916 2916 2916 2836 2836 2836 2837 2837 2837 2918 2918 2918 2836 2836 2836 2918 2918 2918 2917 2917 2917 2837 2837 2837 2838 2838 2838 2919 2919 2919 2837 2837 2837 2919 2919 2919 2918 2918 2918 2838 2838 2838 2839 2839 2839 2920 2920 2920 2838 2838 2838 2920 2920 2920 2919 2919 2919 2839 2839 2839 2840 2840 2840 2921 2921 2921 2839 2839 2839 2921 2921 2921 2920 2920 2920 2840 2840 2840 2841 2841 2841 2922 2922 2922 2840 2840 2840 2922 2922 2922 2921 2921 2921 2841 2841 2841 2842 2842 2842 2923 2923 2923 2841 2841 2841 2923 2923 2923 2922 2922 2922 2842 2842 2842 2843 2843 2843 2924 2924 2924 2842 2842 2842 2924 2924 2924 2923 2923 2923 2843 2843 2843 2844 2844 2844 2925 2925 2925 2843 2843 2843 2925 2925 2925 2924 2924 2924 2844 2844 2844 2845 2845 2845 2926 2926 2926 2844 2844 2844 2926 2926 2926 2925 2925 2925 2845 2845 2845 2846 2846 2846 2927 2927 2927 2845 2845 2845 2927 2927 2927 2926 2926 2926 2846 2846 2846 2847 2847 2847 2928 2928 2928 2846 2846 2846 2928 2928 2928 2927 2927 2927 2847 2847 2847 2848 2848 2848 2929 2929 2929 2847 2847 2847 2929 2929 2929 2928 2928 2928 2848 2848 2848 2849 2849 2849 2930 2930 2930 2848 2848 2848 2930 2930 2930 2929 2929 2929 2849 2849 2849 2850 2850 2850 2931 2931 2931 2849 2849 2849 2931 2931 2931 2930 2930 2930 2850 2850 2850 2851 2851 2851 2932 2932 2932 2850 2850 2850 2932 2932 2932 2931 2931 2931 2851 2851 2851 2852 2852 2852 2933 2933 2933 2851 2851 2851 2933 2933 2933 2932 2932 2932 2852 2852 2852 2853 2853 2853 2934 2934 2934 2852 2852 2852 2934 2934 2934 2933 2933 2933 2853 2853 2853 2854 2854 2854 2935 2935 2935 2853 2853 2853 2935 2935 2935 2934 2934 2934 2854 2854 2854 2855 2855 2855 2936 2936 2936 2854 2854 2854 2936 2936 2936 2935 2935 2935 2855 2855 2855 2856 2856 2856 2937 2937 2937 2855 2855 2855 2937 2937 2937 2936 2936 2936 2856 2856 2856 2857 2857 2857 2938 2938 2938 2856 2856 2856 2938 2938 2938 2937 2937 2937 2857 2857 2857 2858 2858 2858 2939 2939 2939 2857 2857 2857 2939 2939 2939 2938 2938 2938 2858 2858 2858 2859 2859 2859 2940 2940 2940 2858 2858 2858 2940 2940 2940 2939 2939 2939 2859 2859 2859 2860 2860 2860 2941 2941 2941 2859 2859 2859 2941 2941 2941 2940 2940 2940 2860 2860 2860 2861 2861 2861 2942 2942 2942 2860 2860 2860 2942 2942 2942 2941 2941 2941 2861 2861 2861 2862 2862 2862 2943 2943 2943 2861 2861 2861 2943 2943 2943 2942 2942 2942 2862 2862 2862 2863 2863 2863 2944 2944 2944 2862 2862 2862 2944 2944 2944 2943 2943 2943 2863 2863 2863 2864 2864 2864 2945 2945 2945 2863 2863 2863 2945 2945 2945 2944 2944 2944 2864 2864 2864 2865 2865 2865 2946 2946 2946 2864 2864 2864 2946 2946 2946 2945 2945 2945 2865 2865 2865 2866 2866 2866 2947 2947 2947 2865 2865 2865 2947 2947 2947 2946 2946 2946 2866 2866 2866 2867 2867 2867 2948 2948 2948 2866 2866 2866 2948 2948 2948 2947 2947 2947 2867 2867 2867 2868 2868 2868 2949 2949 2949 2867 2867 2867 2949 2949 2949 2948 2948 2948 2868 2868 2868 2869 2869 2869 2950 2950 2950 2868 2868 2868 2950 2950 2950 2949 2949 2949 2869 2869 2869 2870 2870 2870 2951 2951 2951 2869 2869 2869 2951 2951 2951 2950 2950 2950 2870 2870 2870 2871 2871 2871 2952 2952 2952 2870 2870 2870 2952 2952 2952 2951 2951 2951 2871 2871 2871 2872 2872 2872 2953 2953 2953 2871 2871 2871 2953 2953 2953 2952 2952 2952 2872 2872 2872 2873 2873 2873 2954 2954 2954 2872 2872 2872 2954 2954 2954 2953 2953 2953 2873 2873 2873 2874 2874 2874 2955 2955 2955 2873 2873 2873 2955 2955 2955 2954 2954 2954 2874 2874 2874 2875 2875 2875 2956 2956 2956 2874 2874 2874 2956 2956 2956 2955 2955 2955 2875 2875 2875 2876 2876 2876 2957 2957 2957 2875 2875 2875 2957 2957 2957 2956 2956 2956 2876 2876 2876 2877 2877 2877 2958 2958 2958 2876 2876 2876 2958 2958 2958 2957 2957 2957 2877 2877 2877 2878 2878 2878 2959 2959 2959 2877 2877 2877 2959 2959 2959 2958 2958 2958 2878 2878 2878 2879 2879 2879 2960 2960 2960 2878 2878 2878 2960 2960 2960 2959 2959 2959 2879 2879 2879 2880 2880 2880 2961 2961 2961 2879 2879 2879 2961 2961 2961 2960 2960 2960 2880 2880 2880 2881 2881 2881 2962 2962 2962 2880 2880 2880 2962 2962 2962 2961 2961 2961 2881 2881 2881 2882 2882 2882 2963 2963 2963 2881 2881 2881 2963 2963 2963 2962 2962 2962 2882 2882 2882 2883 2883 2883 2964 2964 2964 2882 2882 2882 2964 2964 2964 2963 2963 2963 2883 2883 2883 2884 2884 2884 2965 2965 2965 2883 2883 2883 2965 2965 2965 2964 2964 2964 2884 2884 2884 2885 2885 2885 2966 2966 2966 2884 2884 2884 2966 2966 2966 2965 2965 2965 2885 2885 2885 2886 2886 2886 2967 2967 2967 2885 2885 2885 2967 2967 2967 2966 2966 2966 2886 2886 2886 2887 2887 2887 2968 2968 2968 2886 2886 2886 2968 2968 2968 2967 2967 2967 2887 2887 2887 2888 2888 2888 2969 2969 2969 2887 2887 2887 2969 2969 2969 2968 2968 2968 2888 2888 2888 2889 2889 2889 2970 2970 2970 2888 2888 2888 2970 2970 2970 2969 2969 2969 2889 2889 2889 2890 2890 2890 2971 2971 2971 2889 2889 2889 2971 2971 2971 2970 2970 2970 2890 2890 2890 2891 2891 2891 2972 2972 2972 2890 2890 2890 2972 2972 2972 2971 2971 2971 2891 2891 2891 2892 2892 2892 2973 2973 2973 2891 2891 2891 2973 2973 2973 2972 2972 2972 2892 2892 2892 2893 2893 2893 2974 2974 2974 2892 2892 2892 2974 2974 2974 2973 2973 2973 2893 2893 2893 2894 2894 2894 2975 2975 2975 2893 2893 2893 2975 2975 2975 2974 2974 2974 2894 2894 2894 2895 2895 2895 2976 2976 2976 2894 2894 2894 2976 2976 2976 2975 2975 2975 2895 2895 2895 2896 2896 2896 2977 2977 2977 2895 2895 2895 2977 2977 2977 2976 2976 2976 2896 2896 2896 2897 2897 2897 2978 2978 2978 2896 2896 2896 2978 2978 2978 2977 2977 2977 2897 2897 2897 2898 2898 2898 2979 2979 2979 2897 2897 2897 2979 2979 2979 2978 2978 2978 2898 2898 2898 2899 2899 2899 2980 2980 2980 2898 2898 2898 2980 2980 2980 2979 2979 2979 2899 2899 2899 2900 2900 2900 2981 2981 2981 2899 2899 2899 2981 2981 2981 2980 2980 2980 2900 2900 2900 2901 2901 2901 2982 2982 2982 2900 2900 2900 2982 2982 2982 2981 2981 2981 2901 2901 2901 2902 2902 2902 2983 2983 2983 2901 2901 2901 2983 2983 2983 2982 2982 2982 2902 2902 2902 2903 2903 2903 2984 2984 2984 2902 2902 2902 2984 2984 2984 2983 2983 2983 2903 2903 2903 2904 2904 2904 2985 2985 2985 2903 2903 2903 2985 2985 2985 2984 2984 2984 2904 2904 2904 2905 2905 2905 2986 2986 2986 2904 2904 2904 2986 2986 2986 2985 2985 2985 2905 2905 2905 2906 2906 2906 2987 2987 2987 2905 2905 2905 2987 2987 2987 2986 2986 2986 2906 2906 2906 2907 2907 2907 2988 2988 2988 2906 2906 2906 2988 2988 2988 2987 2987 2987 2907 2907 2907 2908 2908 2908 2989 2989 2989 2907 2907 2907 2989 2989 2989 2988 2988 2988 2908 2908 2908 2909 2909 2909 2990 2990 2990 2908 2908 2908 2990 2990 2990 2989 2989 2989 2909 2909 2909 2910 2910 2910 2991 2991 2991 2909 2909 2909 2991 2991 2991 2990 2990 2990 2910 2910 2910 2911 2911 2911 2992 2992 2992 2910 2910 2910 2992 2992 2992 2991 2991 2991 2911 2911 2911 2912 2912 2912 2993 2993 2993 2911 2911 2911 2993 2993 2993 2992 2992 2992 2912 2912 2912 2913 2913 2913 2994 2994 2994 2912 2912 2912 2994 2994 2994 2993 2993 2993 2913 2913 2913 2914 2914 2914 2995 2995 2995 2913 2913 2913 2995 2995 2995 2994 2994 2994 2914 2914 2914 2915 2915 2915 2996 2996 2996 2914 2914 2914 2996 2996 2996 2995 2995 2995 2916 2916 2916 2917 2917 2917 2998 2998 2998 2916 2916 2916 2998 2998 2998 2997 2997 2997 2917 2917 2917 2918 2918 2918 2999 2999 2999 2917 2917 2917 2999 2999 2999 2998 2998 2998 2918 2918 2918 2919 2919 2919 3000 3000 3000 2918 2918 2918 3000 3000 3000 2999 2999 2999 2919 2919 2919 2920 2920 2920 3001 3001 3001 2919 2919 2919 3001 3001 3001 3000 3000 3000 2920 2920 2920 2921 2921 2921 3002 3002 3002 2920 2920 2920 3002 3002 3002 3001 3001 3001 2921 2921 2921 2922 2922 2922 3003 3003 3003 2921 2921 2921 3003 3003 3003 3002 3002 3002 2922 2922 2922 2923 2923 2923 3004 3004 3004 2922 2922 2922 3004 3004 3004 3003 3003 3003 2923 2923 2923 2924 2924 2924 3005 3005 3005 2923 2923 2923 3005 3005 3005 3004 3004 3004 2924 2924 2924 2925 2925 2925 3006 3006 3006 2924 2924 2924 3006 3006 3006 3005 3005 3005 2925 2925 2925 2926 2926 2926 3007 3007 3007 2925 2925 2925 3007 3007 3007 3006 3006 3006 2926 2926 2926 2927 2927 2927 3008 3008 3008 2926 2926 2926 3008 3008 3008 3007 3007 3007 2927 2927 2927 2928 2928 2928 3009 3009 3009 2927 2927 2927 3009 3009 3009 3008 3008 3008 2928 2928 2928 2929 2929 2929 3010 3010 3010 2928 2928 2928 3010 3010 3010 3009 3009 3009 2929 2929 2929 2930 2930 2930 3011 3011 3011 2929 2929 2929 3011 3011 3011 3010 3010 3010 2930 2930 2930 2931 2931 2931 3012 3012 3012 2930 2930 2930 3012 3012 3012 3011 3011 3011 2931 2931 2931 2932 2932 2932 3013 3013 3013 2931 2931 2931 3013 3013 3013 3012 3012 3012 2932 2932 2932 2933 2933 2933 3014 3014 3014 2932 2932 2932 3014 3014 3014 3013 3013 3013 2933 2933 2933 2934 2934 2934 3015 3015 3015 2933 2933 2933 3015 3015 3015 3014 3014 3014 2934 2934 2934 2935 2935 2935 3016 3016 3016 2934 2934 2934 3016 3016 3016 3015 3015 3015 2935 2935 2935 2936 2936 2936 3017 3017 3017 2935 2935 2935 3017 3017 3017 3016 3016 3016 2936 2936 2936 2937 2937 2937 3018 3018 3018 2936 2936 2936 3018 3018 3018 3017 3017 3017 2937 2937 2937 2938 2938 2938 3019 3019 3019 2937 2937 2937 3019 3019 3019 3018 3018 3018 2938 2938 2938 2939 2939 2939 3020 3020 3020 2938 2938 2938 3020 3020 3020 3019 3019 3019 2939 2939 2939 2940 2940 2940 3021 3021 3021 2939 2939 2939 3021 3021 3021 3020 3020 3020 2940 2940 2940 2941 2941 2941 3022 3022 3022 2940 2940 2940 3022 3022 3022 3021 3021 3021 2941 2941 2941 2942 2942 2942 3023 3023 3023 2941 2941 2941 3023 3023 3023 3022 3022 3022 2942 2942 2942 2943 2943 2943 3024 3024 3024 2942 2942 2942 3024 3024 3024 3023 3023 3023 2943 2943 2943 2944 2944 2944 3025 3025 3025 2943 2943 2943 3025 3025 3025 3024 3024 3024 2944 2944 2944 2945 2945 2945 3026 3026 3026 2944 2944 2944 3026 3026 3026 3025 3025 3025 2945 2945 2945 2946 2946 2946 3027 3027 3027 2945 2945 2945 3027 3027 3027 3026 3026 3026 2946 2946 2946 2947 2947 2947 3028 3028 3028 2946 2946 2946 3028 3028 3028 3027 3027 3027 2947 2947 2947 2948 2948 2948 3029 3029 3029 2947 2947 2947 3029 3029 3029 3028 3028 3028 2948 2948 2948 2949 2949 2949 3030 3030 3030 2948 2948 2948 3030 3030 3030 3029 3029 3029 2949 2949 2949 2950 2950 2950 3031 3031 3031 2949 2949 2949 3031 3031 3031 3030 3030 3030 2950 2950 2950 2951 2951 2951 3032 3032 3032 2950 2950 2950 3032 3032 3032 3031 3031 3031 2951 2951 2951 2952 2952 2952 3033 3033 3033 2951 2951 2951 3033 3033 3033 3032 3032 3032 2952 2952 2952 2953 2953 2953 3034 3034 3034 2952 2952 2952 3034 3034 3034 3033 3033 3033 2953 2953 2953 2954 2954 2954 3035 3035 3035 2953 2953 2953 3035 3035 3035 3034 3034 3034 2954 2954 2954 2955 2955 2955 3036 3036 3036 2954 2954 2954 3036 3036 3036 3035 3035 3035 2955 2955 2955 2956 2956 2956 3037 3037 3037 2955 2955 2955 3037 3037 3037 3036 3036 3036 2956 2956 2956 2957 2957 2957 3038 3038 3038 2956 2956 2956 3038 3038 3038 3037 3037 3037 2957 2957 2957 2958 2958 2958 3039 3039 3039 2957 2957 2957 3039 3039 3039 3038 3038 3038 2958 2958 2958 2959 2959 2959 3040 3040 3040 2958 2958 2958 3040 3040 3040 3039 3039 3039 2959 2959 2959 2960 2960 2960 3041 3041 3041 2959 2959 2959 3041 3041 3041 3040 3040 3040 2960 2960 2960 2961 2961 2961 3042 3042 3042 2960 2960 2960 3042 3042 3042 3041 3041 3041 2961 2961 2961 2962 2962 2962 3043 3043 3043 2961 2961 2961 3043 3043 3043 3042 3042 3042 2962 2962 2962 2963 2963 2963 3044 3044 3044 2962 2962 2962 3044 3044 3044 3043 3043 3043 2963 2963 2963 2964 2964 2964 3045 3045 3045 2963 2963 2963 3045 3045 3045 3044 3044 3044 2964 2964 2964 2965 2965 2965 3046 3046 3046 2964 2964 2964 3046 3046 3046 3045 3045 3045 2965 2965 2965 2966 2966 2966 3047 3047 3047 2965 2965 2965 3047 3047 3047 3046 3046 3046 2966 2966 2966 2967 2967 2967 3048 3048 3048 2966 2966 2966 3048 3048 3048 3047 3047 3047 2967 2967 2967 2968 2968 2968 3049 3049 3049 2967 2967 2967 3049 3049 3049 3048 3048 3048 2968 2968 2968 2969 2969 2969 3050 3050 3050 2968 2968 2968 3050 3050 3050 3049 3049 3049 2969 2969 2969 2970 2970 2970 3051 3051 3051 2969 2969 2969 3051 3051 3051 3050 3050 3050 2970 2970 2970 2971 2971 2971 3052 3052 3052 2970 2970 2970 3052 3052 3052 3051 3051 3051 2971 2971 2971 2972 2972 2972 3053 3053 3053 2971 2971 2971 3053 3053 3053 3052 3052 3052 2972 2972 2972 2973 2973 2973 3054 3054 3054 2972 2972 2972 3054 3054 3054 3053 3053 3053 2973 2973 2973 2974 2974 2974 3055 3055 3055 2973 2973 2973 3055 3055 3055 3054 3054 3054 2974 2974 2974 2975 2975 2975 3056 3056 3056 2974 2974 2974 3056 3056 3056 3055 3055 3055 2975 2975 2975 2976 2976 2976 3057 3057 3057 2975 2975 2975 3057 3057 3057 3056 3056 3056 2976 2976 2976 2977 2977 2977 3058 3058 3058 2976 2976 2976 3058 3058 3058 3057 3057 3057 2977 2977 2977 2978 2978 2978 3059 3059 3059 2977 2977 2977 3059 3059 3059 3058 3058 3058 2978 2978 2978 2979 2979 2979 3060 3060 3060 2978 2978 2978 3060 3060 3060 3059 3059 3059 2979 2979 2979 2980 2980 2980 3061 3061 3061 2979 2979 2979 3061 3061 3061 3060 3060 3060 2980 2980 2980 2981 2981 2981 3062 3062 3062 2980 2980 2980 3062 3062 3062 3061 3061 3061 2981 2981 2981 2982 2982 2982 3063 3063 3063 2981 2981 2981 3063 3063 3063 3062 3062 3062 2982 2982 2982 2983 2983 2983 3064 3064 3064 2982 2982 2982 3064 3064 3064 3063 3063 3063 2983 2983 2983 2984 2984 2984 3065 3065 3065 2983 2983 2983 3065 3065 3065 3064 3064 3064 2984 2984 2984 2985 2985 2985 3066 3066 3066 2984 2984 2984 3066 3066 3066 3065 3065 3065 2985 2985 2985 2986 2986 2986 3067 3067 3067 2985 2985 2985 3067 3067 3067 3066 3066 3066 2986 2986 2986 2987 2987 2987 3068 3068 3068 2986 2986 2986 3068 3068 3068 3067 3067 3067 2987 2987 2987 2988 2988 2988 3069 3069 3069 2987 2987 2987 3069 3069 3069 3068 3068 3068 2988 2988 2988 2989 2989 2989 3070 3070 3070 2988 2988 2988 3070 3070 3070 3069 3069 3069 2989 2989 2989 2990 2990 2990 3071 3071 3071 2989 2989 2989 3071 3071 3071 3070 3070 3070 2990 2990 2990 2991 2991 2991 3072 3072 3072 2990 2990 2990 3072 3072 3072 3071 3071 3071 2991 2991 2991 2992 2992 2992 3073 3073 3073 2991 2991 2991 3073 3073 3073 3072 3072 3072 2992 2992 2992 2993 2993 2993 3074 3074 3074 2992 2992 2992 3074 3074 3074 3073 3073 3073 2993 2993 2993 2994 2994 2994 3075 3075 3075 2993 2993 2993 3075 3075 3075 3074 3074 3074 2994 2994 2994 2995 2995 2995 3076 3076 3076 2994 2994 2994 3076 3076 3076 3075 3075 3075 2995 2995 2995 2996 2996 2996 3077 3077 3077 2995 2995 2995 3077 3077 3077 3076 3076 3076 2997 2997 2997 2998 2998 2998 3079 3079 3079 2997 2997 2997 3079 3079 3079 3078 3078 3078 2998 2998 2998 2999 2999 2999 3080 3080 3080 2998 2998 2998 3080 3080 3080 3079 3079 3079 2999 2999 2999 3000 3000 3000 3081 3081 3081 2999 2999 2999 3081 3081 3081 3080 3080 3080 3000 3000 3000 3001 3001 3001 3082 3082 3082 3000 3000 3000 3082 3082 3082 3081 3081 3081 3001 3001 3001 3002 3002 3002 3083 3083 3083 3001 3001 3001 3083 3083 3083 3082 3082 3082 3002 3002 3002 3003 3003 3003 3084 3084 3084 3002 3002 3002 3084 3084 3084 3083 3083 3083 3003 3003 3003 3004 3004 3004 3085 3085 3085 3003 3003 3003 3085 3085 3085 3084 3084 3084 3004 3004 3004 3005 3005 3005 3086 3086 3086 3004 3004 3004 3086 3086 3086 3085 3085 3085 3005 3005 3005 3006 3006 3006 3087 3087 3087 3005 3005 3005 3087 3087 3087 3086 3086 3086 3006 3006 3006 3007 3007 3007 3088 3088 3088 3006 3006 3006 3088 3088 3088 3087 3087 3087 3007 3007 3007 3008 3008 3008 3089 3089 3089 3007 3007 3007 3089 3089 3089 3088 3088 3088 3008 3008 3008 3009 3009 3009 3090 3090 3090 3008 3008 3008 3090 3090 3090 3089 3089 3089 3009 3009 3009 3010 3010 3010 3091 3091 3091 3009 3009 3009 3091 3091 3091 3090 3090 3090 3010 3010 3010 3011 3011 3011 3092 3092 3092 3010 3010 3010 3092 3092 3092 3091 3091 3091 3011 3011 3011 3012 3012 3012 3093 3093 3093 3011 3011 3011 3093 3093 3093 3092 3092 3092 3012 3012 3012 3013 3013 3013 3094 3094 3094 3012 3012 3012 3094 3094 3094 3093 3093 3093 3013 3013 3013 3014 3014 3014 3095 3095 3095 3013 3013 3013 3095 3095 3095 3094 3094 3094 3014 3014 3014 3015 3015 3015 3096 3096 3096 3014 3014 3014 3096 3096 3096 3095 3095 3095 3015 3015 3015 3016 3016 3016 3097 3097 3097 3015 3015 3015 3097 3097 3097 3096 3096 3096 3016 3016 3016 3017 3017 3017 3098 3098 3098 3016 3016 3016 3098 3098 3098 3097 3097 3097 3017 3017 3017 3018 3018 3018 3099 3099 3099 3017 3017 3017 3099 3099 3099 3098 3098 3098 3018 3018 3018 3019 3019 3019 3100 3100 3100 3018 3018 3018 3100 3100 3100 3099 3099 3099 3019 3019 3019 3020 3020 3020 3101 3101 3101 3019 3019 3019 3101 3101 3101 3100 3100 3100 3020 3020 3020 3021 3021 3021 3102 3102 3102 3020 3020 3020 3102 3102 3102 3101 3101 3101 3021 3021 3021 3022 3022 3022 3103 3103 3103 3021 3021 3021 3103 3103 3103 3102 3102 3102 3022 3022 3022 3023 3023 3023 3104 3104 3104 3022 3022 3022 3104 3104 3104 3103 3103 3103 3023 3023 3023 3024 3024 3024 3105 3105 3105 3023 3023 3023 3105 3105 3105 3104 3104 3104 3024 3024 3024 3025 3025 3025 3106 3106 3106 3024 3024 3024 3106 3106 3106 3105 3105 3105 3025 3025 3025 3026 3026 3026 3107 3107 3107 3025 3025 3025 3107 3107 3107 3106 3106 3106 3026 3026 3026 3027 3027 3027 3108 3108 3108 3026 3026 3026 3108 3108 3108 3107 3107 3107 3027 3027 3027 3028 3028 3028 3109 3109 3109 3027 3027 3027 3109 3109 3109 3108 3108 3108 3028 3028 3028 3029 3029 3029 3110 3110 3110 3028 3028 3028 3110 3110 3110 3109 3109 3109 3029 3029 3029 3030 3030 3030 3111 3111 3111 3029 3029 3029 3111 3111 3111 3110 3110 3110 3030 3030 3030 3031 3031 3031 3112 3112 3112 3030 3030 3030 3112 3112 3112 3111 3111 3111 3031 3031 3031 3032 3032 3032 3113 3113 3113 3031 3031 3031 3113 3113 3113 3112 3112 3112 3032 3032 3032 3033 3033 3033 3114 3114 3114 3032 3032 3032 3114 3114 3114 3113 3113 3113 3033 3033 3033 3034 3034 3034 3115 3115 3115 3033 3033 3033 3115 3115 3115 3114 3114 3114 3034 3034 3034 3035 3035 3035 3116 3116 3116 3034 3034 3034 3116 3116 3116 3115 3115 3115 3035 3035 3035 3036 3036 3036 3117 3117 3117 3035 3035 3035 3117 3117 3117 3116 3116 3116 3036 3036 3036 3037 3037 3037 3118 3118 3118 3036 3036 3036 3118 3118 3118 3117 3117 3117 3037 3037 3037 3038 3038 3038 3119 3119 3119 3037 3037 3037 3119 3119 3119 3118 3118 3118 3038 3038 3038 3039 3039 3039 3120 3120 3120 3038 3038 3038 3120 3120 3120 3119 3119 3119 3039 3039 3039 3040 3040 3040 3121 3121 3121 3039 3039 3039 3121 3121 3121 3120 3120 3120 3040 3040 3040 3041 3041 3041 3122 3122 3122 3040 3040 3040 3122 3122 3122 3121 3121 3121 3041 3041 3041 3042 3042 3042 3123 3123 3123 3041 3041 3041 3123 3123 3123 3122 3122 3122 3042 3042 3042 3043 3043 3043 3124 3124 3124 3042 3042 3042 3124 3124 3124 3123 3123 3123 3043 3043 3043 3044 3044 3044 3125 3125 3125 3043 3043 3043 3125 3125 3125 3124 3124 3124 3044 3044 3044 3045 3045 3045 3126 3126 3126 3044 3044 3044 3126 3126 3126 3125 3125 3125 3045 3045 3045 3046 3046 3046 3127 3127 3127 3045 3045 3045 3127 3127 3127 3126 3126 3126 3046 3046 3046 3047 3047 3047 3128 3128 3128 3046 3046 3046 3128 3128 3128 3127 3127 3127 3047 3047 3047 3048 3048 3048 3129 3129 3129 3047 3047 3047 3129 3129 3129 3128 3128 3128 3048 3048 3048 3049 3049 3049 3130 3130 3130 3048 3048 3048 3130 3130 3130 3129 3129 3129 3049 3049 3049 3050 3050 3050 3131 3131 3131 3049 3049 3049 3131 3131 3131 3130 3130 3130 3050 3050 3050 3051 3051 3051 3132 3132 3132 3050 3050 3050 3132 3132 3132 3131 3131 3131 3051 3051 3051 3052 3052 3052 3133 3133 3133 3051 3051 3051 3133 3133 3133 3132 3132 3132 3052 3052 3052 3053 3053 3053 3134 3134 3134 3052 3052 3052 3134 3134 3134 3133 3133 3133 3053 3053 3053 3054 3054 3054 3135 3135 3135 3053 3053 3053 3135 3135 3135 3134 3134 3134 3054 3054 3054 3055 3055 3055 3136 3136 3136 3054 3054 3054 3136 3136 3136 3135 3135 3135 3055 3055 3055 3056 3056 3056 3137 3137 3137 3055 3055 3055 3137 3137 3137 3136 3136 3136 3056 3056 3056 3057 3057 3057 3138 3138 3138 3056 3056 3056 3138 3138 3138 3137 3137 3137 3057 3057 3057 3058 3058 3058 3139 3139 3139 3057 3057 3057 3139 3139 3139 3138 3138 3138 3058 3058 3058 3059 3059 3059 3140 3140 3140 3058 3058 3058 3140 3140 3140 3139 3139 3139 3059 3059 3059 3060 3060 3060 3141 3141 3141 3059 3059 3059 3141 3141 3141 3140 3140 3140 3060 3060 3060 3061 3061 3061 3142 3142 3142 3060 3060 3060 3142 3142 3142 3141 3141 3141 3061 3061 3061 3062 3062 3062 3143 3143 3143 3061 3061 3061 3143 3143 3143 3142 3142 3142 3062 3062 3062 3063 3063 3063 3144 3144 3144 3062 3062 3062 3144 3144 3144 3143 3143 3143 3063 3063 3063 3064 3064 3064 3145 3145 3145 3063 3063 3063 3145 3145 3145 3144 3144 3144 3064 3064 3064 3065 3065 3065 3146 3146 3146 3064 3064 3064 3146 3146 3146 3145 3145 3145 3065 3065 3065 3066 3066 3066 3147 3147 3147 3065 3065 3065 3147 3147 3147 3146 3146 3146 3066 3066 3066 3067 3067 3067 3148 3148 3148 3066 3066 3066 3148 3148 3148 3147 3147 3147 3067 3067 3067 3068 3068 3068 3149 3149 3149 3067 3067 3067 3149 3149 3149 3148 3148 3148 3068 3068 3068 3069 3069 3069 3150 3150 3150 3068 3068 3068 3150 3150 3150 3149 3149 3149 3069 3069 3069 3070 3070 3070 3151 3151 3151 3069 3069 3069 3151 3151 3151 3150 3150 3150 3070 3070 3070 3071 3071 3071 3152 3152 3152 3070 3070 3070 3152 3152 3152 3151 3151 3151 3071 3071 3071 3072 3072 3072 3153 3153 3153 3071 3071 3071 3153 3153 3153 3152 3152 3152 3072 3072 3072 3073 3073 3073 3154 3154 3154 3072 3072 3072 3154 3154 3154 3153 3153 3153 3073 3073 3073 3074 3074 3074 3155 3155 3155 3073 3073 3073 3155 3155 3155 3154 3154 3154 3074 3074 3074 3075 3075 3075 3156 3156 3156 3074 3074 3074 3156 3156 3156 3155 3155 3155 3075 3075 3075 3076 3076 3076 3157 3157 3157 3075 3075 3075 3157 3157 3157 3156 3156 3156 3076 3076 3076 3077 3077 3077 3158 3158 3158 3076 3076 3076 3158 3158 3158 3157 3157 3157 3078 3078 3078 3079 3079 3079 3160 3160 3160 3078 3078 3078 3160 3160 3160 3159 3159 3159 3079 3079 3079 3080 3080 3080 3161 3161 3161 3079 3079 3079 3161 3161 3161 3160 3160 3160 3080 3080 3080 3081 3081 3081 3162 3162 3162 3080 3080 3080 3162 3162 3162 3161 3161 3161 3081 3081 3081 3082 3082 3082 3163 3163 3163 3081 3081 3081 3163 3163 3163 3162 3162 3162 3082 3082 3082 3083 3083 3083 3164 3164 3164 3082 3082 3082 3164 3164 3164 3163 3163 3163 3083 3083 3083 3084 3084 3084 3165 3165 3165 3083 3083 3083 3165 3165 3165 3164 3164 3164 3084 3084 3084 3085 3085 3085 3166 3166 3166 3084 3084 3084 3166 3166 3166 3165 3165 3165 3085 3085 3085 3086 3086 3086 3167 3167 3167 3085 3085 3085 3167 3167 3167 3166 3166 3166 3086 3086 3086 3087 3087 3087 3168 3168 3168 3086 3086 3086 3168 3168 3168 3167 3167 3167 3087 3087 3087 3088 3088 3088 3169 3169 3169 3087 3087 3087 3169 3169 3169 3168 3168 3168 3088 3088 3088 3089 3089 3089 3170 3170 3170 3088 3088 3088 3170 3170 3170 3169 3169 3169 3089 3089 3089 3090 3090 3090 3171 3171 3171 3089 3089 3089 3171 3171 3171 3170 3170 3170 3090 3090 3090 3091 3091 3091 3172 3172 3172 3090 3090 3090 3172 3172 3172 3171 3171 3171 3091 3091 3091 3092 3092 3092 3173 3173 3173 3091 3091 3091 3173 3173 3173 3172 3172 3172 3092 3092 3092 3093 3093 3093 3174 3174 3174 3092 3092 3092 3174 3174 3174 3173 3173 3173 3093 3093 3093 3094 3094 3094 3175 3175 3175 3093 3093 3093 3175 3175 3175 3174 3174 3174 3094 3094 3094 3095 3095 3095 3176 3176 3176 3094 3094 3094 3176 3176 3176 3175 3175 3175 3095 3095 3095 3096 3096 3096 3177 3177 3177 3095 3095 3095 3177 3177 3177 3176 3176 3176 3096 3096 3096 3097 3097 3097 3178 3178 3178 3096 3096 3096 3178 3178 3178 3177 3177 3177 3097 3097 3097 3098 3098 3098 3179 3179 3179 3097 3097 3097 3179 3179 3179 3178 3178 3178 3098 3098 3098 3099 3099 3099 3180 3180 3180 3098 3098 3098 3180 3180 3180 3179 3179 3179 3099 3099 3099 3100 3100 3100 3181 3181 3181 3099 3099 3099 3181 3181 3181 3180 3180 3180 3100 3100 3100 3101 3101 3101 3182 3182 3182 3100 3100 3100 3182 3182 3182 3181 3181 3181 3101 3101 3101 3102 3102 3102 3183 3183 3183 3101 3101 3101 3183 3183 3183 3182 3182 3182 3102 3102 3102 3103 3103 3103 3184 3184 3184 3102 3102 3102 3184 3184 3184 3183 3183 3183 3103 3103 3103 3104 3104 3104 3185 3185 3185 3103 3103 3103 3185 3185 3185 3184 3184 3184 3104 3104 3104 3105 3105 3105 3186 3186 3186 3104 3104 3104 3186 3186 3186 3185 3185 3185 3105 3105 3105 3106 3106 3106 3187 3187 3187 3105 3105 3105 3187 3187 3187 3186 3186 3186 3106 3106 3106 3107 3107 3107 3188 3188 3188 3106 3106 3106 3188 3188 3188 3187 3187 3187 3107 3107 3107 3108 3108 3108 3189 3189 3189 3107 3107 3107 3189 3189 3189 3188 3188 3188 3108 3108 3108 3109 3109 3109 3190 3190 3190 3108 3108 3108 3190 3190 3190 3189 3189 3189 3109 3109 3109 3110 3110 3110 3191 3191 3191 3109 3109 3109 3191 3191 3191 3190 3190 3190 3110 3110 3110 3111 3111 3111 3192 3192 3192 3110 3110 3110 3192 3192 3192 3191 3191 3191 3111 3111 3111 3112 3112 3112 3193 3193 3193 3111 3111 3111 3193 3193 3193 3192 3192 3192 3112 3112 3112 3113 3113 3113 3194 3194 3194 3112 3112 3112 3194 3194 3194 3193 3193 3193 3113 3113 3113 3114 3114 3114 3195 3195 3195 3113 3113 3113 3195 3195 3195 3194 3194 3194 3114 3114 3114 3115 3115 3115 3196 3196 3196 3114 3114 3114 3196 3196 3196 3195 3195 3195 3115 3115 3115 3116 3116 3116 3197 3197 3197 3115 3115 3115 3197 3197 3197 3196 3196 3196 3116 3116 3116 3117 3117 3117 3198 3198 3198 3116 3116 3116 3198 3198 3198 3197 3197 3197 3117 3117 3117 3118 3118 3118 3199 3199 3199 3117 3117 3117 3199 3199 3199 3198 3198 3198 3118 3118 3118 3119 3119 3119 3200 3200 3200 3118 3118 3118 3200 3200 3200 3199 3199 3199 3119 3119 3119 3120 3120 3120 3201 3201 3201 3119 3119 3119 3201 3201 3201 3200 3200 3200 3120 3120 3120 3121 3121 3121 3202 3202 3202 3120 3120 3120 3202 3202 3202 3201 3201 3201 3121 3121 3121 3122 3122 3122 3203 3203 3203 3121 3121 3121 3203 3203 3203 3202 3202 3202 3122 3122 3122 3123 3123 3123 3204 3204 3204 3122 3122 3122 3204 3204 3204 3203 3203 3203 3123 3123 3123 3124 3124 3124 3205 3205 3205 3123 3123 3123 3205 3205 3205 3204 3204 3204 3124 3124 3124 3125 3125 3125 3206 3206 3206 3124 3124 3124 3206 3206 3206 3205 3205 3205 3125 3125 3125 3126 3126 3126 3207 3207 3207 3125 3125 3125 3207 3207 3207 3206 3206 3206 3126 3126 3126 3127 3127 3127 3208 3208 3208 3126 3126 3126 3208 3208 3208 3207 3207 3207 3127 3127 3127 3128 3128 3128 3209 3209 3209 3127 3127 3127 3209 3209 3209 3208 3208 3208 3128 3128 3128 3129 3129 3129 3210 3210 3210 3128 3128 3128 3210 3210 3210 3209 3209 3209 3129 3129 3129 3130 3130 3130 3211 3211 3211 3129 3129 3129 3211 3211 3211 3210 3210 3210 3130 3130 3130 3131 3131 3131 3212 3212 3212 3130 3130 3130 3212 3212 3212 3211 3211 3211 3131 3131 3131 3132 3132 3132 3213 3213 3213 3131 3131 3131 3213 3213 3213 3212 3212 3212 3132 3132 3132 3133 3133 3133 3214 3214 3214 3132 3132 3132 3214 3214 3214 3213 3213 3213 3133 3133 3133 3134 3134 3134 3215 3215 3215 3133 3133 3133 3215 3215 3215 3214 3214 3214 3134 3134 3134 3135 3135 3135 3216 3216 3216 3134 3134 3134 3216 3216 3216 3215 3215 3215 3135 3135 3135 3136 3136 3136 3217 3217 3217 3135 3135 3135 3217 3217 3217 3216 3216 3216 3136 3136 3136 3137 3137 3137 3218 3218 3218 3136 3136 3136 3218 3218 3218 3217 3217 3217 3137 3137 3137 3138 3138 3138 3219 3219 3219 3137 3137 3137 3219 3219 3219 3218 3218 3218 3138 3138 3138 3139 3139 3139 3220 3220 3220 3138 3138 3138 3220 3220 3220 3219 3219 3219 3139 3139 3139 3140 3140 3140 3221 3221 3221 3139 3139 3139 3221 3221 3221 3220 3220 3220 3140 3140 3140 3141 3141 3141 3222 3222 3222 3140 3140 3140 3222 3222 3222 3221 3221 3221 3141 3141 3141 3142 3142 3142 3223 3223 3223 3141 3141 3141 3223 3223 3223 3222 3222 3222 3142 3142 3142 3143 3143 3143 3224 3224 3224 3142 3142 3142 3224 3224 3224 3223 3223 3223 3143 3143 3143 3144 3144 3144 3225 3225 3225 3143 3143 3143 3225 3225 3225 3224 3224 3224 3144 3144 3144 3145 3145 3145 3226 3226 3226 3144 3144 3144 3226 3226 3226 3225 3225 3225 3145 3145 3145 3146 3146 3146 3227 3227 3227 3145 3145 3145 3227 3227 3227 3226 3226 3226 3146 3146 3146 3147 3147 3147 3228 3228 3228 3146 3146 3146 3228 3228 3228 3227 3227 3227 3147 3147 3147 3148 3148 3148 3229 3229 3229 3147 3147 3147 3229 3229 3229 3228 3228 3228 3148 3148 3148 3149 3149 3149 3230 3230 3230 3148 3148 3148 3230 3230 3230 3229 3229 3229 3149 3149 3149 3150 3150 3150 3231 3231 3231 3149 3149 3149 3231 3231 3231 3230 3230 3230 3150 3150 3150 3151 3151 3151 3232 3232 3232 3150 3150 3150 3232 3232 3232 3231 3231 3231 3151 3151 3151 3152 3152 3152 3233 3233 3233 3151 3151 3151 3233 3233 3233 3232 3232 3232 3152 3152 3152 3153 3153 3153 3234 3234 3234 3152 3152 3152 3234 3234 3234 3233 3233 3233 3153 3153 3153 3154 3154 3154 3235 3235 3235 3153 3153 3153 3235 3235 3235 3234 3234 3234 3154 3154 3154 3155 3155 3155 3236 3236 3236 3154 3154 3154 3236 3236 3236 3235 3235 3235 3155 3155 3155 3156 3156 3156 3237 3237 3237 3155 3155 3155 3237 3237 3237 3236 3236 3236 3156 3156 3156 3157 3157 3157 3238 3238 3238 3156 3156 3156 3238 3238 3238 3237 3237 3237 3157 3157 3157 3158 3158 3158 3239 3239 3239 3157 3157 3157 3239 3239 3239 3238 3238 3238 3159 3159 3159 3160 3160 3160 3241 3241 3241 3159 3159 3159 3241 3241 3241 3240 3240 3240 3160 3160 3160 3161 3161 3161 3242 3242 3242 3160 3160 3160 3242 3242 3242 3241 3241 3241 3161 3161 3161 3162 3162 3162 3243 3243 3243 3161 3161 3161 3243 3243 3243 3242 3242 3242 3162 3162 3162 3163 3163 3163 3244 3244 3244 3162 3162 3162 3244 3244 3244 3243 3243 3243 3163 3163 3163 3164 3164 3164 3245 3245 3245 3163 3163 3163 3245 3245 3245 3244 3244 3244 3164 3164 3164 3165 3165 3165 3246 3246 3246 3164 3164 3164 3246 3246 3246 3245 3245 3245 3165 3165 3165 3166 3166 3166 3247 3247 3247 3165 3165 3165 3247 3247 3247 3246 3246 3246 3166 3166 3166 3167 3167 3167 3248 3248 3248 3166 3166 3166 3248 3248 3248 3247 3247 3247 3167 3167 3167 3168 3168 3168 3249 3249 3249 3167 3167 3167 3249 3249 3249 3248 3248 3248 3168 3168 3168 3169 3169 3169 3250 3250 3250 3168 3168 3168 3250 3250 3250 3249 3249 3249 3169 3169 3169 3170 3170 3170 3251 3251 3251 3169 3169 3169 3251 3251 3251 3250 3250 3250 3170 3170 3170 3171 3171 3171 3252 3252 3252 3170 3170 3170 3252 3252 3252 3251 3251 3251 3171 3171 3171 3172 3172 3172 3253 3253 3253 3171 3171 3171 3253 3253 3253 3252 3252 3252 3172 3172 3172 3173 3173 3173 3254 3254 3254 3172 3172 3172 3254 3254 3254 3253 3253 3253 3173 3173 3173 3174 3174 3174 3255 3255 3255 3173 3173 3173 3255 3255 3255 3254 3254 3254 3174 3174 3174 3175 3175 3175 3256 3256 3256 3174 3174 3174 3256 3256 3256 3255 3255 3255 3175 3175 3175 3176 3176 3176 3257 3257 3257 3175 3175 3175 3257 3257 3257 3256 3256 3256 3176 3176 3176 3177 3177 3177 3258 3258 3258 3176 3176 3176 3258 3258 3258 3257 3257 3257 3177 3177 3177 3178 3178 3178 3259 3259 3259 3177 3177 3177 3259 3259 3259 3258 3258 3258 3178 3178 3178 3179 3179 3179 3260 3260 3260 3178 3178 3178 3260 3260 3260 3259 3259 3259 3179 3179 3179 3180 3180 3180 3261 3261 3261 3179 3179 3179 3261 3261 3261 3260 3260 3260 3180 3180 3180 3181 3181 3181 3262 3262 3262 3180 3180 3180 3262 3262 3262 3261 3261 3261 3181 3181 3181 3182 3182 3182 3263 3263 3263 3181 3181 3181 3263 3263 3263 3262 3262 3262 3182 3182 3182 3183 3183 3183 3264 3264 3264 3182 3182 3182 3264 3264 3264 3263 3263 3263 3183 3183 3183 3184 3184 3184 3265 3265 3265 3183 3183 3183 3265 3265 3265 3264 3264 3264 3184 3184 3184 3185 3185 3185 3266 3266 3266 3184 3184 3184 3266 3266 3266 3265 3265 3265 3185 3185 3185 3186 3186 3186 3267 3267 3267 3185 3185 3185 3267 3267 3267 3266 3266 3266 3186 3186 3186 3187 3187 3187 3268 3268 3268 3186 3186 3186 3268 3268 3268 3267 3267 3267 3187 3187 3187 3188 3188 3188 3269 3269 3269 3187 3187 3187 3269 3269 3269 3268 3268 3268 3188 3188 3188 3189 3189 3189 3270 3270 3270 3188 3188 3188 3270 3270 3270 3269 3269 3269 3189 3189 3189 3190 3190 3190 3271 3271 3271 3189 3189 3189 3271 3271 3271 3270 3270 3270 3190 3190 3190 3191 3191 3191 3272 3272 3272 3190 3190 3190 3272 3272 3272 3271 3271 3271 3191 3191 3191 3192 3192 3192 3273 3273 3273 3191 3191 3191 3273 3273 3273 3272 3272 3272 3192 3192 3192 3193 3193 3193 3274 3274 3274 3192 3192 3192 3274 3274 3274 3273 3273 3273 3193 3193 3193 3194 3194 3194 3275 3275 3275 3193 3193 3193 3275 3275 3275 3274 3274 3274 3194 3194 3194 3195 3195 3195 3276 3276 3276 3194 3194 3194 3276 3276 3276 3275 3275 3275 3195 3195 3195 3196 3196 3196 3277 3277 3277 3195 3195 3195 3277 3277 3277 3276 3276 3276 3196 3196 3196 3197 3197 3197 3278 3278 3278 3196 3196 3196 3278 3278 3278 3277 3277 3277 3197 3197 3197 3198 3198 3198 3279 3279 3279 3197 3197 3197 3279 3279 3279 3278 3278 3278 3198 3198 3198 3199 3199 3199 3280 3280 3280 3198 3198 3198 3280 3280 3280 3279 3279 3279 3199 3199 3199 3200 3200 3200 3281 3281 3281 3199 3199 3199 3281 3281 3281 3280 3280 3280 3200 3200 3200 3201 3201 3201 3282 3282 3282 3200 3200 3200 3282 3282 3282 3281 3281 3281 3201 3201 3201 3202 3202 3202 3283 3283 3283 3201 3201 3201 3283 3283 3283 3282 3282 3282 3202 3202 3202 3203 3203 3203 3284 3284 3284 3202 3202 3202 3284 3284 3284 3283 3283 3283 3203 3203 3203 3204 3204 3204 3285 3285 3285 3203 3203 3203 3285 3285 3285 3284 3284 3284 3204 3204 3204 3205 3205 3205 3286 3286 3286 3204 3204 3204 3286 3286 3286 3285 3285 3285 3205 3205 3205 3206 3206 3206 3287 3287 3287 3205 3205 3205 3287 3287 3287 3286 3286 3286 3206 3206 3206 3207 3207 3207 3288 3288 3288 3206 3206 3206 3288 3288 3288 3287 3287 3287 3207 3207 3207 3208 3208 3208 3289 3289 3289 3207 3207 3207 3289 3289 3289 3288 3288 3288 3208 3208 3208 3209 3209 3209 3290 3290 3290 3208 3208 3208 3290 3290 3290 3289 3289 3289 3209 3209 3209 3210 3210 3210 3291 3291 3291 3209 3209 3209 3291 3291 3291 3290 3290 3290 3210 3210 3210 3211 3211 3211 3292 3292 3292 3210 3210 3210 3292 3292 3292 3291 3291 3291 3211 3211 3211 3212 3212 3212 3293 3293 3293 3211 3211 3211 3293 3293 3293 3292 3292 3292 3212 3212 3212 3213 3213 3213 3294 3294 3294 3212 3212 3212 3294 3294 3294 3293 3293 3293 3213 3213 3213 3214 3214 3214 3295 3295 3295 3213 3213 3213 3295 3295 3295 3294 3294 3294 3214 3214 3214 3215 3215 3215 3296 3296 3296 3214 3214 3214 3296 3296 3296 3295 3295 3295 3215 3215 3215 3216 3216 3216 3297 3297 3297 3215 3215 3215 3297 3297 3297 3296 3296 3296 3216 3216 3216 3217 3217 3217 3298 3298 3298 3216 3216 3216 3298 3298 3298 3297 3297 3297 3217 3217 3217 3218 3218 3218 3299 3299 3299 3217 3217 3217 3299 3299 3299 3298 3298 3298 3218 3218 3218 3219 3219 3219 3300 3300 3300 3218 3218 3218 3300 3300 3300 3299 3299 3299 3219 3219 3219 3220 3220 3220 3301 3301 3301 3219 3219 3219 3301 3301 3301 3300 3300 3300 3220 3220 3220 3221 3221 3221 3302 3302 3302 3220 3220 3220 3302 3302 3302 3301 3301 3301 3221 3221 3221 3222 3222 3222 3303 3303 3303 3221 3221 3221 3303 3303 3303 3302 3302 3302 3222 3222 3222 3223 3223 3223 3304 3304 3304 3222 3222 3222 3304 3304 3304 3303 3303 3303 3223 3223 3223 3224 3224 3224 3305 3305 3305 3223 3223 3223 3305 3305 3305 3304 3304 3304 3224 3224 3224 3225 3225 3225 3306 3306 3306 3224 3224 3224 3306 3306 3306 3305 3305 3305 3225 3225 3225 3226 3226 3226 3307 3307 3307 3225 3225 3225 3307 3307 3307 3306 3306 3306 3226 3226 3226 3227 3227 3227 3308 3308 3308 3226 3226 3226 3308 3308 3308 3307 3307 3307 3227 3227 3227 3228 3228 3228 3309 3309 3309 3227 3227 3227 3309 3309 3309 3308 3308 3308 3228 3228 3228 3229 3229 3229 3310 3310 3310 3228 3228 3228 3310 3310 3310 3309 3309 3309 3229 3229 3229 3230 3230 3230 3311 3311 3311 3229 3229 3229 3311 3311 3311 3310 3310 3310 3230 3230 3230 3231 3231 3231 3312 3312 3312 3230 3230 3230 3312 3312 3312 3311 3311 3311 3231 3231 3231 3232 3232 3232 3313 3313 3313 3231 3231 3231 3313 3313 3313 3312 3312 3312 3232 3232 3232 3233 3233 3233 3314 3314 3314 3232 3232 3232 3314 3314 3314 3313 3313 3313 3233 3233 3233 3234 3234 3234 3315 3315 3315 3233 3233 3233 3315 3315 3315 3314 3314 3314 3234 3234 3234 3235 3235 3235 3316 3316 3316 3234 3234 3234 3316 3316 3316 3315 3315 3315 3235 3235 3235 3236 3236 3236 3317 3317 3317 3235 3235 3235 3317 3317 3317 3316 3316 3316 3236 3236 3236 3237 3237 3237 3318 3318 3318 3236 3236 3236 3318 3318 3318 3317 3317 3317 3237 3237 3237 3238 3238 3238 3319 3319 3319 3237 3237 3237 3319 3319 3319 3318 3318 3318 3238 3238 3238 3239 3239 3239 3320 3320 3320 3238 3238 3238 3320 3320 3320 3319 3319 3319 3240 3240 3240 3241 3241 3241 3322 3322 3322 3240 3240 3240 3322 3322 3322 3321 3321 3321 3241 3241 3241 3242 3242 3242 3323 3323 3323 3241 3241 3241 3323 3323 3323 3322 3322 3322 3242 3242 3242 3243 3243 3243 3324 3324 3324 3242 3242 3242 3324 3324 3324 3323 3323 3323 3243 3243 3243 3244 3244 3244 3325 3325 3325 3243 3243 3243 3325 3325 3325 3324 3324 3324 3244 3244 3244 3245 3245 3245 3326 3326 3326 3244 3244 3244 3326 3326 3326 3325 3325 3325 3245 3245 3245 3246 3246 3246 3327 3327 3327 3245 3245 3245 3327 3327 3327 3326 3326 3326 3246 3246 3246 3247 3247 3247 3328 3328 3328 3246 3246 3246 3328 3328 3328 3327 3327 3327 3247 3247 3247 3248 3248 3248 3329 3329 3329 3247 3247 3247 3329 3329 3329 3328 3328 3328 3248 3248 3248 3249 3249 3249 3330 3330 3330 3248 3248 3248 3330 3330 3330 3329 3329 3329 3249 3249 3249 3250 3250 3250 3331 3331 3331 3249 3249 3249 3331 3331 3331 3330 3330 3330 3250 3250 3250 3251 3251 3251 3332 3332 3332 3250 3250 3250 3332 3332 3332 3331 3331 3331 3251 3251 3251 3252 3252 3252 3333 3333 3333 3251 3251 3251 3333 3333 3333 3332 3332 3332 3252 3252 3252 3253 3253 3253 3334 3334 3334 3252 3252 3252 3334 3334 3334 3333 3333 3333 3253 3253 3253 3254 3254 3254 3335 3335 3335 3253 3253 3253 3335 3335 3335 3334 3334 3334 3254 3254 3254 3255 3255 3255 3336 3336 3336 3254 3254 3254 3336 3336 3336 3335 3335 3335 3255 3255 3255 3256 3256 3256 3337 3337 3337 3255 3255 3255 3337 3337 3337 3336 3336 3336 3256 3256 3256 3257 3257 3257 3338 3338 3338 3256 3256 3256 3338 3338 3338 3337 3337 3337 3257 3257 3257 3258 3258 3258 3339 3339 3339 3257 3257 3257 3339 3339 3339 3338 3338 3338 3258 3258 3258 3259 3259 3259 3340 3340 3340 3258 3258 3258 3340 3340 3340 3339 3339 3339 3259 3259 3259 3260 3260 3260 3341 3341 3341 3259 3259 3259 3341 3341 3341 3340 3340 3340 3260 3260 3260 3261 3261 3261 3342 3342 3342 3260 3260 3260 3342 3342 3342 3341 3341 3341 3261 3261 3261 3262 3262 3262 3343 3343 3343 3261 3261 3261 3343 3343 3343 3342 3342 3342 3262 3262 3262 3263 3263 3263 3344 3344 3344 3262 3262 3262 3344 3344 3344 3343 3343 3343 3263 3263 3263 3264 3264 3264 3345 3345 3345 3263 3263 3263 3345 3345 3345 3344 3344 3344 3264 3264 3264 3265 3265 3265 3346 3346 3346 3264 3264 3264 3346 3346 3346 3345 3345 3345 3265 3265 3265 3266 3266 3266 3347 3347 3347 3265 3265 3265 3347 3347 3347 3346 3346 3346 3266 3266 3266 3267 3267 3267 3348 3348 3348 3266 3266 3266 3348 3348 3348 3347 3347 3347 3267 3267 3267 3268 3268 3268 3349 3349 3349 3267 3267 3267 3349 3349 3349 3348 3348 3348 3268 3268 3268 3269 3269 3269 3350 3350 3350 3268 3268 3268 3350 3350 3350 3349 3349 3349 3269 3269 3269 3270 3270 3270 3351 3351 3351 3269 3269 3269 3351 3351 3351 3350 3350 3350 3270 3270 3270 3271 3271 3271 3352 3352 3352 3270 3270 3270 3352 3352 3352 3351 3351 3351 3271 3271 3271 3272 3272 3272 3353 3353 3353 3271 3271 3271 3353 3353 3353 3352 3352 3352 3272 3272 3272 3273 3273 3273 3354 3354 3354 3272 3272 3272 3354 3354 3354 3353 3353 3353 3273 3273 3273 3274 3274 3274 3355 3355 3355 3273 3273 3273 3355 3355 3355 3354 3354 3354 3274 3274 3274 3275 3275 3275 3356 3356 3356 3274 3274 3274 3356 3356 3356 3355 3355 3355 3275 3275 3275 3276 3276 3276 3357 3357 3357 3275 3275 3275 3357 3357 3357 3356 3356 3356 3276 3276 3276 3277 3277 3277 3358 3358 3358 3276 3276 3276 3358 3358 3358 3357 3357 3357 3277 3277 3277 3278 3278 3278 3359 3359 3359 3277 3277 3277 3359 3359 3359 3358 3358 3358 3278 3278 3278 3279 3279 3279 3360 3360 3360 3278 3278 3278 3360 3360 3360 3359 3359 3359 3279 3279 3279 3280 3280 3280 3361 3361 3361 3279 3279 3279 3361 3361 3361 3360 3360 3360 3280 3280 3280 3281 3281 3281 3362 3362 3362 3280 3280 3280 3362 3362 3362 3361 3361 3361 3281 3281 3281 3282 3282 3282 3363 3363 3363 3281 3281 3281 3363 3363 3363 3362 3362 3362 3282 3282 3282 3283 3283 3283 3364 3364 3364 3282 3282 3282 3364 3364 3364 3363 3363 3363 3283 3283 3283 3284 3284 3284 3365 3365 3365 3283 3283 3283 3365 3365 3365 3364 3364 3364 3284 3284 3284 3285 3285 3285 3366 3366 3366 3284 3284 3284 3366 3366 3366 3365 3365 3365 3285 3285 3285 3286 3286 3286 3367 3367 3367 3285 3285 3285 3367 3367 3367 3366 3366 3366 3286 3286 3286 3287 3287 3287 3368 3368 3368 3286 3286 3286 3368 3368 3368 3367 3367 3367 3287 3287 3287 3288 3288 3288 3369 3369 3369 3287 3287 3287 3369 3369 3369 3368 3368 3368 3288 3288 3288 3289 3289 3289 3370 3370 3370 3288 3288 3288 3370 3370 3370 3369 3369 3369 3289 3289 3289 3290 3290 3290 3371 3371 3371 3289 3289 3289 3371 3371 3371 3370 3370 3370 3290 3290 3290 3291 3291 3291 3372 3372 3372 3290 3290 3290 3372 3372 3372 3371 3371 3371 3291 3291 3291 3292 3292 3292 3373 3373 3373 3291 3291 3291 3373 3373 3373 3372 3372 3372 3292 3292 3292 3293 3293 3293 3374 3374 3374 3292 3292 3292 3374 3374 3374 3373 3373 3373 3293 3293 3293 3294 3294 3294 3375 3375 3375 3293 3293 3293 3375 3375 3375 3374 3374 3374 3294 3294 3294 3295 3295 3295 3376 3376 3376 3294 3294 3294 3376 3376 3376 3375 3375 3375 3295 3295 3295 3296 3296 3296 3377 3377 3377 3295 3295 3295 3377 3377 3377 3376 3376 3376 3296 3296 3296 3297 3297 3297 3378 3378 3378 3296 3296 3296 3378 3378 3378 3377 3377 3377 3297 3297 3297 3298 3298 3298 3379 3379 3379 3297 3297 3297 3379 3379 3379 3378 3378 3378 3298 3298 3298 3299 3299 3299 3380 3380 3380 3298 3298 3298 3380 3380 3380 3379 3379 3379 3299 3299 3299 3300 3300 3300 3381 3381 3381 3299 3299 3299 3381 3381 3381 3380 3380 3380 3300 3300 3300 3301 3301 3301 3382 3382 3382 3300 3300 3300 3382 3382 3382 3381 3381 3381 3301 3301 3301 3302 3302 3302 3383 3383 3383 3301 3301 3301 3383 3383 3383 3382 3382 3382 3302 3302 3302 3303 3303 3303 3384 3384 3384 3302 3302 3302 3384 3384 3384 3383 3383 3383 3303 3303 3303 3304 3304 3304 3385 3385 3385 3303 3303 3303 3385 3385 3385 3384 3384 3384 3304 3304 3304 3305 3305 3305 3386 3386 3386 3304 3304 3304 3386 3386 3386 3385 3385 3385 3305 3305 3305 3306 3306 3306 3387 3387 3387 3305 3305 3305 3387 3387 3387 3386 3386 3386 3306 3306 3306 3307 3307 3307 3388 3388 3388 3306 3306 3306 3388 3388 3388 3387 3387 3387 3307 3307 3307 3308 3308 3308 3389 3389 3389 3307 3307 3307 3389 3389 3389 3388 3388 3388 3308 3308 3308 3309 3309 3309 3390 3390 3390 3308 3308 3308 3390 3390 3390 3389 3389 3389 3309 3309 3309 3310 3310 3310 3391 3391 3391 3309 3309 3309 3391 3391 3391 3390 3390 3390 3310 3310 3310 3311 3311 3311 3392 3392 3392 3310 3310 3310 3392 3392 3392 3391 3391 3391 3311 3311 3311 3312 3312 3312 3393 3393 3393 3311 3311 3311 3393 3393 3393 3392 3392 3392 3312 3312 3312 3313 3313 3313 3394 3394 3394 3312 3312 3312 3394 3394 3394 3393 3393 3393 3313 3313 3313 3314 3314 3314 3395 3395 3395 3313 3313 3313 3395 3395 3395 3394 3394 3394 3314 3314 3314 3315 3315 3315 3396 3396 3396 3314 3314 3314 3396 3396 3396 3395 3395 3395 3315 3315 3315 3316 3316 3316 3397 3397 3397 3315 3315 3315 3397 3397 3397 3396 3396 3396 3316 3316 3316 3317 3317 3317 3398 3398 3398 3316 3316 3316 3398 3398 3398 3397 3397 3397 3317 3317 3317 3318 3318 3318 3399 3399 3399 3317 3317 3317 3399 3399 3399 3398 3398 3398 3318 3318 3318 3319 3319 3319 3400 3400 3400 3318 3318 3318 3400 3400 3400 3399 3399 3399 3319 3319 3319 3320 3320 3320 3401 3401 3401 3319 3319 3319 3401 3401 3401 3400 3400 3400 3321 3321 3321 3322 3322 3322 3403 3403 3403 3321 3321 3321 3403 3403 3403 3402 3402 3402 3322 3322 3322 3323 3323 3323 3404 3404 3404 3322 3322 3322 3404 3404 3404 3403 3403 3403 3323 3323 3323 3324 3324 3324 3405 3405 3405 3323 3323 3323 3405 3405 3405 3404 3404 3404 3324 3324 3324 3325 3325 3325 3406 3406 3406 3324 3324 3324 3406 3406 3406 3405 3405 3405 3325 3325 3325 3326 3326 3326 3407 3407 3407 3325 3325 3325 3407 3407 3407 3406 3406 3406 3326 3326 3326 3327 3327 3327 3408 3408 3408 3326 3326 3326 3408 3408 3408 3407 3407 3407 3327 3327 3327 3328 3328 3328 3409 3409 3409 3327 3327 3327 3409 3409 3409 3408 3408 3408 3328 3328 3328 3329 3329 3329 3410 3410 3410 3328 3328 3328 3410 3410 3410 3409 3409 3409 3329 3329 3329 3330 3330 3330 3411 3411 3411 3329 3329 3329 3411 3411 3411 3410 3410 3410 3330 3330 3330 3331 3331 3331 3412 3412 3412 3330 3330 3330 3412 3412 3412 3411 3411 3411 3331 3331 3331 3332 3332 3332 3413 3413 3413 3331 3331 3331 3413 3413 3413 3412 3412 3412 3332 3332 3332 3333 3333 3333 3414 3414 3414 3332 3332 3332 3414 3414 3414 3413 3413 3413 3333 3333 3333 3334 3334 3334 3415 3415 3415 3333 3333 3333 3415 3415 3415 3414 3414 3414 3334 3334 3334 3335 3335 3335 3416 3416 3416 3334 3334 3334 3416 3416 3416 3415 3415 3415 3335 3335 3335 3336 3336 3336 3417 3417 3417 3335 3335 3335 3417 3417 3417 3416 3416 3416 3336 3336 3336 3337 3337 3337 3418 3418 3418 3336 3336 3336 3418 3418 3418 3417 3417 3417 3337 3337 3337 3338 3338 3338 3419 3419 3419 3337 3337 3337 3419 3419 3419 3418 3418 3418 3338 3338 3338 3339 3339 3339 3420 3420 3420 3338 3338 3338 3420 3420 3420 3419 3419 3419 3339 3339 3339 3340 3340 3340 3421 3421 3421 3339 3339 3339 3421 3421 3421 3420 3420 3420 3340 3340 3340 3341 3341 3341 3422 3422 3422 3340 3340 3340 3422 3422 3422 3421 3421 3421 3341 3341 3341 3342 3342 3342 3423 3423 3423 3341 3341 3341 3423 3423 3423 3422 3422 3422 3342 3342 3342 3343 3343 3343 3424 3424 3424 3342 3342 3342 3424 3424 3424 3423 3423 3423 3343 3343 3343 3344 3344 3344 3425 3425 3425 3343 3343 3343 3425 3425 3425 3424 3424 3424 3344 3344 3344 3345 3345 3345 3426 3426 3426 3344 3344 3344 3426 3426 3426 3425 3425 3425 3345 3345 3345 3346 3346 3346 3427 3427 3427 3345 3345 3345 3427 3427 3427 3426 3426 3426 3346 3346 3346 3347 3347 3347 3428 3428 3428 3346 3346 3346 3428 3428 3428 3427 3427 3427 3347 3347 3347 3348 3348 3348 3429 3429 3429 3347 3347 3347 3429 3429 3429 3428 3428 3428 3348 3348 3348 3349 3349 3349 3430 3430 3430 3348 3348 3348 3430 3430 3430 3429 3429 3429 3349 3349 3349 3350 3350 3350 3431 3431 3431 3349 3349 3349 3431 3431 3431 3430 3430 3430 3350 3350 3350 3351 3351 3351 3432 3432 3432 3350 3350 3350 3432 3432 3432 3431 3431 3431 3351 3351 3351 3352 3352 3352 3433 3433 3433 3351 3351 3351 3433 3433 3433 3432 3432 3432 3352 3352 3352 3353 3353 3353 3434 3434 3434 3352 3352 3352 3434 3434 3434 3433 3433 3433 3353 3353 3353 3354 3354 3354 3435 3435 3435 3353 3353 3353 3435 3435 3435 3434 3434 3434 3354 3354 3354 3355 3355 3355 3436 3436 3436 3354 3354 3354 3436 3436 3436 3435 3435 3435 3355 3355 3355 3356 3356 3356 3437 3437 3437 3355 3355 3355 3437 3437 3437 3436 3436 3436 3356 3356 3356 3357 3357 3357 3438 3438 3438 3356 3356 3356 3438 3438 3438 3437 3437 3437 3357 3357 3357 3358 3358 3358 3439 3439 3439 3357 3357 3357 3439 3439 3439 3438 3438 3438 3358 3358 3358 3359 3359 3359 3440 3440 3440 3358 3358 3358 3440 3440 3440 3439 3439 3439 3359 3359 3359 3360 3360 3360 3441 3441 3441 3359 3359 3359 3441 3441 3441 3440 3440 3440 3360 3360 3360 3361 3361 3361 3442 3442 3442 3360 3360 3360 3442 3442 3442 3441 3441 3441 3361 3361 3361 3362 3362 3362 3443 3443 3443 3361 3361 3361 3443 3443 3443 3442 3442 3442 3362 3362 3362 3363 3363 3363 3444 3444 3444 3362 3362 3362 3444 3444 3444 3443 3443 3443 3363 3363 3363 3364 3364 3364 3445 3445 3445 3363 3363 3363 3445 3445 3445 3444 3444 3444 3364 3364 3364 3365 3365 3365 3446 3446 3446 3364 3364 3364 3446 3446 3446 3445 3445 3445 3365 3365 3365 3366 3366 3366 3447 3447 3447 3365 3365 3365 3447 3447 3447 3446 3446 3446 3366 3366 3366 3367 3367 3367 3448 3448 3448 3366 3366 3366 3448 3448 3448 3447 3447 3447 3367 3367 3367 3368 3368 3368 3449 3449 3449 3367 3367 3367 3449 3449 3449 3448 3448 3448 3368 3368 3368 3369 3369 3369 3450 3450 3450 3368 3368 3368 3450 3450 3450 3449 3449 3449 3369 3369 3369 3370 3370 3370 3451 3451 3451 3369 3369 3369 3451 3451 3451 3450 3450 3450 3370 3370 3370 3371 3371 3371 3452 3452 3452 3370 3370 3370 3452 3452 3452 3451 3451 3451 3371 3371 3371 3372 3372 3372 3453 3453 3453 3371 3371 3371 3453 3453 3453 3452 3452 3452 3372 3372 3372 3373 3373 3373 3454 3454 3454 3372 3372 3372 3454 3454 3454 3453 3453 3453 3373 3373 3373 3374 3374 3374 3455 3455 3455 3373 3373 3373 3455 3455 3455 3454 3454 3454 3374 3374 3374 3375 3375 3375 3456 3456 3456 3374 3374 3374 3456 3456 3456 3455 3455 3455 3375 3375 3375 3376 3376 3376 3457 3457 3457 3375 3375 3375 3457 3457 3457 3456 3456 3456 3376 3376 3376 3377 3377 3377 3458 3458 3458 3376 3376 3376 3458 3458 3458 3457 3457 3457 3377 3377 3377 3378 3378 3378 3459 3459 3459 3377 3377 3377 3459 3459 3459 3458 3458 3458 3378 3378 3378 3379 3379 3379 3460 3460 3460 3378 3378 3378 3460 3460 3460 3459 3459 3459 3379 3379 3379 3380 3380 3380 3461 3461 3461 3379 3379 3379 3461 3461 3461 3460 3460 3460 3380 3380 3380 3381 3381 3381 3462 3462 3462 3380 3380 3380 3462 3462 3462 3461 3461 3461 3381 3381 3381 3382 3382 3382 3463 3463 3463 3381 3381 3381 3463 3463 3463 3462 3462 3462 3382 3382 3382 3383 3383 3383 3464 3464 3464 3382 3382 3382 3464 3464 3464 3463 3463 3463 3383 3383 3383 3384 3384 3384 3465 3465 3465 3383 3383 3383 3465 3465 3465 3464 3464 3464 3384 3384 3384 3385 3385 3385 3466 3466 3466 3384 3384 3384 3466 3466 3466 3465 3465 3465 3385 3385 3385 3386 3386 3386 3467 3467 3467 3385 3385 3385 3467 3467 3467 3466 3466 3466 3386 3386 3386 3387 3387 3387 3468 3468 3468 3386 3386 3386 3468 3468 3468 3467 3467 3467 3387 3387 3387 3388 3388 3388 3469 3469 3469 3387 3387 3387 3469 3469 3469 3468 3468 3468 3388 3388 3388 3389 3389 3389 3470 3470 3470 3388 3388 3388 3470 3470 3470 3469 3469 3469 3389 3389 3389 3390 3390 3390 3471 3471 3471 3389 3389 3389 3471 3471 3471 3470 3470 3470 3390 3390 3390 3391 3391 3391 3472 3472 3472 3390 3390 3390 3472 3472 3472 3471 3471 3471 3391 3391 3391 3392 3392 3392 3473 3473 3473 3391 3391 3391 3473 3473 3473 3472 3472 3472 3392 3392 3392 3393 3393 3393 3474 3474 3474 3392 3392 3392 3474 3474 3474 3473 3473 3473 3393 3393 3393 3394 3394 3394 3475 3475 3475 3393 3393 3393 3475 3475 3475 3474 3474 3474 3394 3394 3394 3395 3395 3395 3476 3476 3476 3394 3394 3394 3476 3476 3476 3475 3475 3475 3395 3395 3395 3396 3396 3396 3477 3477 3477 3395 3395 3395 3477 3477 3477 3476 3476 3476 3396 3396 3396 3397 3397 3397 3478 3478 3478 3396 3396 3396 3478 3478 3478 3477 3477 3477 3397 3397 3397 3398 3398 3398 3479 3479 3479 3397 3397 3397 3479 3479 3479 3478 3478 3478 3398 3398 3398 3399 3399 3399 3480 3480 3480 3398 3398 3398 3480 3480 3480 3479 3479 3479 3399 3399 3399 3400 3400 3400 3481 3481 3481 3399 3399 3399 3481 3481 3481 3480 3480 3480 3400 3400 3400 3401 3401 3401 3482 3482 3482 3400 3400 3400 3482 3482 3482 3481 3481 3481 3402 3402 3402 3403 3403 3403 3484 3484 3484 3402 3402 3402 3484 3484 3484 3483 3483 3483 3403 3403 3403 3404 3404 3404 3485 3485 3485 3403 3403 3403 3485 3485 3485 3484 3484 3484 3404 3404 3404 3405 3405 3405 3486 3486 3486 3404 3404 3404 3486 3486 3486 3485 3485 3485 3405 3405 3405 3406 3406 3406 3487 3487 3487 3405 3405 3405 3487 3487 3487 3486 3486 3486 3406 3406 3406 3407 3407 3407 3488 3488 3488 3406 3406 3406 3488 3488 3488 3487 3487 3487 3407 3407 3407 3408 3408 3408 3489 3489 3489 3407 3407 3407 3489 3489 3489 3488 3488 3488 3408 3408 3408 3409 3409 3409 3490 3490 3490 3408 3408 3408 3490 3490 3490 3489 3489 3489 3409 3409 3409 3410 3410 3410 3491 3491 3491 3409 3409 3409 3491 3491 3491 3490 3490 3490 3410 3410 3410 3411 3411 3411 3492 3492 3492 3410 3410 3410 3492 3492 3492 3491 3491 3491 3411 3411 3411 3412 3412 3412 3493 3493 3493 3411 3411 3411 3493 3493 3493 3492 3492 3492 3412 3412 3412 3413 3413 3413 3494 3494 3494 3412 3412 3412 3494 3494 3494 3493 3493 3493 3413 3413 3413 3414 3414 3414 3495 3495 3495 3413 3413 3413 3495 3495 3495 3494 3494 3494 3414 3414 3414 3415 3415 3415 3496 3496 3496 3414 3414 3414 3496 3496 3496 3495 3495 3495 3415 3415 3415 3416 3416 3416 3497 3497 3497 3415 3415 3415 3497 3497 3497 3496 3496 3496 3416 3416 3416 3417 3417 3417 3498 3498 3498 3416 3416 3416 3498 3498 3498 3497 3497 3497 3417 3417 3417 3418 3418 3418 3499 3499 3499 3417 3417 3417 3499 3499 3499 3498 3498 3498 3418 3418 3418 3419 3419 3419 3500 3500 3500 3418 3418 3418 3500 3500 3500 3499 3499 3499 3419 3419 3419 3420 3420 3420 3501 3501 3501 3419 3419 3419 3501 3501 3501 3500 3500 3500 3420 3420 3420 3421 3421 3421 3502 3502 3502 3420 3420 3420 3502 3502 3502 3501 3501 3501 3421 3421 3421 3422 3422 3422 3503 3503 3503 3421 3421 3421 3503 3503 3503 3502 3502 3502 3422 3422 3422 3423 3423 3423 3504 3504 3504 3422 3422 3422 3504 3504 3504 3503 3503 3503 3423 3423 3423 3424 3424 3424 3505 3505 3505 3423 3423 3423 3505 3505 3505 3504 3504 3504 3424 3424 3424 3425 3425 3425 3506 3506 3506 3424 3424 3424 3506 3506 3506 3505 3505 3505 3425 3425 3425 3426 3426 3426 3507 3507 3507 3425 3425 3425 3507 3507 3507 3506 3506 3506 3426 3426 3426 3427 3427 3427 3508 3508 3508 3426 3426 3426 3508 3508 3508 3507 3507 3507 3427 3427 3427 3428 3428 3428 3509 3509 3509 3427 3427 3427 3509 3509 3509 3508 3508 3508 3428 3428 3428 3429 3429 3429 3510 3510 3510 3428 3428 3428 3510 3510 3510 3509 3509 3509 3429 3429 3429 3430 3430 3430 3511 3511 3511 3429 3429 3429 3511 3511 3511 3510 3510 3510 3430 3430 3430 3431 3431 3431 3512 3512 3512 3430 3430 3430 3512 3512 3512 3511 3511 3511 3431 3431 3431 3432 3432 3432 3513 3513 3513 3431 3431 3431 3513 3513 3513 3512 3512 3512 3432 3432 3432 3433 3433 3433 3514 3514 3514 3432 3432 3432 3514 3514 3514 3513 3513 3513 3433 3433 3433 3434 3434 3434 3515 3515 3515 3433 3433 3433 3515 3515 3515 3514 3514 3514 3434 3434 3434 3435 3435 3435 3516 3516 3516 3434 3434 3434 3516 3516 3516 3515 3515 3515 3435 3435 3435 3436 3436 3436 3517 3517 3517 3435 3435 3435 3517 3517 3517 3516 3516 3516 3436 3436 3436 3437 3437 3437 3518 3518 3518 3436 3436 3436 3518 3518 3518 3517 3517 3517 3437 3437 3437 3438 3438 3438 3519 3519 3519 3437 3437 3437 3519 3519 3519 3518 3518 3518 3438 3438 3438 3439 3439 3439 3520 3520 3520 3438 3438 3438 3520 3520 3520 3519 3519 3519 3439 3439 3439 3440 3440 3440 3521 3521 3521 3439 3439 3439 3521 3521 3521 3520 3520 3520 3440 3440 3440 3441 3441 3441 3522 3522 3522 3440 3440 3440 3522 3522 3522 3521 3521 3521 3441 3441 3441 3442 3442 3442 3523 3523 3523 3441 3441 3441 3523 3523 3523 3522 3522 3522 3442 3442 3442 3443 3443 3443 3524 3524 3524 3442 3442 3442 3524 3524 3524 3523 3523 3523 3443 3443 3443 3444 3444 3444 3525 3525 3525 3443 3443 3443 3525 3525 3525 3524 3524 3524 3444 3444 3444 3445 3445 3445 3526 3526 3526 3444 3444 3444 3526 3526 3526 3525 3525 3525 3445 3445 3445 3446 3446 3446 3527 3527 3527 3445 3445 3445 3527 3527 3527 3526 3526 3526 3446 3446 3446 3447 3447 3447 3528 3528 3528 3446 3446 3446 3528 3528 3528 3527 3527 3527 3447 3447 3447 3448 3448 3448 3529 3529 3529 3447 3447 3447 3529 3529 3529 3528 3528 3528 3448 3448 3448 3449 3449 3449 3530 3530 3530 3448 3448 3448 3530 3530 3530 3529 3529 3529 3449 3449 3449 3450 3450 3450 3531 3531 3531 3449 3449 3449 3531 3531 3531 3530 3530 3530 3450 3450 3450 3451 3451 3451 3532 3532 3532 3450 3450 3450 3532 3532 3532 3531 3531 3531 3451 3451 3451 3452 3452 3452 3533 3533 3533 3451 3451 3451 3533 3533 3533 3532 3532 3532 3452 3452 3452 3453 3453 3453 3534 3534 3534 3452 3452 3452 3534 3534 3534 3533 3533 3533 3453 3453 3453 3454 3454 3454 3535 3535 3535 3453 3453 3453 3535 3535 3535 3534 3534 3534 3454 3454 3454 3455 3455 3455 3536 3536 3536 3454 3454 3454 3536 3536 3536 3535 3535 3535 3455 3455 3455 3456 3456 3456 3537 3537 3537 3455 3455 3455 3537 3537 3537 3536 3536 3536 3456 3456 3456 3457 3457 3457 3538 3538 3538 3456 3456 3456 3538 3538 3538 3537 3537 3537 3457 3457 3457 3458 3458 3458 3539 3539 3539 3457 3457 3457 3539 3539 3539 3538 3538 3538 3458 3458 3458 3459 3459 3459 3540 3540 3540 3458 3458 3458 3540 3540 3540 3539 3539 3539 3459 3459 3459 3460 3460 3460 3541 3541 3541 3459 3459 3459 3541 3541 3541 3540 3540 3540 3460 3460 3460 3461 3461 3461 3542 3542 3542 3460 3460 3460 3542 3542 3542 3541 3541 3541 3461 3461 3461 3462 3462 3462 3543 3543 3543 3461 3461 3461 3543 3543 3543 3542 3542 3542 3462 3462 3462 3463 3463 3463 3544 3544 3544 3462 3462 3462 3544 3544 3544 3543 3543 3543 3463 3463 3463 3464 3464 3464 3545 3545 3545 3463 3463 3463 3545 3545 3545 3544 3544 3544 3464 3464 3464 3465 3465 3465 3546 3546 3546 3464 3464 3464 3546 3546 3546 3545 3545 3545 3465 3465 3465 3466 3466 3466 3547 3547 3547 3465 3465 3465 3547 3547 3547 3546 3546 3546 3466 3466 3466 3467 3467 3467 3548 3548 3548 3466 3466 3466 3548 3548 3548 3547 3547 3547 3467 3467 3467 3468 3468 3468 3549 3549 3549 3467 3467 3467 3549 3549 3549 3548 3548 3548 3468 3468 3468 3469 3469 3469 3550 3550 3550 3468 3468 3468 3550 3550 3550 3549 3549 3549 3469 3469 3469 3470 3470 3470 3551 3551 3551 3469 3469 3469 3551 3551 3551 3550 3550 3550 3470 3470 3470 3471 3471 3471 3552 3552 3552 3470 3470 3470 3552 3552 3552 3551 3551 3551 3471 3471 3471 3472 3472 3472 3553 3553 3553 3471 3471 3471 3553 3553 3553 3552 3552 3552 3472 3472 3472 3473 3473 3473 3554 3554 3554 3472 3472 3472 3554 3554 3554 3553 3553 3553 3473 3473 3473 3474 3474 3474 3555 3555 3555 3473 3473 3473 3555 3555 3555 3554 3554 3554 3474 3474 3474 3475 3475 3475 3556 3556 3556 3474 3474 3474 3556 3556 3556 3555 3555 3555 3475 3475 3475 3476 3476 3476 3557 3557 3557 3475 3475 3475 3557 3557 3557 3556 3556 3556 3476 3476 3476 3477 3477 3477 3558 3558 3558 3476 3476 3476 3558 3558 3558 3557 3557 3557 3477 3477 3477 3478 3478 3478 3559 3559 3559 3477 3477 3477 3559 3559 3559 3558 3558 3558 3478 3478 3478 3479 3479 3479 3560 3560 3560 3478 3478 3478 3560 3560 3560 3559 3559 3559 3479 3479 3479 3480 3480 3480 3561 3561 3561 3479 3479 3479 3561 3561 3561 3560 3560 3560 3480 3480 3480 3481 3481 3481 3562 3562 3562 3480 3480 3480 3562 3562 3562 3561 3561 3561 3481 3481 3481 3482 3482 3482 3563 3563 3563 3481 3481 3481 3563 3563 3563 3562 3562 3562 3483 3483 3483 3484 3484 3484 3565 3565 3565 3483 3483 3483 3565 3565 3565 3564 3564 3564 3484 3484 3484 3485 3485 3485 3566 3566 3566 3484 3484 3484 3566 3566 3566 3565 3565 3565 3485 3485 3485 3486 3486 3486 3567 3567 3567 3485 3485 3485 3567 3567 3567 3566 3566 3566 3486 3486 3486 3487 3487 3487 3568 3568 3568 3486 3486 3486 3568 3568 3568 3567 3567 3567 3487 3487 3487 3488 3488 3488 3569 3569 3569 3487 3487 3487 3569 3569 3569 3568 3568 3568 3488 3488 3488 3489 3489 3489 3570 3570 3570 3488 3488 3488 3570 3570 3570 3569 3569 3569 3489 3489 3489 3490 3490 3490 3571 3571 3571 3489 3489 3489 3571 3571 3571 3570 3570 3570 3490 3490 3490 3491 3491 3491 3572 3572 3572 3490 3490 3490 3572 3572 3572 3571 3571 3571 3491 3491 3491 3492 3492 3492 3573 3573 3573 3491 3491 3491 3573 3573 3573 3572 3572 3572 3492 3492 3492 3493 3493 3493 3574 3574 3574 3492 3492 3492 3574 3574 3574 3573 3573 3573 3493 3493 3493 3494 3494 3494 3575 3575 3575 3493 3493 3493 3575 3575 3575 3574 3574 3574 3494 3494 3494 3495 3495 3495 3576 3576 3576 3494 3494 3494 3576 3576 3576 3575 3575 3575 3495 3495 3495 3496 3496 3496 3577 3577 3577 3495 3495 3495 3577 3577 3577 3576 3576 3576 3496 3496 3496 3497 3497 3497 3578 3578 3578 3496 3496 3496 3578 3578 3578 3577 3577 3577 3497 3497 3497 3498 3498 3498 3579 3579 3579 3497 3497 3497 3579 3579 3579 3578 3578 3578 3498 3498 3498 3499 3499 3499 3580 3580 3580 3498 3498 3498 3580 3580 3580 3579 3579 3579 3499 3499 3499 3500 3500 3500 3581 3581 3581 3499 3499 3499 3581 3581 3581 3580 3580 3580 3500 3500 3500 3501 3501 3501 3582 3582 3582 3500 3500 3500 3582 3582 3582 3581 3581 3581 3501 3501 3501 3502 3502 3502 3583 3583 3583 3501 3501 3501 3583 3583 3583 3582 3582 3582 3502 3502 3502 3503 3503 3503 3584 3584 3584 3502 3502 3502 3584 3584 3584 3583 3583 3583 3503 3503 3503 3504 3504 3504 3585 3585 3585 3503 3503 3503 3585 3585 3585 3584 3584 3584 3504 3504 3504 3505 3505 3505 3586 3586 3586 3504 3504 3504 3586 3586 3586 3585 3585 3585 3505 3505 3505 3506 3506 3506 3587 3587 3587 3505 3505 3505 3587 3587 3587 3586 3586 3586 3506 3506 3506 3507 3507 3507 3588 3588 3588 3506 3506 3506 3588 3588 3588 3587 3587 3587 3507 3507 3507 3508 3508 3508 3589 3589 3589 3507 3507 3507 3589 3589 3589 3588 3588 3588 3508 3508 3508 3509 3509 3509 3590 3590 3590 3508 3508 3508 3590 3590 3590 3589 3589 3589 3509 3509 3509 3510 3510 3510 3591 3591 3591 3509 3509 3509 3591 3591 3591 3590 3590 3590 3510 3510 3510 3511 3511 3511 3592 3592 3592 3510 3510 3510 3592 3592 3592 3591 3591 3591 3511 3511 3511 3512 3512 3512 3593 3593 3593 3511 3511 3511 3593 3593 3593 3592 3592 3592 3512 3512 3512 3513 3513 3513 3594 3594 3594 3512 3512 3512 3594 3594 3594 3593 3593 3593 3513 3513 3513 3514 3514 3514 3595 3595 3595 3513 3513 3513 3595 3595 3595 3594 3594 3594 3514 3514 3514 3515 3515 3515 3596 3596 3596 3514 3514 3514 3596 3596 3596 3595 3595 3595 3515 3515 3515 3516 3516 3516 3597 3597 3597 3515 3515 3515 3597 3597 3597 3596 3596 3596 3516 3516 3516 3517 3517 3517 3598 3598 3598 3516 3516 3516 3598 3598 3598 3597 3597 3597 3517 3517 3517 3518 3518 3518 3599 3599 3599 3517 3517 3517 3599 3599 3599 3598 3598 3598 3518 3518 3518 3519 3519 3519 3600 3600 3600 3518 3518 3518 3600 3600 3600 3599 3599 3599 3519 3519 3519 3520 3520 3520 3601 3601 3601 3519 3519 3519 3601 3601 3601 3600 3600 3600 3520 3520 3520 3521 3521 3521 3602 3602 3602 3520 3520 3520 3602 3602 3602 3601 3601 3601 3521 3521 3521 3522 3522 3522 3603 3603 3603 3521 3521 3521 3603 3603 3603 3602 3602 3602 3522 3522 3522 3523 3523 3523 3604 3604 3604 3522 3522 3522 3604 3604 3604 3603 3603 3603 3523 3523 3523 3524 3524 3524 3605 3605 3605 3523 3523 3523 3605 3605 3605 3604 3604 3604 3524 3524 3524 3525 3525 3525 3606 3606 3606 3524 3524 3524 3606 3606 3606 3605 3605 3605 3525 3525 3525 3526 3526 3526 3607 3607 3607 3525 3525 3525 3607 3607 3607 3606 3606 3606 3526 3526 3526 3527 3527 3527 3608 3608 3608 3526 3526 3526 3608 3608 3608 3607 3607 3607 3527 3527 3527 3528 3528 3528 3609 3609 3609 3527 3527 3527 3609 3609 3609 3608 3608 3608 3528 3528 3528 3529 3529 3529 3610 3610 3610 3528 3528 3528 3610 3610 3610 3609 3609 3609 3529 3529 3529 3530 3530 3530 3611 3611 3611 3529 3529 3529 3611 3611 3611 3610 3610 3610 3530 3530 3530 3531 3531 3531 3612 3612 3612 3530 3530 3530 3612 3612 3612 3611 3611 3611 3531 3531 3531 3532 3532 3532 3613 3613 3613 3531 3531 3531 3613 3613 3613 3612 3612 3612 3532 3532 3532 3533 3533 3533 3614 3614 3614 3532 3532 3532 3614 3614 3614 3613 3613 3613 3533 3533 3533 3534 3534 3534 3615 3615 3615 3533 3533 3533 3615 3615 3615 3614 3614 3614 3534 3534 3534 3535 3535 3535 3616 3616 3616 3534 3534 3534 3616 3616 3616 3615 3615 3615 3535 3535 3535 3536 3536 3536 3617 3617 3617 3535 3535 3535 3617 3617 3617 3616 3616 3616 3536 3536 3536 3537 3537 3537 3618 3618 3618 3536 3536 3536 3618 3618 3618 3617 3617 3617 3537 3537 3537 3538 3538 3538 3619 3619 3619 3537 3537 3537 3619 3619 3619 3618 3618 3618 3538 3538 3538 3539 3539 3539 3620 3620 3620 3538 3538 3538 3620 3620 3620 3619 3619 3619 3539 3539 3539 3540 3540 3540 3621 3621 3621 3539 3539 3539 3621 3621 3621 3620 3620 3620 3540 3540 3540 3541 3541 3541 3622 3622 3622 3540 3540 3540 3622 3622 3622 3621 3621 3621 3541 3541 3541 3542 3542 3542 3623 3623 3623 3541 3541 3541 3623 3623 3623 3622 3622 3622 3542 3542 3542 3543 3543 3543 3624 3624 3624 3542 3542 3542 3624 3624 3624 3623 3623 3623 3543 3543 3543 3544 3544 3544 3625 3625 3625 3543 3543 3543 3625 3625 3625 3624 3624 3624 3544 3544 3544 3545 3545 3545 3626 3626 3626 3544 3544 3544 3626 3626 3626 3625 3625 3625 3545 3545 3545 3546 3546 3546 3627 3627 3627 3545 3545 3545 3627 3627 3627 3626 3626 3626 3546 3546 3546 3547 3547 3547 3628 3628 3628 3546 3546 3546 3628 3628 3628 3627 3627 3627 3547 3547 3547 3548 3548 3548 3629 3629 3629 3547 3547 3547 3629 3629 3629 3628 3628 3628 3548 3548 3548 3549 3549 3549 3630 3630 3630 3548 3548 3548 3630 3630 3630 3629 3629 3629 3549 3549 3549 3550 3550 3550 3631 3631 3631 3549 3549 3549 3631 3631 3631 3630 3630 3630 3550 3550 3550 3551 3551 3551 3632 3632 3632 3550 3550 3550 3632 3632 3632 3631 3631 3631 3551 3551 3551 3552 3552 3552 3633 3633 3633 3551 3551 3551 3633 3633 3633 3632 3632 3632 3552 3552 3552 3553 3553 3553 3634 3634 3634 3552 3552 3552 3634 3634 3634 3633 3633 3633 3553 3553 3553 3554 3554 3554 3635 3635 3635 3553 3553 3553 3635 3635 3635 3634 3634 3634 3554 3554 3554 3555 3555 3555 3636 3636 3636 3554 3554 3554 3636 3636 3636 3635 3635 3635 3555 3555 3555 3556 3556 3556 3637 3637 3637 3555 3555 3555 3637 3637 3637 3636 3636 3636 3556 3556 3556 3557 3557 3557 3638 3638 3638 3556 3556 3556 3638 3638 3638 3637 3637 3637 3557 3557 3557 3558 3558 3558 3639 3639 3639 3557 3557 3557 3639 3639 3639 3638 3638 3638 3558 3558 3558 3559 3559 3559 3640 3640 3640 3558 3558 3558 3640 3640 3640 3639 3639 3639 3559 3559 3559 3560 3560 3560 3641 3641 3641 3559 3559 3559 3641 3641 3641 3640 3640 3640 3560 3560 3560 3561 3561 3561 3642 3642 3642 3560 3560 3560 3642 3642 3642 3641 3641 3641 3561 3561 3561 3562 3562 3562 3643 3643 3643 3561 3561 3561 3643 3643 3643 3642 3642 3642 3562 3562 3562 3563 3563 3563 3644 3644 3644 3562 3562 3562 3644 3644 3644 3643 3643 3643 3564 3564 3564 3565 3565 3565 3646 3646 3646 3564 3564 3564 3646 3646 3646 3645 3645 3645 3565 3565 3565 3566 3566 3566 3647 3647 3647 3565 3565 3565 3647 3647 3647 3646 3646 3646 3566 3566 3566 3567 3567 3567 3648 3648 3648 3566 3566 3566 3648 3648 3648 3647 3647 3647 3567 3567 3567 3568 3568 3568 3649 3649 3649 3567 3567 3567 3649 3649 3649 3648 3648 3648 3568 3568 3568 3569 3569 3569 3650 3650 3650 3568 3568 3568 3650 3650 3650 3649 3649 3649 3569 3569 3569 3570 3570 3570 3651 3651 3651 3569 3569 3569 3651 3651 3651 3650 3650 3650 3570 3570 3570 3571 3571 3571 3652 3652 3652 3570 3570 3570 3652 3652 3652 3651 3651 3651 3571 3571 3571 3572 3572 3572 3653 3653 3653 3571 3571 3571 3653 3653 3653 3652 3652 3652 3572 3572 3572 3573 3573 3573 3654 3654 3654 3572 3572 3572 3654 3654 3654 3653 3653 3653 3573 3573 3573 3574 3574 3574 3655 3655 3655 3573 3573 3573 3655 3655 3655 3654 3654 3654 3574 3574 3574 3575 3575 3575 3656 3656 3656 3574 3574 3574 3656 3656 3656 3655 3655 3655 3575 3575 3575 3576 3576 3576 3657 3657 3657 3575 3575 3575 3657 3657 3657 3656 3656 3656 3576 3576 3576 3577 3577 3577 3658 3658 3658 3576 3576 3576 3658 3658 3658 3657 3657 3657 3577 3577 3577 3578 3578 3578 3659 3659 3659 3577 3577 3577 3659 3659 3659 3658 3658 3658 3578 3578 3578 3579 3579 3579 3660 3660 3660 3578 3578 3578 3660 3660 3660 3659 3659 3659 3579 3579 3579 3580 3580 3580 3661 3661 3661 3579 3579 3579 3661 3661 3661 3660 3660 3660 3580 3580 3580 3581 3581 3581 3662 3662 3662 3580 3580 3580 3662 3662 3662 3661 3661 3661 3581 3581 3581 3582 3582 3582 3663 3663 3663 3581 3581 3581 3663 3663 3663 3662 3662 3662 3582 3582 3582 3583 3583 3583 3664 3664 3664 3582 3582 3582 3664 3664 3664 3663 3663 3663 3583 3583 3583 3584 3584 3584 3665 3665 3665 3583 3583 3583 3665 3665 3665 3664 3664 3664 3584 3584 3584 3585 3585 3585 3666 3666 3666 3584 3584 3584 3666 3666 3666 3665 3665 3665 3585 3585 3585 3586 3586 3586 3667 3667 3667 3585 3585 3585 3667 3667 3667 3666 3666 3666 3586 3586 3586 3587 3587 3587 3668 3668 3668 3586 3586 3586 3668 3668 3668 3667 3667 3667 3587 3587 3587 3588 3588 3588 3669 3669 3669 3587 3587 3587 3669 3669 3669 3668 3668 3668 3588 3588 3588 3589 3589 3589 3670 3670 3670 3588 3588 3588 3670 3670 3670 3669 3669 3669 3589 3589 3589 3590 3590 3590 3671 3671 3671 3589 3589 3589 3671 3671 3671 3670 3670 3670 3590 3590 3590 3591 3591 3591 3672 3672 3672 3590 3590 3590 3672 3672 3672 3671 3671 3671 3591 3591 3591 3592 3592 3592 3673 3673 3673 3591 3591 3591 3673 3673 3673 3672 3672 3672 3592 3592 3592 3593 3593 3593 3674 3674 3674 3592 3592 3592 3674 3674 3674 3673 3673 3673 3593 3593 3593 3594 3594 3594 3675 3675 3675 3593 3593 3593 3675 3675 3675 3674 3674 3674 3594 3594 3594 3595 3595 3595 3676 3676 3676 3594 3594 3594 3676 3676 3676 3675 3675 3675 3595 3595 3595 3596 3596 3596 3677 3677 3677 3595 3595 3595 3677 3677 3677 3676 3676 3676 3596 3596 3596 3597 3597 3597 3678 3678 3678 3596 3596 3596 3678 3678 3678 3677 3677 3677 3597 3597 3597 3598 3598 3598 3679 3679 3679 3597 3597 3597 3679 3679 3679 3678 3678 3678 3598 3598 3598 3599 3599 3599 3680 3680 3680 3598 3598 3598 3680 3680 3680 3679 3679 3679 3599 3599 3599 3600 3600 3600 3681 3681 3681 3599 3599 3599 3681 3681 3681 3680 3680 3680 3600 3600 3600 3601 3601 3601 3682 3682 3682 3600 3600 3600 3682 3682 3682 3681 3681 3681 3601 3601 3601 3602 3602 3602 3683 3683 3683 3601 3601 3601 3683 3683 3683 3682 3682 3682 3602 3602 3602 3603 3603 3603 3684 3684 3684 3602 3602 3602 3684 3684 3684 3683 3683 3683 3603 3603 3603 3604 3604 3604 3685 3685 3685 3603 3603 3603 3685 3685 3685 3684 3684 3684 3604 3604 3604 3605 3605 3605 3686 3686 3686 3604 3604 3604 3686 3686 3686 3685 3685 3685 3605 3605 3605 3606 3606 3606 3687 3687 3687 3605 3605 3605 3687 3687 3687 3686 3686 3686 3606 3606 3606 3607 3607 3607 3688 3688 3688 3606 3606 3606 3688 3688 3688 3687 3687 3687 3607 3607 3607 3608 3608 3608 3689 3689 3689 3607 3607 3607 3689 3689 3689 3688 3688 3688 3608 3608 3608 3609 3609 3609 3690 3690 3690 3608 3608 3608 3690 3690 3690 3689 3689 3689 3609 3609 3609 3610 3610 3610 3691 3691 3691 3609 3609 3609 3691 3691 3691 3690 3690 3690 3610 3610 3610 3611 3611 3611 3692 3692 3692 3610 3610 3610 3692 3692 3692 3691 3691 3691 3611 3611 3611 3612 3612 3612 3693 3693 3693 3611 3611 3611 3693 3693 3693 3692 3692 3692 3612 3612 3612 3613 3613 3613 3694 3694 3694 3612 3612 3612 3694 3694 3694 3693 3693 3693 3613 3613 3613 3614 3614 3614 3695 3695 3695 3613 3613 3613 3695 3695 3695 3694 3694 3694 3614 3614 3614 3615 3615 3615 3696 3696 3696 3614 3614 3614 3696 3696 3696 3695 3695 3695 3615 3615 3615 3616 3616 3616 3697 3697 3697 3615 3615 3615 3697 3697 3697 3696 3696 3696 3616 3616 3616 3617 3617 3617 3698 3698 3698 3616 3616 3616 3698 3698 3698 3697 3697 3697 3617 3617 3617 3618 3618 3618 3699 3699 3699 3617 3617 3617 3699 3699 3699 3698 3698 3698 3618 3618 3618 3619 3619 3619 3700 3700 3700 3618 3618 3618 3700 3700 3700 3699 3699 3699 3619 3619 3619 3620 3620 3620 3701 3701 3701 3619 3619 3619 3701 3701 3701 3700 3700 3700 3620 3620 3620 3621 3621 3621 3702 3702 3702 3620 3620 3620 3702 3702 3702 3701 3701 3701 3621 3621 3621 3622 3622 3622 3703 3703 3703 3621 3621 3621 3703 3703 3703 3702 3702 3702 3622 3622 3622 3623 3623 3623 3704 3704 3704 3622 3622 3622 3704 3704 3704 3703 3703 3703 3623 3623 3623 3624 3624 3624 3705 3705 3705 3623 3623 3623 3705 3705 3705 3704 3704 3704 3624 3624 3624 3625 3625 3625 3706 3706 3706 3624 3624 3624 3706 3706 3706 3705 3705 3705 3625 3625 3625 3626 3626 3626 3707 3707 3707 3625 3625 3625 3707 3707 3707 3706 3706 3706 3626 3626 3626 3627 3627 3627 3708 3708 3708 3626 3626 3626 3708 3708 3708 3707 3707 3707 3627 3627 3627 3628 3628 3628 3709 3709 3709 3627 3627 3627 3709 3709 3709 3708 3708 3708 3628 3628 3628 3629 3629 3629 3710 3710 3710 3628 3628 3628 3710 3710 3710 3709 3709 3709 3629 3629 3629 3630 3630 3630 3711 3711 3711 3629 3629 3629 3711 3711 3711 3710 3710 3710 3630 3630 3630 3631 3631 3631 3712 3712 3712 3630 3630 3630 3712 3712 3712 3711 3711 3711 3631 3631 3631 3632 3632 3632 3713 3713 3713 3631 3631 3631 3713 3713 3713 3712 3712 3712 3632 3632 3632 3633 3633 3633 3714 3714 3714 3632 3632 3632 3714 3714 3714 3713 3713 3713 3633 3633 3633 3634 3634 3634 3715 3715 3715 3633 3633 3633 3715 3715 3715 3714 3714 3714 3634 3634 3634 3635 3635 3635 3716 3716 3716 3634 3634 3634 3716 3716 3716 3715 3715 3715 3635 3635 3635 3636 3636 3636 3717 3717 3717 3635 3635 3635 3717 3717 3717 3716 3716 3716 3636 3636 3636 3637 3637 3637 3718 3718 3718 3636 3636 3636 3718 3718 3718 3717 3717 3717 3637 3637 3637 3638 3638 3638 3719 3719 3719 3637 3637 3637 3719 3719 3719 3718 3718 3718 3638 3638 3638 3639 3639 3639 3720 3720 3720 3638 3638 3638 3720 3720 3720 3719 3719 3719 3639 3639 3639 3640 3640 3640 3721 3721 3721 3639 3639 3639 3721 3721 3721 3720 3720 3720 3640 3640 3640 3641 3641 3641 3722 3722 3722 3640 3640 3640 3722 3722 3722 3721 3721 3721 3641 3641 3641 3642 3642 3642 3723 3723 3723 3641 3641 3641 3723 3723 3723 3722 3722 3722 3642 3642 3642 3643 3643 3643 3724 3724 3724 3642 3642 3642 3724 3724 3724 3723 3723 3723 3643 3643 3643 3644 3644 3644 3725 3725 3725 3643 3643 3643 3725 3725 3725 3724 3724 3724 3645 3645 3645 3646 3646 3646 3727 3727 3727 3645 3645 3645 3727 3727 3727 3726 3726 3726 3646 3646 3646 3647 3647 3647 3728 3728 3728 3646 3646 3646 3728 3728 3728 3727 3727 3727 3647 3647 3647 3648 3648 3648 3729 3729 3729 3647 3647 3647 3729 3729 3729 3728 3728 3728 3648 3648 3648 3649 3649 3649 3730 3730 3730 3648 3648 3648 3730 3730 3730 3729 3729 3729 3649 3649 3649 3650 3650 3650 3731 3731 3731 3649 3649 3649 3731 3731 3731 3730 3730 3730 3650 3650 3650 3651 3651 3651 3732 3732 3732 3650 3650 3650 3732 3732 3732 3731 3731 3731 3651 3651 3651 3652 3652 3652 3733 3733 3733 3651 3651 3651 3733 3733 3733 3732 3732 3732 3652 3652 3652 3653 3653 3653 3734 3734 3734 3652 3652 3652 3734 3734 3734 3733 3733 3733 3653 3653 3653 3654 3654 3654 3735 3735 3735 3653 3653 3653 3735 3735 3735 3734 3734 3734 3654 3654 3654 3655 3655 3655 3736 3736 3736 3654 3654 3654 3736 3736 3736 3735 3735 3735 3655 3655 3655 3656 3656 3656 3737 3737 3737 3655 3655 3655 3737 3737 3737 3736 3736 3736 3656 3656 3656 3657 3657 3657 3738 3738 3738 3656 3656 3656 3738 3738 3738 3737 3737 3737 3657 3657 3657 3658 3658 3658 3739 3739 3739 3657 3657 3657 3739 3739 3739 3738 3738 3738 3658 3658 3658 3659 3659 3659 3740 3740 3740 3658 3658 3658 3740 3740 3740 3739 3739 3739 3659 3659 3659 3660 3660 3660 3741 3741 3741 3659 3659 3659 3741 3741 3741 3740 3740 3740 3660 3660 3660 3661 3661 3661 3742 3742 3742 3660 3660 3660 3742 3742 3742 3741 3741 3741 3661 3661 3661 3662 3662 3662 3743 3743 3743 3661 3661 3661 3743 3743 3743 3742 3742 3742 3662 3662 3662 3663 3663 3663 3744 3744 3744 3662 3662 3662 3744 3744 3744 3743 3743 3743 3663 3663 3663 3664 3664 3664 3745 3745 3745 3663 3663 3663 3745 3745 3745 3744 3744 3744 3664 3664 3664 3665 3665 3665 3746 3746 3746 3664 3664 3664 3746 3746 3746 3745 3745 3745 3665 3665 3665 3666 3666 3666 3747 3747 3747 3665 3665 3665 3747 3747 3747 3746 3746 3746 3666 3666 3666 3667 3667 3667 3748 3748 3748 3666 3666 3666 3748 3748 3748 3747 3747 3747 3667 3667 3667 3668 3668 3668 3749 3749 3749 3667 3667 3667 3749 3749 3749 3748 3748 3748 3668 3668 3668 3669 3669 3669 3750 3750 3750 3668 3668 3668 3750 3750 3750 3749 3749 3749 3669 3669 3669 3670 3670 3670 3751 3751 3751 3669 3669 3669 3751 3751 3751 3750 3750 3750 3670 3670 3670 3671 3671 3671 3752 3752 3752 3670 3670 3670 3752 3752 3752 3751 3751 3751 3671 3671 3671 3672 3672 3672 3753 3753 3753 3671 3671 3671 3753 3753 3753 3752 3752 3752 3672 3672 3672 3673 3673 3673 3754 3754 3754 3672 3672 3672 3754 3754 3754 3753 3753 3753 3673 3673 3673 3674 3674 3674 3755 3755 3755 3673 3673 3673 3755 3755 3755 3754 3754 3754 3674 3674 3674 3675 3675 3675 3756 3756 3756 3674 3674 3674 3756 3756 3756 3755 3755 3755 3675 3675 3675 3676 3676 3676 3757 3757 3757 3675 3675 3675 3757 3757 3757 3756 3756 3756 3676 3676 3676 3677 3677 3677 3758 3758 3758 3676 3676 3676 3758 3758 3758 3757 3757 3757 3677 3677 3677 3678 3678 3678 3759 3759 3759 3677 3677 3677 3759 3759 3759 3758 3758 3758 3678 3678 3678 3679 3679 3679 3760 3760 3760 3678 3678 3678 3760 3760 3760 3759 3759 3759 3679 3679 3679 3680 3680 3680 3761 3761 3761 3679 3679 3679 3761 3761 3761 3760 3760 3760 3680 3680 3680 3681 3681 3681 3762 3762 3762 3680 3680 3680 3762 3762 3762 3761 3761 3761 3681 3681 3681 3682 3682 3682 3763 3763 3763 3681 3681 3681 3763 3763 3763 3762 3762 3762 3682 3682 3682 3683 3683 3683 3764 3764 3764 3682 3682 3682 3764 3764 3764 3763 3763 3763 3683 3683 3683 3684 3684 3684 3765 3765 3765 3683 3683 3683 3765 3765 3765 3764 3764 3764 3684 3684 3684 3685 3685 3685 3766 3766 3766 3684 3684 3684 3766 3766 3766 3765 3765 3765 3685 3685 3685 3686 3686 3686 3767 3767 3767 3685 3685 3685 3767 3767 3767 3766 3766 3766 3686 3686 3686 3687 3687 3687 3768 3768 3768 3686 3686 3686 3768 3768 3768 3767 3767 3767 3687 3687 3687 3688 3688 3688 3769 3769 3769 3687 3687 3687 3769 3769 3769 3768 3768 3768 3688 3688 3688 3689 3689 3689 3770 3770 3770 3688 3688 3688 3770 3770 3770 3769 3769 3769 3689 3689 3689 3690 3690 3690 3771 3771 3771 3689 3689 3689 3771 3771 3771 3770 3770 3770 3690 3690 3690 3691 3691 3691 3772 3772 3772 3690 3690 3690 3772 3772 3772 3771 3771 3771 3691 3691 3691 3692 3692 3692 3773 3773 3773 3691 3691 3691 3773 3773 3773 3772 3772 3772 3692 3692 3692 3693 3693 3693 3774 3774 3774 3692 3692 3692 3774 3774 3774 3773 3773 3773 3693 3693 3693 3694 3694 3694 3775 3775 3775 3693 3693 3693 3775 3775 3775 3774 3774 3774 3694 3694 3694 3695 3695 3695 3776 3776 3776 3694 3694 3694 3776 3776 3776 3775 3775 3775 3695 3695 3695 3696 3696 3696 3777 3777 3777 3695 3695 3695 3777 3777 3777 3776 3776 3776 3696 3696 3696 3697 3697 3697 3778 3778 3778 3696 3696 3696 3778 3778 3778 3777 3777 3777 3697 3697 3697 3698 3698 3698 3779 3779 3779 3697 3697 3697 3779 3779 3779 3778 3778 3778 3698 3698 3698 3699 3699 3699 3780 3780 3780 3698 3698 3698 3780 3780 3780 3779 3779 3779 3699 3699 3699 3700 3700 3700 3781 3781 3781 3699 3699 3699 3781 3781 3781 3780 3780 3780 3700 3700 3700 3701 3701 3701 3782 3782 3782 3700 3700 3700 3782 3782 3782 3781 3781 3781 3701 3701 3701 3702 3702 3702 3783 3783 3783 3701 3701 3701 3783 3783 3783 3782 3782 3782 3702 3702 3702 3703 3703 3703 3784 3784 3784 3702 3702 3702 3784 3784 3784 3783 3783 3783 3703 3703 3703 3704 3704 3704 3785 3785 3785 3703 3703 3703 3785 3785 3785 3784 3784 3784 3704 3704 3704 3705 3705 3705 3786 3786 3786 3704 3704 3704 3786 3786 3786 3785 3785 3785 3705 3705 3705 3706 3706 3706 3787 3787 3787 3705 3705 3705 3787 3787 3787 3786 3786 3786 3706 3706 3706 3707 3707 3707 3788 3788 3788 3706 3706 3706 3788 3788 3788 3787 3787 3787 3707 3707 3707 3708 3708 3708 3789 3789 3789 3707 3707 3707 3789 3789 3789 3788 3788 3788 3708 3708 3708 3709 3709 3709 3790 3790 3790 3708 3708 3708 3790 3790 3790 3789 3789 3789 3709 3709 3709 3710 3710 3710 3791 3791 3791 3709 3709 3709 3791 3791 3791 3790 3790 3790 3710 3710 3710 3711 3711 3711 3792 3792 3792 3710 3710 3710 3792 3792 3792 3791 3791 3791 3711 3711 3711 3712 3712 3712 3793 3793 3793 3711 3711 3711 3793 3793 3793 3792 3792 3792 3712 3712 3712 3713 3713 3713 3794 3794 3794 3712 3712 3712 3794 3794 3794 3793 3793 3793 3713 3713 3713 3714 3714 3714 3795 3795 3795 3713 3713 3713 3795 3795 3795 3794 3794 3794 3714 3714 3714 3715 3715 3715 3796 3796 3796 3714 3714 3714 3796 3796 3796 3795 3795 3795 3715 3715 3715 3716 3716 3716 3797 3797 3797 3715 3715 3715 3797 3797 3797 3796 3796 3796 3716 3716 3716 3717 3717 3717 3798 3798 3798 3716 3716 3716 3798 3798 3798 3797 3797 3797 3717 3717 3717 3718 3718 3718 3799 3799 3799 3717 3717 3717 3799 3799 3799 3798 3798 3798 3718 3718 3718 3719 3719 3719 3800 3800 3800 3718 3718 3718 3800 3800 3800 3799 3799 3799 3719 3719 3719 3720 3720 3720 3801 3801 3801 3719 3719 3719 3801 3801 3801 3800 3800 3800 3720 3720 3720 3721 3721 3721 3802 3802 3802 3720 3720 3720 3802 3802 3802 3801 3801 3801 3721 3721 3721 3722 3722 3722 3803 3803 3803 3721 3721 3721 3803 3803 3803 3802 3802 3802 3722 3722 3722 3723 3723 3723 3804 3804 3804 3722 3722 3722 3804 3804 3804 3803 3803 3803 3723 3723 3723 3724 3724 3724 3805 3805 3805 3723 3723 3723 3805 3805 3805 3804 3804 3804 3724 3724 3724 3725 3725 3725 3806 3806 3806 3724 3724 3724 3806 3806 3806 3805 3805 3805 3726 3726 3726 3727 3727 3727 3808 3808 3808 3726 3726 3726 3808 3808 3808 3807 3807 3807 3727 3727 3727 3728 3728 3728 3809 3809 3809 3727 3727 3727 3809 3809 3809 3808 3808 3808 3728 3728 3728 3729 3729 3729 3810 3810 3810 3728 3728 3728 3810 3810 3810 3809 3809 3809 3729 3729 3729 3730 3730 3730 3811 3811 3811 3729 3729 3729 3811 3811 3811 3810 3810 3810 3730 3730 3730 3731 3731 3731 3812 3812 3812 3730 3730 3730 3812 3812 3812 3811 3811 3811 3731 3731 3731 3732 3732 3732 3813 3813 3813 3731 3731 3731 3813 3813 3813 3812 3812 3812 3732 3732 3732 3733 3733 3733 3814 3814 3814 3732 3732 3732 3814 3814 3814 3813 3813 3813 3733 3733 3733 3734 3734 3734 3815 3815 3815 3733 3733 3733 3815 3815 3815 3814 3814 3814 3734 3734 3734 3735 3735 3735 3816 3816 3816 3734 3734 3734 3816 3816 3816 3815 3815 3815 3735 3735 3735 3736 3736 3736 3817 3817 3817 3735 3735 3735 3817 3817 3817 3816 3816 3816 3736 3736 3736 3737 3737 3737 3818 3818 3818 3736 3736 3736 3818 3818 3818 3817 3817 3817 3737 3737 3737 3738 3738 3738 3819 3819 3819 3737 3737 3737 3819 3819 3819 3818 3818 3818 3738 3738 3738 3739 3739 3739 3820 3820 3820 3738 3738 3738 3820 3820 3820 3819 3819 3819 3739 3739 3739 3740 3740 3740 3821 3821 3821 3739 3739 3739 3821 3821 3821 3820 3820 3820 3740 3740 3740 3741 3741 3741 3822 3822 3822 3740 3740 3740 3822 3822 3822 3821 3821 3821 3741 3741 3741 3742 3742 3742 3823 3823 3823 3741 3741 3741 3823 3823 3823 3822 3822 3822 3742 3742 3742 3743 3743 3743 3824 3824 3824 3742 3742 3742 3824 3824 3824 3823 3823 3823 3743 3743 3743 3744 3744 3744 3825 3825 3825 3743 3743 3743 3825 3825 3825 3824 3824 3824 3744 3744 3744 3745 3745 3745 3826 3826 3826 3744 3744 3744 3826 3826 3826 3825 3825 3825 3745 3745 3745 3746 3746 3746 3827 3827 3827 3745 3745 3745 3827 3827 3827 3826 3826 3826 3746 3746 3746 3747 3747 3747 3828 3828 3828 3746 3746 3746 3828 3828 3828 3827 3827 3827 3747 3747 3747 3748 3748 3748 3829 3829 3829 3747 3747 3747 3829 3829 3829 3828 3828 3828 3748 3748 3748 3749 3749 3749 3830 3830 3830 3748 3748 3748 3830 3830 3830 3829 3829 3829 3749 3749 3749 3750 3750 3750 3831 3831 3831 3749 3749 3749 3831 3831 3831 3830 3830 3830 3750 3750 3750 3751 3751 3751 3832 3832 3832 3750 3750 3750 3832 3832 3832 3831 3831 3831 3751 3751 3751 3752 3752 3752 3833 3833 3833 3751 3751 3751 3833 3833 3833 3832 3832 3832 3752 3752 3752 3753 3753 3753 3834 3834 3834 3752 3752 3752 3834 3834 3834 3833 3833 3833 3753 3753 3753 3754 3754 3754 3835 3835 3835 3753 3753 3753 3835 3835 3835 3834 3834 3834 3754 3754 3754 3755 3755 3755 3836 3836 3836 3754 3754 3754 3836 3836 3836 3835 3835 3835 3755 3755 3755 3756 3756 3756 3837 3837 3837 3755 3755 3755 3837 3837 3837 3836 3836 3836 3756 3756 3756 3757 3757 3757 3838 3838 3838 3756 3756 3756 3838 3838 3838 3837 3837 3837 3757 3757 3757 3758 3758 3758 3839 3839 3839 3757 3757 3757 3839 3839 3839 3838 3838 3838 3758 3758 3758 3759 3759 3759 3840 3840 3840 3758 3758 3758 3840 3840 3840 3839 3839 3839 3759 3759 3759 3760 3760 3760 3841 3841 3841 3759 3759 3759 3841 3841 3841 3840 3840 3840 3760 3760 3760 3761 3761 3761 3842 3842 3842 3760 3760 3760 3842 3842 3842 3841 3841 3841 3761 3761 3761 3762 3762 3762 3843 3843 3843 3761 3761 3761 3843 3843 3843 3842 3842 3842 3762 3762 3762 3763 3763 3763 3844 3844 3844 3762 3762 3762 3844 3844 3844 3843 3843 3843 3763 3763 3763 3764 3764 3764 3845 3845 3845 3763 3763 3763 3845 3845 3845 3844 3844 3844 3764 3764 3764 3765 3765 3765 3846 3846 3846 3764 3764 3764 3846 3846 3846 3845 3845 3845 3765 3765 3765 3766 3766 3766 3847 3847 3847 3765 3765 3765 3847 3847 3847 3846 3846 3846 3766 3766 3766 3767 3767 3767 3848 3848 3848 3766 3766 3766 3848 3848 3848 3847 3847 3847 3767 3767 3767 3768 3768 3768 3849 3849 3849 3767 3767 3767 3849 3849 3849 3848 3848 3848 3768 3768 3768 3769 3769 3769 3850 3850 3850 3768 3768 3768 3850 3850 3850 3849 3849 3849 3769 3769 3769 3770 3770 3770 3851 3851 3851 3769 3769 3769 3851 3851 3851 3850 3850 3850 3770 3770 3770 3771 3771 3771 3852 3852 3852 3770 3770 3770 3852 3852 3852 3851 3851 3851 3771 3771 3771 3772 3772 3772 3853 3853 3853 3771 3771 3771 3853 3853 3853 3852 3852 3852 3772 3772 3772 3773 3773 3773 3854 3854 3854 3772 3772 3772 3854 3854 3854 3853 3853 3853 3773 3773 3773 3774 3774 3774 3855 3855 3855 3773 3773 3773 3855 3855 3855 3854 3854 3854 3774 3774 3774 3775 3775 3775 3856 3856 3856 3774 3774 3774 3856 3856 3856 3855 3855 3855 3775 3775 3775 3776 3776 3776 3857 3857 3857 3775 3775 3775 3857 3857 3857 3856 3856 3856 3776 3776 3776 3777 3777 3777 3858 3858 3858 3776 3776 3776 3858 3858 3858 3857 3857 3857 3777 3777 3777 3778 3778 3778 3859 3859 3859 3777 3777 3777 3859 3859 3859 3858 3858 3858 3778 3778 3778 3779 3779 3779 3860 3860 3860 3778 3778 3778 3860 3860 3860 3859 3859 3859 3779 3779 3779 3780 3780 3780 3861 3861 3861 3779 3779 3779 3861 3861 3861 3860 3860 3860 3780 3780 3780 3781 3781 3781 3862 3862 3862 3780 3780 3780 3862 3862 3862 3861 3861 3861 3781 3781 3781 3782 3782 3782 3863 3863 3863 3781 3781 3781 3863 3863 3863 3862 3862 3862 3782 3782 3782 3783 3783 3783 3864 3864 3864 3782 3782 3782 3864 3864 3864 3863 3863 3863 3783 3783 3783 3784 3784 3784 3865 3865 3865 3783 3783 3783 3865 3865 3865 3864 3864 3864 3784 3784 3784 3785 3785 3785 3866 3866 3866 3784 3784 3784 3866 3866 3866 3865 3865 3865 3785 3785 3785 3786 3786 3786 3867 3867 3867 3785 3785 3785 3867 3867 3867 3866 3866 3866 3786 3786 3786 3787 3787 3787 3868 3868 3868 3786 3786 3786 3868 3868 3868 3867 3867 3867 3787 3787 3787 3788 3788 3788 3869 3869 3869 3787 3787 3787 3869 3869 3869 3868 3868 3868 3788 3788 3788 3789 3789 3789 3870 3870 3870 3788 3788 3788 3870 3870 3870 3869 3869 3869 3789 3789 3789 3790 3790 3790 3871 3871 3871 3789 3789 3789 3871 3871 3871 3870 3870 3870 3790 3790 3790 3791 3791 3791 3872 3872 3872 3790 3790 3790 3872 3872 3872 3871 3871 3871 3791 3791 3791 3792 3792 3792 3873 3873 3873 3791 3791 3791 3873 3873 3873 3872 3872 3872 3792 3792 3792 3793 3793 3793 3874 3874 3874 3792 3792 3792 3874 3874 3874 3873 3873 3873 3793 3793 3793 3794 3794 3794 3875 3875 3875 3793 3793 3793 3875 3875 3875 3874 3874 3874 3794 3794 3794 3795 3795 3795 3876 3876 3876 3794 3794 3794 3876 3876 3876 3875 3875 3875 3795 3795 3795 3796 3796 3796 3877 3877 3877 3795 3795 3795 3877 3877 3877 3876 3876 3876 3796 3796 3796 3797 3797 3797 3878 3878 3878 3796 3796 3796 3878 3878 3878 3877 3877 3877 3797 3797 3797 3798 3798 3798 3879 3879 3879 3797 3797 3797 3879 3879 3879 3878 3878 3878 3798 3798 3798 3799 3799 3799 3880 3880 3880 3798 3798 3798 3880 3880 3880 3879 3879 3879 3799 3799 3799 3800 3800 3800 3881 3881 3881 3799 3799 3799 3881 3881 3881 3880 3880 3880 3800 3800 3800 3801 3801 3801 3882 3882 3882 3800 3800 3800 3882 3882 3882 3881 3881 3881 3801 3801 3801 3802 3802 3802 3883 3883 3883 3801 3801 3801 3883 3883 3883 3882 3882 3882 3802 3802 3802 3803 3803 3803 3884 3884 3884 3802 3802 3802 3884 3884 3884 3883 3883 3883 3803 3803 3803 3804 3804 3804 3885 3885 3885 3803 3803 3803 3885 3885 3885 3884 3884 3884 3804 3804 3804 3805 3805 3805 3886 3886 3886 3804 3804 3804 3886 3886 3886 3885 3885 3885 3805 3805 3805 3806 3806 3806 3887 3887 3887 3805 3805 3805 3887 3887 3887 3886 3886 3886 3807 3807 3807 3808 3808 3808 3889 3889 3889 3807 3807 3807 3889 3889 3889 3888 3888 3888 3808 3808 3808 3809 3809 3809 3890 3890 3890 3808 3808 3808 3890 3890 3890 3889 3889 3889 3809 3809 3809 3810 3810 3810 3891 3891 3891 3809 3809 3809 3891 3891 3891 3890 3890 3890 3810 3810 3810 3811 3811 3811 3892 3892 3892 3810 3810 3810 3892 3892 3892 3891 3891 3891 3811 3811 3811 3812 3812 3812 3893 3893 3893 3811 3811 3811 3893 3893 3893 3892 3892 3892 3812 3812 3812 3813 3813 3813 3894 3894 3894 3812 3812 3812 3894 3894 3894 3893 3893 3893 3813 3813 3813 3814 3814 3814 3895 3895 3895 3813 3813 3813 3895 3895 3895 3894 3894 3894 3814 3814 3814 3815 3815 3815 3896 3896 3896 3814 3814 3814 3896 3896 3896 3895 3895 3895 3815 3815 3815 3816 3816 3816 3897 3897 3897 3815 3815 3815 3897 3897 3897 3896 3896 3896 3816 3816 3816 3817 3817 3817 3898 3898 3898 3816 3816 3816 3898 3898 3898 3897 3897 3897 3817 3817 3817 3818 3818 3818 3899 3899 3899 3817 3817 3817 3899 3899 3899 3898 3898 3898 3818 3818 3818 3819 3819 3819 3900 3900 3900 3818 3818 3818 3900 3900 3900 3899 3899 3899 3819 3819 3819 3820 3820 3820 3901 3901 3901 3819 3819 3819 3901 3901 3901 3900 3900 3900 3820 3820 3820 3821 3821 3821 3902 3902 3902 3820 3820 3820 3902 3902 3902 3901 3901 3901 3821 3821 3821 3822 3822 3822 3903 3903 3903 3821 3821 3821 3903 3903 3903 3902 3902 3902 3822 3822 3822 3823 3823 3823 3904 3904 3904 3822 3822 3822 3904 3904 3904 3903 3903 3903 3823 3823 3823 3824 3824 3824 3905 3905 3905 3823 3823 3823 3905 3905 3905 3904 3904 3904 3824 3824 3824 3825 3825 3825 3906 3906 3906 3824 3824 3824 3906 3906 3906 3905 3905 3905 3825 3825 3825 3826 3826 3826 3907 3907 3907 3825 3825 3825 3907 3907 3907 3906 3906 3906 3826 3826 3826 3827 3827 3827 3908 3908 3908 3826 3826 3826 3908 3908 3908 3907 3907 3907 3827 3827 3827 3828 3828 3828 3909 3909 3909 3827 3827 3827 3909 3909 3909 3908 3908 3908 3828 3828 3828 3829 3829 3829 3910 3910 3910 3828 3828 3828 3910 3910 3910 3909 3909 3909 3829 3829 3829 3830 3830 3830 3911 3911 3911 3829 3829 3829 3911 3911 3911 3910 3910 3910 3830 3830 3830 3831 3831 3831 3912 3912 3912 3830 3830 3830 3912 3912 3912 3911 3911 3911 3831 3831 3831 3832 3832 3832 3913 3913 3913 3831 3831 3831 3913 3913 3913 3912 3912 3912 3832 3832 3832 3833 3833 3833 3914 3914 3914 3832 3832 3832 3914 3914 3914 3913 3913 3913 3833 3833 3833 3834 3834 3834 3915 3915 3915 3833 3833 3833 3915 3915 3915 3914 3914 3914 3834 3834 3834 3835 3835 3835 3916 3916 3916 3834 3834 3834 3916 3916 3916 3915 3915 3915 3835 3835 3835 3836 3836 3836 3917 3917 3917 3835 3835 3835 3917 3917 3917 3916 3916 3916 3836 3836 3836 3837 3837 3837 3918 3918 3918 3836 3836 3836 3918 3918 3918 3917 3917 3917 3837 3837 3837 3838 3838 3838 3919 3919 3919 3837 3837 3837 3919 3919 3919 3918 3918 3918 3838 3838 3838 3839 3839 3839 3920 3920 3920 3838 3838 3838 3920 3920 3920 3919 3919 3919 3839 3839 3839 3840 3840 3840 3921 3921 3921 3839 3839 3839 3921 3921 3921 3920 3920 3920 3840 3840 3840 3841 3841 3841 3922 3922 3922 3840 3840 3840 3922 3922 3922 3921 3921 3921 3841 3841 3841 3842 3842 3842 3923 3923 3923 3841 3841 3841 3923 3923 3923 3922 3922 3922 3842 3842 3842 3843 3843 3843 3924 3924 3924 3842 3842 3842 3924 3924 3924 3923 3923 3923 3843 3843 3843 3844 3844 3844 3925 3925 3925 3843 3843 3843 3925 3925 3925 3924 3924 3924 3844 3844 3844 3845 3845 3845 3926 3926 3926 3844 3844 3844 3926 3926 3926 3925 3925 3925 3845 3845 3845 3846 3846 3846 3927 3927 3927 3845 3845 3845 3927 3927 3927 3926 3926 3926 3846 3846 3846 3847 3847 3847 3928 3928 3928 3846 3846 3846 3928 3928 3928 3927 3927 3927 3847 3847 3847 3848 3848 3848 3929 3929 3929 3847 3847 3847 3929 3929 3929 3928 3928 3928 3848 3848 3848 3849 3849 3849 3930 3930 3930 3848 3848 3848 3930 3930 3930 3929 3929 3929 3849 3849 3849 3850 3850 3850 3931 3931 3931 3849 3849 3849 3931 3931 3931 3930 3930 3930 3850 3850 3850 3851 3851 3851 3932 3932 3932 3850 3850 3850 3932 3932 3932 3931 3931 3931 3851 3851 3851 3852 3852 3852 3933 3933 3933 3851 3851 3851 3933 3933 3933 3932 3932 3932 3852 3852 3852 3853 3853 3853 3934 3934 3934 3852 3852 3852 3934 3934 3934 3933 3933 3933 3853 3853 3853 3854 3854 3854 3935 3935 3935 3853 3853 3853 3935 3935 3935 3934 3934 3934 3854 3854 3854 3855 3855 3855 3936 3936 3936 3854 3854 3854 3936 3936 3936 3935 3935 3935 3855 3855 3855 3856 3856 3856 3937 3937 3937 3855 3855 3855 3937 3937 3937 3936 3936 3936 3856 3856 3856 3857 3857 3857 3938 3938 3938 3856 3856 3856 3938 3938 3938 3937 3937 3937 3857 3857 3857 3858 3858 3858 3939 3939 3939 3857 3857 3857 3939 3939 3939 3938 3938 3938 3858 3858 3858 3859 3859 3859 3940 3940 3940 3858 3858 3858 3940 3940 3940 3939 3939 3939 3859 3859 3859 3860 3860 3860 3941 3941 3941 3859 3859 3859 3941 3941 3941 3940 3940 3940 3860 3860 3860 3861 3861 3861 3942 3942 3942 3860 3860 3860 3942 3942 3942 3941 3941 3941 3861 3861 3861 3862 3862 3862 3943 3943 3943 3861 3861 3861 3943 3943 3943 3942 3942 3942 3862 3862 3862 3863 3863 3863 3944 3944 3944 3862 3862 3862 3944 3944 3944 3943 3943 3943 3863 3863 3863 3864 3864 3864 3945 3945 3945 3863 3863 3863 3945 3945 3945 3944 3944 3944 3864 3864 3864 3865 3865 3865 3946 3946 3946 3864 3864 3864 3946 3946 3946 3945 3945 3945 3865 3865 3865 3866 3866 3866 3947 3947 3947 3865 3865 3865 3947 3947 3947 3946 3946 3946 3866 3866 3866 3867 3867 3867 3948 3948 3948 3866 3866 3866 3948 3948 3948 3947 3947 3947 3867 3867 3867 3868 3868 3868 3949 3949 3949 3867 3867 3867 3949 3949 3949 3948 3948 3948 3868 3868 3868 3869 3869 3869 3950 3950 3950 3868 3868 3868 3950 3950 3950 3949 3949 3949 3869 3869 3869 3870 3870 3870 3951 3951 3951 3869 3869 3869 3951 3951 3951 3950 3950 3950 3870 3870 3870 3871 3871 3871 3952 3952 3952 3870 3870 3870 3952 3952 3952 3951 3951 3951 3871 3871 3871 3872 3872 3872 3953 3953 3953 3871 3871 3871 3953 3953 3953 3952 3952 3952 3872 3872 3872 3873 3873 3873 3954 3954 3954 3872 3872 3872 3954 3954 3954 3953 3953 3953 3873 3873 3873 3874 3874 3874 3955 3955 3955 3873 3873 3873 3955 3955 3955 3954 3954 3954 3874 3874 3874 3875 3875 3875 3956 3956 3956 3874 3874 3874 3956 3956 3956 3955 3955 3955 3875 3875 3875 3876 3876 3876 3957 3957 3957 3875 3875 3875 3957 3957 3957 3956 3956 3956 3876 3876 3876 3877 3877 3877 3958 3958 3958 3876 3876 3876 3958 3958 3958 3957 3957 3957 3877 3877 3877 3878 3878 3878 3959 3959 3959 3877 3877 3877 3959 3959 3959 3958 3958 3958 3878 3878 3878 3879 3879 3879 3960 3960 3960 3878 3878 3878 3960 3960 3960 3959 3959 3959 3879 3879 3879 3880 3880 3880 3961 3961 3961 3879 3879 3879 3961 3961 3961 3960 3960 3960 3880 3880 3880 3881 3881 3881 3962 3962 3962 3880 3880 3880 3962 3962 3962 3961 3961 3961 3881 3881 3881 3882 3882 3882 3963 3963 3963 3881 3881 3881 3963 3963 3963 3962 3962 3962 3882 3882 3882 3883 3883 3883 3964 3964 3964 3882 3882 3882 3964 3964 3964 3963 3963 3963 3883 3883 3883 3884 3884 3884 3965 3965 3965 3883 3883 3883 3965 3965 3965 3964 3964 3964 3884 3884 3884 3885 3885 3885 3966 3966 3966 3884 3884 3884 3966 3966 3966 3965 3965 3965 3885 3885 3885 3886 3886 3886 3967 3967 3967 3885 3885 3885 3967 3967 3967 3966 3966 3966 3886 3886 3886 3887 3887 3887 3968 3968 3968 3886 3886 3886 3968 3968 3968 3967 3967 3967 3888 3888 3888 3889 3889 3889 3970 3970 3970 3888 3888 3888 3970 3970 3970 3969 3969 3969 3889 3889 3889 3890 3890 3890 3971 3971 3971 3889 3889 3889 3971 3971 3971 3970 3970 3970 3890 3890 3890 3891 3891 3891 3972 3972 3972 3890 3890 3890 3972 3972 3972 3971 3971 3971 3891 3891 3891 3892 3892 3892 3973 3973 3973 3891 3891 3891 3973 3973 3973 3972 3972 3972 3892 3892 3892 3893 3893 3893 3974 3974 3974 3892 3892 3892 3974 3974 3974 3973 3973 3973 3893 3893 3893 3894 3894 3894 3975 3975 3975 3893 3893 3893 3975 3975 3975 3974 3974 3974 3894 3894 3894 3895 3895 3895 3976 3976 3976 3894 3894 3894 3976 3976 3976 3975 3975 3975 3895 3895 3895 3896 3896 3896 3977 3977 3977 3895 3895 3895 3977 3977 3977 3976 3976 3976 3896 3896 3896 3897 3897 3897 3978 3978 3978 3896 3896 3896 3978 3978 3978 3977 3977 3977 3897 3897 3897 3898 3898 3898 3979 3979 3979 3897 3897 3897 3979 3979 3979 3978 3978 3978 3898 3898 3898 3899 3899 3899 3980 3980 3980 3898 3898 3898 3980 3980 3980 3979 3979 3979 3899 3899 3899 3900 3900 3900 3981 3981 3981 3899 3899 3899 3981 3981 3981 3980 3980 3980 3900 3900 3900 3901 3901 3901 3982 3982 3982 3900 3900 3900 3982 3982 3982 3981 3981 3981 3901 3901 3901 3902 3902 3902 3983 3983 3983 3901 3901 3901 3983 3983 3983 3982 3982 3982 3902 3902 3902 3903 3903 3903 3984 3984 3984 3902 3902 3902 3984 3984 3984 3983 3983 3983 3903 3903 3903 3904 3904 3904 3985 3985 3985 3903 3903 3903 3985 3985 3985 3984 3984 3984 3904 3904 3904 3905 3905 3905 3986 3986 3986 3904 3904 3904 3986 3986 3986 3985 3985 3985 3905 3905 3905 3906 3906 3906 3987 3987 3987 3905 3905 3905 3987 3987 3987 3986 3986 3986 3906 3906 3906 3907 3907 3907 3988 3988 3988 3906 3906 3906 3988 3988 3988 3987 3987 3987 3907 3907 3907 3908 3908 3908 3989 3989 3989 3907 3907 3907 3989 3989 3989 3988 3988 3988 3908 3908 3908 3909 3909 3909 3990 3990 3990 3908 3908 3908 3990 3990 3990 3989 3989 3989 3909 3909 3909 3910 3910 3910 3991 3991 3991 3909 3909 3909 3991 3991 3991 3990 3990 3990 3910 3910 3910 3911 3911 3911 3992 3992 3992 3910 3910 3910 3992 3992 3992 3991 3991 3991 3911 3911 3911 3912 3912 3912 3993 3993 3993 3911 3911 3911 3993 3993 3993 3992 3992 3992 3912 3912 3912 3913 3913 3913 3994 3994 3994 3912 3912 3912 3994 3994 3994 3993 3993 3993 3913 3913 3913 3914 3914 3914 3995 3995 3995 3913 3913 3913 3995 3995 3995 3994 3994 3994 3914 3914 3914 3915 3915 3915 3996 3996 3996 3914 3914 3914 3996 3996 3996 3995 3995 3995 3915 3915 3915 3916 3916 3916 3997 3997 3997 3915 3915 3915 3997 3997 3997 3996 3996 3996 3916 3916 3916 3917 3917 3917 3998 3998 3998 3916 3916 3916 3998 3998 3998 3997 3997 3997 3917 3917 3917 3918 3918 3918 3999 3999 3999 3917 3917 3917 3999 3999 3999 3998 3998 3998 3918 3918 3918 3919 3919 3919 4000 4000 4000 3918 3918 3918 4000 4000 4000 3999 3999 3999 3919 3919 3919 3920 3920 3920 4001 4001 4001 3919 3919 3919 4001 4001 4001 4000 4000 4000 3920 3920 3920 3921 3921 3921 4002 4002 4002 3920 3920 3920 4002 4002 4002 4001 4001 4001 3921 3921 3921 3922 3922 3922 4003 4003 4003 3921 3921 3921 4003 4003 4003 4002 4002 4002 3922 3922 3922 3923 3923 3923 4004 4004 4004 3922 3922 3922 4004 4004 4004 4003 4003 4003 3923 3923 3923 3924 3924 3924 4005 4005 4005 3923 3923 3923 4005 4005 4005 4004 4004 4004 3924 3924 3924 3925 3925 3925 4006 4006 4006 3924 3924 3924 4006 4006 4006 4005 4005 4005 3925 3925 3925 3926 3926 3926 4007 4007 4007 3925 3925 3925 4007 4007 4007 4006 4006 4006 3926 3926 3926 3927 3927 3927 4008 4008 4008 3926 3926 3926 4008 4008 4008 4007 4007 4007 3927 3927 3927 3928 3928 3928 4009 4009 4009 3927 3927 3927 4009 4009 4009 4008 4008 4008 3928 3928 3928 3929 3929 3929 4010 4010 4010 3928 3928 3928 4010 4010 4010 4009 4009 4009 3929 3929 3929 3930 3930 3930 4011 4011 4011 3929 3929 3929 4011 4011 4011 4010 4010 4010 3930 3930 3930 3931 3931 3931 4012 4012 4012 3930 3930 3930 4012 4012 4012 4011 4011 4011 3931 3931 3931 3932 3932 3932 4013 4013 4013 3931 3931 3931 4013 4013 4013 4012 4012 4012 3932 3932 3932 3933 3933 3933 4014 4014 4014 3932 3932 3932 4014 4014 4014 4013 4013 4013 3933 3933 3933 3934 3934 3934 4015 4015 4015 3933 3933 3933 4015 4015 4015 4014 4014 4014 3934 3934 3934 3935 3935 3935 4016 4016 4016 3934 3934 3934 4016 4016 4016 4015 4015 4015 3935 3935 3935 3936 3936 3936 4017 4017 4017 3935 3935 3935 4017 4017 4017 4016 4016 4016 3936 3936 3936 3937 3937 3937 4018 4018 4018 3936 3936 3936 4018 4018 4018 4017 4017 4017 3937 3937 3937 3938 3938 3938 4019 4019 4019 3937 3937 3937 4019 4019 4019 4018 4018 4018 3938 3938 3938 3939 3939 3939 4020 4020 4020 3938 3938 3938 4020 4020 4020 4019 4019 4019 3939 3939 3939 3940 3940 3940 4021 4021 4021 3939 3939 3939 4021 4021 4021 4020 4020 4020 3940 3940 3940 3941 3941 3941 4022 4022 4022 3940 3940 3940 4022 4022 4022 4021 4021 4021 3941 3941 3941 3942 3942 3942 4023 4023 4023 3941 3941 3941 4023 4023 4023 4022 4022 4022 3942 3942 3942 3943 3943 3943 4024 4024 4024 3942 3942 3942 4024 4024 4024 4023 4023 4023 3943 3943 3943 3944 3944 3944 4025 4025 4025 3943 3943 3943 4025 4025 4025 4024 4024 4024 3944 3944 3944 3945 3945 3945 4026 4026 4026 3944 3944 3944 4026 4026 4026 4025 4025 4025 3945 3945 3945 3946 3946 3946 4027 4027 4027 3945 3945 3945 4027 4027 4027 4026 4026 4026 3946 3946 3946 3947 3947 3947 4028 4028 4028 3946 3946 3946 4028 4028 4028 4027 4027 4027 3947 3947 3947 3948 3948 3948 4029 4029 4029 3947 3947 3947 4029 4029 4029 4028 4028 4028 3948 3948 3948 3949 3949 3949 4030 4030 4030 3948 3948 3948 4030 4030 4030 4029 4029 4029 3949 3949 3949 3950 3950 3950 4031 4031 4031 3949 3949 3949 4031 4031 4031 4030 4030 4030 3950 3950 3950 3951 3951 3951 4032 4032 4032 3950 3950 3950 4032 4032 4032 4031 4031 4031 3951 3951 3951 3952 3952 3952 4033 4033 4033 3951 3951 3951 4033 4033 4033 4032 4032 4032 3952 3952 3952 3953 3953 3953 4034 4034 4034 3952 3952 3952 4034 4034 4034 4033 4033 4033 3953 3953 3953 3954 3954 3954 4035 4035 4035 3953 3953 3953 4035 4035 4035 4034 4034 4034 3954 3954 3954 3955 3955 3955 4036 4036 4036 3954 3954 3954 4036 4036 4036 4035 4035 4035 3955 3955 3955 3956 3956 3956 4037 4037 4037 3955 3955 3955 4037 4037 4037 4036 4036 4036 3956 3956 3956 3957 3957 3957 4038 4038 4038 3956 3956 3956 4038 4038 4038 4037 4037 4037 3957 3957 3957 3958 3958 3958 4039 4039 4039 3957 3957 3957 4039 4039 4039 4038 4038 4038 3958 3958 3958 3959 3959 3959 4040 4040 4040 3958 3958 3958 4040 4040 4040 4039 4039 4039 3959 3959 3959 3960 3960 3960 4041 4041 4041 3959 3959 3959 4041 4041 4041 4040 4040 4040 3960 3960 3960 3961 3961 3961 4042 4042 4042 3960 3960 3960 4042 4042 4042 4041 4041 4041 3961 3961 3961 3962 3962 3962 4043 4043 4043 3961 3961 3961 4043 4043 4043 4042 4042 4042 3962 3962 3962 3963 3963 3963 4044 4044 4044 3962 3962 3962 4044 4044 4044 4043 4043 4043 3963 3963 3963 3964 3964 3964 4045 4045 4045 3963 3963 3963 4045 4045 4045 4044 4044 4044 3964 3964 3964 3965 3965 3965 4046 4046 4046 3964 3964 3964 4046 4046 4046 4045 4045 4045 3965 3965 3965 3966 3966 3966 4047 4047 4047 3965 3965 3965 4047 4047 4047 4046 4046 4046 3966 3966 3966 3967 3967 3967 4048 4048 4048 3966 3966 3966 4048 4048 4048 4047 4047 4047 3967 3967 3967 3968 3968 3968 4049 4049 4049 3967 3967 3967 4049 4049 4049 4048 4048 4048 3969 3969 3969 3970 3970 3970 4051 4051 4051 3969 3969 3969 4051 4051 4051 4050 4050 4050 3970 3970 3970 3971 3971 3971 4052 4052 4052 3970 3970 3970 4052 4052 4052 4051 4051 4051 3971 3971 3971 3972 3972 3972 4053 4053 4053 3971 3971 3971 4053 4053 4053 4052 4052 4052 3972 3972 3972 3973 3973 3973 4054 4054 4054 3972 3972 3972 4054 4054 4054 4053 4053 4053 3973 3973 3973 3974 3974 3974 4055 4055 4055 3973 3973 3973 4055 4055 4055 4054 4054 4054 3974 3974 3974 3975 3975 3975 4056 4056 4056 3974 3974 3974 4056 4056 4056 4055 4055 4055 3975 3975 3975 3976 3976 3976 4057 4057 4057 3975 3975 3975 4057 4057 4057 4056 4056 4056 3976 3976 3976 3977 3977 3977 4058 4058 4058 3976 3976 3976 4058 4058 4058 4057 4057 4057 3977 3977 3977 3978 3978 3978 4059 4059 4059 3977 3977 3977 4059 4059 4059 4058 4058 4058 3978 3978 3978 3979 3979 3979 4060 4060 4060 3978 3978 3978 4060 4060 4060 4059 4059 4059 3979 3979 3979 3980 3980 3980 4061 4061 4061 3979 3979 3979 4061 4061 4061 4060 4060 4060 3980 3980 3980 3981 3981 3981 4062 4062 4062 3980 3980 3980 4062 4062 4062 4061 4061 4061 3981 3981 3981 3982 3982 3982 4063 4063 4063 3981 3981 3981 4063 4063 4063 4062 4062 4062 3982 3982 3982 3983 3983 3983 4064 4064 4064 3982 3982 3982 4064 4064 4064 4063 4063 4063 3983 3983 3983 3984 3984 3984 4065 4065 4065 3983 3983 3983 4065 4065 4065 4064 4064 4064 3984 3984 3984 3985 3985 3985 4066 4066 4066 3984 3984 3984 4066 4066 4066 4065 4065 4065 3985 3985 3985 3986 3986 3986 4067 4067 4067 3985 3985 3985 4067 4067 4067 4066 4066 4066 3986 3986 3986 3987 3987 3987 4068 4068 4068 3986 3986 3986 4068 4068 4068 4067 4067 4067 3987 3987 3987 3988 3988 3988 4069 4069 4069 3987 3987 3987 4069 4069 4069 4068 4068 4068 3988 3988 3988 3989 3989 3989 4070 4070 4070 3988 3988 3988 4070 4070 4070 4069 4069 4069 3989 3989 3989 3990 3990 3990 4071 4071 4071 3989 3989 3989 4071 4071 4071 4070 4070 4070 3990 3990 3990 3991 3991 3991 4072 4072 4072 3990 3990 3990 4072 4072 4072 4071 4071 4071 3991 3991 3991 3992 3992 3992 4073 4073 4073 3991 3991 3991 4073 4073 4073 4072 4072 4072 3992 3992 3992 3993 3993 3993 4074 4074 4074 3992 3992 3992 4074 4074 4074 4073 4073 4073 3993 3993 3993 3994 3994 3994 4075 4075 4075 3993 3993 3993 4075 4075 4075 4074 4074 4074 3994 3994 3994 3995 3995 3995 4076 4076 4076 3994 3994 3994 4076 4076 4076 4075 4075 4075 3995 3995 3995 3996 3996 3996 4077 4077 4077 3995 3995 3995 4077 4077 4077 4076 4076 4076 3996 3996 3996 3997 3997 3997 4078 4078 4078 3996 3996 3996 4078 4078 4078 4077 4077 4077 3997 3997 3997 3998 3998 3998 4079 4079 4079 3997 3997 3997 4079 4079 4079 4078 4078 4078 3998 3998 3998 3999 3999 3999 4080 4080 4080 3998 3998 3998 4080 4080 4080 4079 4079 4079 3999 3999 3999 4000 4000 4000 4081 4081 4081 3999 3999 3999 4081 4081 4081 4080 4080 4080 4000 4000 4000 4001 4001 4001 4082 4082 4082 4000 4000 4000 4082 4082 4082 4081 4081 4081 4001 4001 4001 4002 4002 4002 4083 4083 4083 4001 4001 4001 4083 4083 4083 4082 4082 4082 4002 4002 4002 4003 4003 4003 4084 4084 4084 4002 4002 4002 4084 4084 4084 4083 4083 4083 4003 4003 4003 4004 4004 4004 4085 4085 4085 4003 4003 4003 4085 4085 4085 4084 4084 4084 4004 4004 4004 4005 4005 4005 4086 4086 4086 4004 4004 4004 4086 4086 4086 4085 4085 4085 4005 4005 4005 4006 4006 4006 4087 4087 4087 4005 4005 4005 4087 4087 4087 4086 4086 4086 4006 4006 4006 4007 4007 4007 4088 4088 4088 4006 4006 4006 4088 4088 4088 4087 4087 4087 4007 4007 4007 4008 4008 4008 4089 4089 4089 4007 4007 4007 4089 4089 4089 4088 4088 4088 4008 4008 4008 4009 4009 4009 4090 4090 4090 4008 4008 4008 4090 4090 4090 4089 4089 4089 4009 4009 4009 4010 4010 4010 4091 4091 4091 4009 4009 4009 4091 4091 4091 4090 4090 4090 4010 4010 4010 4011 4011 4011 4092 4092 4092 4010 4010 4010 4092 4092 4092 4091 4091 4091 4011 4011 4011 4012 4012 4012 4093 4093 4093 4011 4011 4011 4093 4093 4093 4092 4092 4092 4012 4012 4012 4013 4013 4013 4094 4094 4094 4012 4012 4012 4094 4094 4094 4093 4093 4093 4013 4013 4013 4014 4014 4014 4095 4095 4095 4013 4013 4013 4095 4095 4095 4094 4094 4094 4014 4014 4014 4015 4015 4015 4096 4096 4096 4014 4014 4014 4096 4096 4096 4095 4095 4095 4015 4015 4015 4016 4016 4016 4097 4097 4097 4015 4015 4015 4097 4097 4097 4096 4096 4096 4016 4016 4016 4017 4017 4017 4098 4098 4098 4016 4016 4016 4098 4098 4098 4097 4097 4097 4017 4017 4017 4018 4018 4018 4099 4099 4099 4017 4017 4017 4099 4099 4099 4098 4098 4098 4018 4018 4018 4019 4019 4019 4100 4100 4100 4018 4018 4018 4100 4100 4100 4099 4099 4099 4019 4019 4019 4020 4020 4020 4101 4101 4101 4019 4019 4019 4101 4101 4101 4100 4100 4100 4020 4020 4020 4021 4021 4021 4102 4102 4102 4020 4020 4020 4102 4102 4102 4101 4101 4101 4021 4021 4021 4022 4022 4022 4103 4103 4103 4021 4021 4021 4103 4103 4103 4102 4102 4102 4022 4022 4022 4023 4023 4023 4104 4104 4104 4022 4022 4022 4104 4104 4104 4103 4103 4103 4023 4023 4023 4024 4024 4024 4105 4105 4105 4023 4023 4023 4105 4105 4105 4104 4104 4104 4024 4024 4024 4025 4025 4025 4106 4106 4106 4024 4024 4024 4106 4106 4106 4105 4105 4105 4025 4025 4025 4026 4026 4026 4107 4107 4107 4025 4025 4025 4107 4107 4107 4106 4106 4106 4026 4026 4026 4027 4027 4027 4108 4108 4108 4026 4026 4026 4108 4108 4108 4107 4107 4107 4027 4027 4027 4028 4028 4028 4109 4109 4109 4027 4027 4027 4109 4109 4109 4108 4108 4108 4028 4028 4028 4029 4029 4029 4110 4110 4110 4028 4028 4028 4110 4110 4110 4109 4109 4109 4029 4029 4029 4030 4030 4030 4111 4111 4111 4029 4029 4029 4111 4111 4111 4110 4110 4110 4030 4030 4030 4031 4031 4031 4112 4112 4112 4030 4030 4030 4112 4112 4112 4111 4111 4111 4031 4031 4031 4032 4032 4032 4113 4113 4113 4031 4031 4031 4113 4113 4113 4112 4112 4112 4032 4032 4032 4033 4033 4033 4114 4114 4114 4032 4032 4032 4114 4114 4114 4113 4113 4113 4033 4033 4033 4034 4034 4034 4115 4115 4115 4033 4033 4033 4115 4115 4115 4114 4114 4114 4034 4034 4034 4035 4035 4035 4116 4116 4116 4034 4034 4034 4116 4116 4116 4115 4115 4115 4035 4035 4035 4036 4036 4036 4117 4117 4117 4035 4035 4035 4117 4117 4117 4116 4116 4116 4036 4036 4036 4037 4037 4037 4118 4118 4118 4036 4036 4036 4118 4118 4118 4117 4117 4117 4037 4037 4037 4038 4038 4038 4119 4119 4119 4037 4037 4037 4119 4119 4119 4118 4118 4118 4038 4038 4038 4039 4039 4039 4120 4120 4120 4038 4038 4038 4120 4120 4120 4119 4119 4119 4039 4039 4039 4040 4040 4040 4121 4121 4121 4039 4039 4039 4121 4121 4121 4120 4120 4120 4040 4040 4040 4041 4041 4041 4122 4122 4122 4040 4040 4040 4122 4122 4122 4121 4121 4121 4041 4041 4041 4042 4042 4042 4123 4123 4123 4041 4041 4041 4123 4123 4123 4122 4122 4122 4042 4042 4042 4043 4043 4043 4124 4124 4124 4042 4042 4042 4124 4124 4124 4123 4123 4123 4043 4043 4043 4044 4044 4044 4125 4125 4125 4043 4043 4043 4125 4125 4125 4124 4124 4124 4044 4044 4044 4045 4045 4045 4126 4126 4126 4044 4044 4044 4126 4126 4126 4125 4125 4125 4045 4045 4045 4046 4046 4046 4127 4127 4127 4045 4045 4045 4127 4127 4127 4126 4126 4126 4046 4046 4046 4047 4047 4047 4128 4128 4128 4046 4046 4046 4128 4128 4128 4127 4127 4127 4047 4047 4047 4048 4048 4048 4129 4129 4129 4047 4047 4047 4129 4129 4129 4128 4128 4128 4048 4048 4048 4049 4049 4049 4130 4130 4130 4048 4048 4048 4130 4130 4130 4129 4129 4129 4050 4050 4050 4051 4051 4051 4132 4132 4132 4050 4050 4050 4132 4132 4132 4131 4131 4131 4051 4051 4051 4052 4052 4052 4133 4133 4133 4051 4051 4051 4133 4133 4133 4132 4132 4132 4052 4052 4052 4053 4053 4053 4134 4134 4134 4052 4052 4052 4134 4134 4134 4133 4133 4133 4053 4053 4053 4054 4054 4054 4135 4135 4135 4053 4053 4053 4135 4135 4135 4134 4134 4134 4054 4054 4054 4055 4055 4055 4136 4136 4136 4054 4054 4054 4136 4136 4136 4135 4135 4135 4055 4055 4055 4056 4056 4056 4137 4137 4137 4055 4055 4055 4137 4137 4137 4136 4136 4136 4056 4056 4056 4057 4057 4057 4138 4138 4138 4056 4056 4056 4138 4138 4138 4137 4137 4137 4057 4057 4057 4058 4058 4058 4139 4139 4139 4057 4057 4057 4139 4139 4139 4138 4138 4138 4058 4058 4058 4059 4059 4059 4140 4140 4140 4058 4058 4058 4140 4140 4140 4139 4139 4139 4059 4059 4059 4060 4060 4060 4141 4141 4141 4059 4059 4059 4141 4141 4141 4140 4140 4140 4060 4060 4060 4061 4061 4061 4142 4142 4142 4060 4060 4060 4142 4142 4142 4141 4141 4141 4061 4061 4061 4062 4062 4062 4143 4143 4143 4061 4061 4061 4143 4143 4143 4142 4142 4142 4062 4062 4062 4063 4063 4063 4144 4144 4144 4062 4062 4062 4144 4144 4144 4143 4143 4143 4063 4063 4063 4064 4064 4064 4145 4145 4145 4063 4063 4063 4145 4145 4145 4144 4144 4144 4064 4064 4064 4065 4065 4065 4146 4146 4146 4064 4064 4064 4146 4146 4146 4145 4145 4145 4065 4065 4065 4066 4066 4066 4147 4147 4147 4065 4065 4065 4147 4147 4147 4146 4146 4146 4066 4066 4066 4067 4067 4067 4148 4148 4148 4066 4066 4066 4148 4148 4148 4147 4147 4147 4067 4067 4067 4068 4068 4068 4149 4149 4149 4067 4067 4067 4149 4149 4149 4148 4148 4148 4068 4068 4068 4069 4069 4069 4150 4150 4150 4068 4068 4068 4150 4150 4150 4149 4149 4149 4069 4069 4069 4070 4070 4070 4151 4151 4151 4069 4069 4069 4151 4151 4151 4150 4150 4150 4070 4070 4070 4071 4071 4071 4152 4152 4152 4070 4070 4070 4152 4152 4152 4151 4151 4151 4071 4071 4071 4072 4072 4072 4153 4153 4153 4071 4071 4071 4153 4153 4153 4152 4152 4152 4072 4072 4072 4073 4073 4073 4154 4154 4154 4072 4072 4072 4154 4154 4154 4153 4153 4153 4073 4073 4073 4074 4074 4074 4155 4155 4155 4073 4073 4073 4155 4155 4155 4154 4154 4154 4074 4074 4074 4075 4075 4075 4156 4156 4156 4074 4074 4074 4156 4156 4156 4155 4155 4155 4075 4075 4075 4076 4076 4076 4157 4157 4157 4075 4075 4075 4157 4157 4157 4156 4156 4156 4076 4076 4076 4077 4077 4077 4158 4158 4158 4076 4076 4076 4158 4158 4158 4157 4157 4157 4077 4077 4077 4078 4078 4078 4159 4159 4159 4077 4077 4077 4159 4159 4159 4158 4158 4158 4078 4078 4078 4079 4079 4079 4160 4160 4160 4078 4078 4078 4160 4160 4160 4159 4159 4159 4079 4079 4079 4080 4080 4080 4161 4161 4161 4079 4079 4079 4161 4161 4161 4160 4160 4160 4080 4080 4080 4081 4081 4081 4162 4162 4162 4080 4080 4080 4162 4162 4162 4161 4161 4161 4081 4081 4081 4082 4082 4082 4163 4163 4163 4081 4081 4081 4163 4163 4163 4162 4162 4162 4082 4082 4082 4083 4083 4083 4164 4164 4164 4082 4082 4082 4164 4164 4164 4163 4163 4163 4083 4083 4083 4084 4084 4084 4165 4165 4165 4083 4083 4083 4165 4165 4165 4164 4164 4164 4084 4084 4084 4085 4085 4085 4166 4166 4166 4084 4084 4084 4166 4166 4166 4165 4165 4165 4085 4085 4085 4086 4086 4086 4167 4167 4167 4085 4085 4085 4167 4167 4167 4166 4166 4166 4086 4086 4086 4087 4087 4087 4168 4168 4168 4086 4086 4086 4168 4168 4168 4167 4167 4167 4087 4087 4087 4088 4088 4088 4169 4169 4169 4087 4087 4087 4169 4169 4169 4168 4168 4168 4088 4088 4088 4089 4089 4089 4170 4170 4170 4088 4088 4088 4170 4170 4170 4169 4169 4169 4089 4089 4089 4090 4090 4090 4171 4171 4171 4089 4089 4089 4171 4171 4171 4170 4170 4170 4090 4090 4090 4091 4091 4091 4172 4172 4172 4090 4090 4090 4172 4172 4172 4171 4171 4171 4091 4091 4091 4092 4092 4092 4173 4173 4173 4091 4091 4091 4173 4173 4173 4172 4172 4172 4092 4092 4092 4093 4093 4093 4174 4174 4174 4092 4092 4092 4174 4174 4174 4173 4173 4173 4093 4093 4093 4094 4094 4094 4175 4175 4175 4093 4093 4093 4175 4175 4175 4174 4174 4174 4094 4094 4094 4095 4095 4095 4176 4176 4176 4094 4094 4094 4176 4176 4176 4175 4175 4175 4095 4095 4095 4096 4096 4096 4177 4177 4177 4095 4095 4095 4177 4177 4177 4176 4176 4176 4096 4096 4096 4097 4097 4097 4178 4178 4178 4096 4096 4096 4178 4178 4178 4177 4177 4177 4097 4097 4097 4098 4098 4098 4179 4179 4179 4097 4097 4097 4179 4179 4179 4178 4178 4178 4098 4098 4098 4099 4099 4099 4180 4180 4180 4098 4098 4098 4180 4180 4180 4179 4179 4179 4099 4099 4099 4100 4100 4100 4181 4181 4181 4099 4099 4099 4181 4181 4181 4180 4180 4180 4100 4100 4100 4101 4101 4101 4182 4182 4182 4100 4100 4100 4182 4182 4182 4181 4181 4181 4101 4101 4101 4102 4102 4102 4183 4183 4183 4101 4101 4101 4183 4183 4183 4182 4182 4182 4102 4102 4102 4103 4103 4103 4184 4184 4184 4102 4102 4102 4184 4184 4184 4183 4183 4183 4103 4103 4103 4104 4104 4104 4185 4185 4185 4103 4103 4103 4185 4185 4185 4184 4184 4184 4104 4104 4104 4105 4105 4105 4186 4186 4186 4104 4104 4104 4186 4186 4186 4185 4185 4185 4105 4105 4105 4106 4106 4106 4187 4187 4187 4105 4105 4105 4187 4187 4187 4186 4186 4186 4106 4106 4106 4107 4107 4107 4188 4188 4188 4106 4106 4106 4188 4188 4188 4187 4187 4187 4107 4107 4107 4108 4108 4108 4189 4189 4189 4107 4107 4107 4189 4189 4189 4188 4188 4188 4108 4108 4108 4109 4109 4109 4190 4190 4190 4108 4108 4108 4190 4190 4190 4189 4189 4189 4109 4109 4109 4110 4110 4110 4191 4191 4191 4109 4109 4109 4191 4191 4191 4190 4190 4190 4110 4110 4110 4111 4111 4111 4192 4192 4192 4110 4110 4110 4192 4192 4192 4191 4191 4191 4111 4111 4111 4112 4112 4112 4193 4193 4193 4111 4111 4111 4193 4193 4193 4192 4192 4192 4112 4112 4112 4113 4113 4113 4194 4194 4194 4112 4112 4112 4194 4194 4194 4193 4193 4193 4113 4113 4113 4114 4114 4114 4195 4195 4195 4113 4113 4113 4195 4195 4195 4194 4194 4194 4114 4114 4114 4115 4115 4115 4196 4196 4196 4114 4114 4114 4196 4196 4196 4195 4195 4195 4115 4115 4115 4116 4116 4116 4197 4197 4197 4115 4115 4115 4197 4197 4197 4196 4196 4196 4116 4116 4116 4117 4117 4117 4198 4198 4198 4116 4116 4116 4198 4198 4198 4197 4197 4197 4117 4117 4117 4118 4118 4118 4199 4199 4199 4117 4117 4117 4199 4199 4199 4198 4198 4198 4118 4118 4118 4119 4119 4119 4200 4200 4200 4118 4118 4118 4200 4200 4200 4199 4199 4199 4119 4119 4119 4120 4120 4120 4201 4201 4201 4119 4119 4119 4201 4201 4201 4200 4200 4200 4120 4120 4120 4121 4121 4121 4202 4202 4202 4120 4120 4120 4202 4202 4202 4201 4201 4201 4121 4121 4121 4122 4122 4122 4203 4203 4203 4121 4121 4121 4203 4203 4203 4202 4202 4202 4122 4122 4122 4123 4123 4123 4204 4204 4204 4122 4122 4122 4204 4204 4204 4203 4203 4203 4123 4123 4123 4124 4124 4124 4205 4205 4205 4123 4123 4123 4205 4205 4205 4204 4204 4204 4124 4124 4124 4125 4125 4125 4206 4206 4206 4124 4124 4124 4206 4206 4206 4205 4205 4205 4125 4125 4125 4126 4126 4126 4207 4207 4207 4125 4125 4125 4207 4207 4207 4206 4206 4206 4126 4126 4126 4127 4127 4127 4208 4208 4208 4126 4126 4126 4208 4208 4208 4207 4207 4207 4127 4127 4127 4128 4128 4128 4209 4209 4209 4127 4127 4127 4209 4209 4209 4208 4208 4208 4128 4128 4128 4129 4129 4129 4210 4210 4210 4128 4128 4128 4210 4210 4210 4209 4209 4209 4129 4129 4129 4130 4130 4130 4211 4211 4211 4129 4129 4129 4211 4211 4211 4210 4210 4210 4131 4131 4131 4132 4132 4132 4213 4213 4213 4131 4131 4131 4213 4213 4213 4212 4212 4212 4132 4132 4132 4133 4133 4133 4214 4214 4214 4132 4132 4132 4214 4214 4214 4213 4213 4213 4133 4133 4133 4134 4134 4134 4215 4215 4215 4133 4133 4133 4215 4215 4215 4214 4214 4214 4134 4134 4134 4135 4135 4135 4216 4216 4216 4134 4134 4134 4216 4216 4216 4215 4215 4215 4135 4135 4135 4136 4136 4136 4217 4217 4217 4135 4135 4135 4217 4217 4217 4216 4216 4216 4136 4136 4136 4137 4137 4137 4218 4218 4218 4136 4136 4136 4218 4218 4218 4217 4217 4217 4137 4137 4137 4138 4138 4138 4219 4219 4219 4137 4137 4137 4219 4219 4219 4218 4218 4218 4138 4138 4138 4139 4139 4139 4220 4220 4220 4138 4138 4138 4220 4220 4220 4219 4219 4219 4139 4139 4139 4140 4140 4140 4221 4221 4221 4139 4139 4139 4221 4221 4221 4220 4220 4220 4140 4140 4140 4141 4141 4141 4222 4222 4222 4140 4140 4140 4222 4222 4222 4221 4221 4221 4141 4141 4141 4142 4142 4142 4223 4223 4223 4141 4141 4141 4223 4223 4223 4222 4222 4222 4142 4142 4142 4143 4143 4143 4224 4224 4224 4142 4142 4142 4224 4224 4224 4223 4223 4223 4143 4143 4143 4144 4144 4144 4225 4225 4225 4143 4143 4143 4225 4225 4225 4224 4224 4224 4144 4144 4144 4145 4145 4145 4226 4226 4226 4144 4144 4144 4226 4226 4226 4225 4225 4225 4145 4145 4145 4146 4146 4146 4227 4227 4227 4145 4145 4145 4227 4227 4227 4226 4226 4226 4146 4146 4146 4147 4147 4147 4228 4228 4228 4146 4146 4146 4228 4228 4228 4227 4227 4227 4147 4147 4147 4148 4148 4148 4229 4229 4229 4147 4147 4147 4229 4229 4229 4228 4228 4228 4148 4148 4148 4149 4149 4149 4230 4230 4230 4148 4148 4148 4230 4230 4230 4229 4229 4229 4149 4149 4149 4150 4150 4150 4231 4231 4231 4149 4149 4149 4231 4231 4231 4230 4230 4230 4150 4150 4150 4151 4151 4151 4232 4232 4232 4150 4150 4150 4232 4232 4232 4231 4231 4231 4151 4151 4151 4152 4152 4152 4233 4233 4233 4151 4151 4151 4233 4233 4233 4232 4232 4232 4152 4152 4152 4153 4153 4153 4234 4234 4234 4152 4152 4152 4234 4234 4234 4233 4233 4233 4153 4153 4153 4154 4154 4154 4235 4235 4235 4153 4153 4153 4235 4235 4235 4234 4234 4234 4154 4154 4154 4155 4155 4155 4236 4236 4236 4154 4154 4154 4236 4236 4236 4235 4235 4235 4155 4155 4155 4156 4156 4156 4237 4237 4237 4155 4155 4155 4237 4237 4237 4236 4236 4236 4156 4156 4156 4157 4157 4157 4238 4238 4238 4156 4156 4156 4238 4238 4238 4237 4237 4237 4157 4157 4157 4158 4158 4158 4239 4239 4239 4157 4157 4157 4239 4239 4239 4238 4238 4238 4158 4158 4158 4159 4159 4159 4240 4240 4240 4158 4158 4158 4240 4240 4240 4239 4239 4239 4159 4159 4159 4160 4160 4160 4241 4241 4241 4159 4159 4159 4241 4241 4241 4240 4240 4240 4160 4160 4160 4161 4161 4161 4242 4242 4242 4160 4160 4160 4242 4242 4242 4241 4241 4241 4161 4161 4161 4162 4162 4162 4243 4243 4243 4161 4161 4161 4243 4243 4243 4242 4242 4242 4162 4162 4162 4163 4163 4163 4244 4244 4244 4162 4162 4162 4244 4244 4244 4243 4243 4243 4163 4163 4163 4164 4164 4164 4245 4245 4245 4163 4163 4163 4245 4245 4245 4244 4244 4244 4164 4164 4164 4165 4165 4165 4246 4246 4246 4164 4164 4164 4246 4246 4246 4245 4245 4245 4165 4165 4165 4166 4166 4166 4247 4247 4247 4165 4165 4165 4247 4247 4247 4246 4246 4246 4166 4166 4166 4167 4167 4167 4248 4248 4248 4166 4166 4166 4248 4248 4248 4247 4247 4247 4167 4167 4167 4168 4168 4168 4249 4249 4249 4167 4167 4167 4249 4249 4249 4248 4248 4248 4168 4168 4168 4169 4169 4169 4250 4250 4250 4168 4168 4168 4250 4250 4250 4249 4249 4249 4169 4169 4169 4170 4170 4170 4251 4251 4251 4169 4169 4169 4251 4251 4251 4250 4250 4250 4170 4170 4170 4171 4171 4171 4252 4252 4252 4170 4170 4170 4252 4252 4252 4251 4251 4251 4171 4171 4171 4172 4172 4172 4253 4253 4253 4171 4171 4171 4253 4253 4253 4252 4252 4252 4172 4172 4172 4173 4173 4173 4254 4254 4254 4172 4172 4172 4254 4254 4254 4253 4253 4253 4173 4173 4173 4174 4174 4174 4255 4255 4255 4173 4173 4173 4255 4255 4255 4254 4254 4254 4174 4174 4174 4175 4175 4175 4256 4256 4256 4174 4174 4174 4256 4256 4256 4255 4255 4255 4175 4175 4175 4176 4176 4176 4257 4257 4257 4175 4175 4175 4257 4257 4257 4256 4256 4256 4176 4176 4176 4177 4177 4177 4258 4258 4258 4176 4176 4176 4258 4258 4258 4257 4257 4257 4177 4177 4177 4178 4178 4178 4259 4259 4259 4177 4177 4177 4259 4259 4259 4258 4258 4258 4178 4178 4178 4179 4179 4179 4260 4260 4260 4178 4178 4178 4260 4260 4260 4259 4259 4259 4179 4179 4179 4180 4180 4180 4261 4261 4261 4179 4179 4179 4261 4261 4261 4260 4260 4260 4180 4180 4180 4181 4181 4181 4262 4262 4262 4180 4180 4180 4262 4262 4262 4261 4261 4261 4181 4181 4181 4182 4182 4182 4263 4263 4263 4181 4181 4181 4263 4263 4263 4262 4262 4262 4182 4182 4182 4183 4183 4183 4264 4264 4264 4182 4182 4182 4264 4264 4264 4263 4263 4263 4183 4183 4183 4184 4184 4184 4265 4265 4265 4183 4183 4183 4265 4265 4265 4264 4264 4264 4184 4184 4184 4185 4185 4185 4266 4266 4266 4184 4184 4184 4266 4266 4266 4265 4265 4265 4185 4185 4185 4186 4186 4186 4267 4267 4267 4185 4185 4185 4267 4267 4267 4266 4266 4266 4186 4186 4186 4187 4187 4187 4268 4268 4268 4186 4186 4186 4268 4268 4268 4267 4267 4267 4187 4187 4187 4188 4188 4188 4269 4269 4269 4187 4187 4187 4269 4269 4269 4268 4268 4268 4188 4188 4188 4189 4189 4189 4270 4270 4270 4188 4188 4188 4270 4270 4270 4269 4269 4269 4189 4189 4189 4190 4190 4190 4271 4271 4271 4189 4189 4189 4271 4271 4271 4270 4270 4270 4190 4190 4190 4191 4191 4191 4272 4272 4272 4190 4190 4190 4272 4272 4272 4271 4271 4271 4191 4191 4191 4192 4192 4192 4273 4273 4273 4191 4191 4191 4273 4273 4273 4272 4272 4272 4192 4192 4192 4193 4193 4193 4274 4274 4274 4192 4192 4192 4274 4274 4274 4273 4273 4273 4193 4193 4193 4194 4194 4194 4275 4275 4275 4193 4193 4193 4275 4275 4275 4274 4274 4274 4194 4194 4194 4195 4195 4195 4276 4276 4276 4194 4194 4194 4276 4276 4276 4275 4275 4275 4195 4195 4195 4196 4196 4196 4277 4277 4277 4195 4195 4195 4277 4277 4277 4276 4276 4276 4196 4196 4196 4197 4197 4197 4278 4278 4278 4196 4196 4196 4278 4278 4278 4277 4277 4277 4197 4197 4197 4198 4198 4198 4279 4279 4279 4197 4197 4197 4279 4279 4279 4278 4278 4278 4198 4198 4198 4199 4199 4199 4280 4280 4280 4198 4198 4198 4280 4280 4280 4279 4279 4279 4199 4199 4199 4200 4200 4200 4281 4281 4281 4199 4199 4199 4281 4281 4281 4280 4280 4280 4200 4200 4200 4201 4201 4201 4282 4282 4282 4200 4200 4200 4282 4282 4282 4281 4281 4281 4201 4201 4201 4202 4202 4202 4283 4283 4283 4201 4201 4201 4283 4283 4283 4282 4282 4282 4202 4202 4202 4203 4203 4203 4284 4284 4284 4202 4202 4202 4284 4284 4284 4283 4283 4283 4203 4203 4203 4204 4204 4204 4285 4285 4285 4203 4203 4203 4285 4285 4285 4284 4284 4284 4204 4204 4204 4205 4205 4205 4286 4286 4286 4204 4204 4204 4286 4286 4286 4285 4285 4285 4205 4205 4205 4206 4206 4206 4287 4287 4287 4205 4205 4205 4287 4287 4287 4286 4286 4286 4206 4206 4206 4207 4207 4207 4288 4288 4288 4206 4206 4206 4288 4288 4288 4287 4287 4287 4207 4207 4207 4208 4208 4208 4289 4289 4289 4207 4207 4207 4289 4289 4289 4288 4288 4288 4208 4208 4208 4209 4209 4209 4290 4290 4290 4208 4208 4208 4290 4290 4290 4289 4289 4289 4209 4209 4209 4210 4210 4210 4291 4291 4291 4209 4209 4209 4291 4291 4291 4290 4290 4290 4210 4210 4210 4211 4211 4211 4292 4292 4292 4210 4210 4210 4292 4292 4292 4291 4291 4291 4212 4212 4212 4213 4213 4213 4294 4294 4294 4212 4212 4212 4294 4294 4294 4293 4293 4293 4213 4213 4213 4214 4214 4214 4295 4295 4295 4213 4213 4213 4295 4295 4295 4294 4294 4294 4214 4214 4214 4215 4215 4215 4296 4296 4296 4214 4214 4214 4296 4296 4296 4295 4295 4295 4215 4215 4215 4216 4216 4216 4297 4297 4297 4215 4215 4215 4297 4297 4297 4296 4296 4296 4216 4216 4216 4217 4217 4217 4298 4298 4298 4216 4216 4216 4298 4298 4298 4297 4297 4297 4217 4217 4217 4218 4218 4218 4299 4299 4299 4217 4217 4217 4299 4299 4299 4298 4298 4298 4218 4218 4218 4219 4219 4219 4300 4300 4300 4218 4218 4218 4300 4300 4300 4299 4299 4299 4219 4219 4219 4220 4220 4220 4301 4301 4301 4219 4219 4219 4301 4301 4301 4300 4300 4300 4220 4220 4220 4221 4221 4221 4302 4302 4302 4220 4220 4220 4302 4302 4302 4301 4301 4301 4221 4221 4221 4222 4222 4222 4303 4303 4303 4221 4221 4221 4303 4303 4303 4302 4302 4302 4222 4222 4222 4223 4223 4223 4304 4304 4304 4222 4222 4222 4304 4304 4304 4303 4303 4303 4223 4223 4223 4224 4224 4224 4305 4305 4305 4223 4223 4223 4305 4305 4305 4304 4304 4304 4224 4224 4224 4225 4225 4225 4306 4306 4306 4224 4224 4224 4306 4306 4306 4305 4305 4305 4225 4225 4225 4226 4226 4226 4307 4307 4307 4225 4225 4225 4307 4307 4307 4306 4306 4306 4226 4226 4226 4227 4227 4227 4308 4308 4308 4226 4226 4226 4308 4308 4308 4307 4307 4307 4227 4227 4227 4228 4228 4228 4309 4309 4309 4227 4227 4227 4309 4309 4309 4308 4308 4308 4228 4228 4228 4229 4229 4229 4310 4310 4310 4228 4228 4228 4310 4310 4310 4309 4309 4309 4229 4229 4229 4230 4230 4230 4311 4311 4311 4229 4229 4229 4311 4311 4311 4310 4310 4310 4230 4230 4230 4231 4231 4231 4312 4312 4312 4230 4230 4230 4312 4312 4312 4311 4311 4311 4231 4231 4231 4232 4232 4232 4313 4313 4313 4231 4231 4231 4313 4313 4313 4312 4312 4312 4232 4232 4232 4233 4233 4233 4314 4314 4314 4232 4232 4232 4314 4314 4314 4313 4313 4313 4233 4233 4233 4234 4234 4234 4315 4315 4315 4233 4233 4233 4315 4315 4315 4314 4314 4314 4234 4234 4234 4235 4235 4235 4316 4316 4316 4234 4234 4234 4316 4316 4316 4315 4315 4315 4235 4235 4235 4236 4236 4236 4317 4317 4317 4235 4235 4235 4317 4317 4317 4316 4316 4316 4236 4236 4236 4237 4237 4237 4318 4318 4318 4236 4236 4236 4318 4318 4318 4317 4317 4317 4237 4237 4237 4238 4238 4238 4319 4319 4319 4237 4237 4237 4319 4319 4319 4318 4318 4318 4238 4238 4238 4239 4239 4239 4320 4320 4320 4238 4238 4238 4320 4320 4320 4319 4319 4319 4239 4239 4239 4240 4240 4240 4321 4321 4321 4239 4239 4239 4321 4321 4321 4320 4320 4320 4240 4240 4240 4241 4241 4241 4322 4322 4322 4240 4240 4240 4322 4322 4322 4321 4321 4321 4241 4241 4241 4242 4242 4242 4323 4323 4323 4241 4241 4241 4323 4323 4323 4322 4322 4322 4242 4242 4242 4243 4243 4243 4324 4324 4324 4242 4242 4242 4324 4324 4324 4323 4323 4323 4243 4243 4243 4244 4244 4244 4325 4325 4325 4243 4243 4243 4325 4325 4325 4324 4324 4324 4244 4244 4244 4245 4245 4245 4326 4326 4326 4244 4244 4244 4326 4326 4326 4325 4325 4325 4245 4245 4245 4246 4246 4246 4327 4327 4327 4245 4245 4245 4327 4327 4327 4326 4326 4326 4246 4246 4246 4247 4247 4247 4328 4328 4328 4246 4246 4246 4328 4328 4328 4327 4327 4327 4247 4247 4247 4248 4248 4248 4329 4329 4329 4247 4247 4247 4329 4329 4329 4328 4328 4328 4248 4248 4248 4249 4249 4249 4330 4330 4330 4248 4248 4248 4330 4330 4330 4329 4329 4329 4249 4249 4249 4250 4250 4250 4331 4331 4331 4249 4249 4249 4331 4331 4331 4330 4330 4330 4250 4250 4250 4251 4251 4251 4332 4332 4332 4250 4250 4250 4332 4332 4332 4331 4331 4331 4251 4251 4251 4252 4252 4252 4333 4333 4333 4251 4251 4251 4333 4333 4333 4332 4332 4332 4252 4252 4252 4253 4253 4253 4334 4334 4334 4252 4252 4252 4334 4334 4334 4333 4333 4333 4253 4253 4253 4254 4254 4254 4335 4335 4335 4253 4253 4253 4335 4335 4335 4334 4334 4334 4254 4254 4254 4255 4255 4255 4336 4336 4336 4254 4254 4254 4336 4336 4336 4335 4335 4335 4255 4255 4255 4256 4256 4256 4337 4337 4337 4255 4255 4255 4337 4337 4337 4336 4336 4336 4256 4256 4256 4257 4257 4257 4338 4338 4338 4256 4256 4256 4338 4338 4338 4337 4337 4337 4257 4257 4257 4258 4258 4258 4339 4339 4339 4257 4257 4257 4339 4339 4339 4338 4338 4338 4258 4258 4258 4259 4259 4259 4340 4340 4340 4258 4258 4258 4340 4340 4340 4339 4339 4339 4259 4259 4259 4260 4260 4260 4341 4341 4341 4259 4259 4259 4341 4341 4341 4340 4340 4340 4260 4260 4260 4261 4261 4261 4342 4342 4342 4260 4260 4260 4342 4342 4342 4341 4341 4341 4261 4261 4261 4262 4262 4262 4343 4343 4343 4261 4261 4261 4343 4343 4343 4342 4342 4342 4262 4262 4262 4263 4263 4263 4344 4344 4344 4262 4262 4262 4344 4344 4344 4343 4343 4343 4263 4263 4263 4264 4264 4264 4345 4345 4345 4263 4263 4263 4345 4345 4345 4344 4344 4344 4264 4264 4264 4265 4265 4265 4346 4346 4346 4264 4264 4264 4346 4346 4346 4345 4345 4345 4265 4265 4265 4266 4266 4266 4347 4347 4347 4265 4265 4265 4347 4347 4347 4346 4346 4346 4266 4266 4266 4267 4267 4267 4348 4348 4348 4266 4266 4266 4348 4348 4348 4347 4347 4347 4267 4267 4267 4268 4268 4268 4349 4349 4349 4267 4267 4267 4349 4349 4349 4348 4348 4348 4268 4268 4268 4269 4269 4269 4350 4350 4350 4268 4268 4268 4350 4350 4350 4349 4349 4349 4269 4269 4269 4270 4270 4270 4351 4351 4351 4269 4269 4269 4351 4351 4351 4350 4350 4350 4270 4270 4270 4271 4271 4271 4352 4352 4352 4270 4270 4270 4352 4352 4352 4351 4351 4351 4271 4271 4271 4272 4272 4272 4353 4353 4353 4271 4271 4271 4353 4353 4353 4352 4352 4352 4272 4272 4272 4273 4273 4273 4354 4354 4354 4272 4272 4272 4354 4354 4354 4353 4353 4353 4273 4273 4273 4274 4274 4274 4355 4355 4355 4273 4273 4273 4355 4355 4355 4354 4354 4354 4274 4274 4274 4275 4275 4275 4356 4356 4356 4274 4274 4274 4356 4356 4356 4355 4355 4355 4275 4275 4275 4276 4276 4276 4357 4357 4357 4275 4275 4275 4357 4357 4357 4356 4356 4356 4276 4276 4276 4277 4277 4277 4358 4358 4358 4276 4276 4276 4358 4358 4358 4357 4357 4357 4277 4277 4277 4278 4278 4278 4359 4359 4359 4277 4277 4277 4359 4359 4359 4358 4358 4358 4278 4278 4278 4279 4279 4279 4360 4360 4360 4278 4278 4278 4360 4360 4360 4359 4359 4359 4279 4279 4279 4280 4280 4280 4361 4361 4361 4279 4279 4279 4361 4361 4361 4360 4360 4360 4280 4280 4280 4281 4281 4281 4362 4362 4362 4280 4280 4280 4362 4362 4362 4361 4361 4361 4281 4281 4281 4282 4282 4282 4363 4363 4363 4281 4281 4281 4363 4363 4363 4362 4362 4362 4282 4282 4282 4283 4283 4283 4364 4364 4364 4282 4282 4282 4364 4364 4364 4363 4363 4363 4283 4283 4283 4284 4284 4284 4365 4365 4365 4283 4283 4283 4365 4365 4365 4364 4364 4364 4284 4284 4284 4285 4285 4285 4366 4366 4366 4284 4284 4284 4366 4366 4366 4365 4365 4365 4285 4285 4285 4286 4286 4286 4367 4367 4367 4285 4285 4285 4367 4367 4367 4366 4366 4366 4286 4286 4286 4287 4287 4287 4368 4368 4368 4286 4286 4286 4368 4368 4368 4367 4367 4367 4287 4287 4287 4288 4288 4288 4369 4369 4369 4287 4287 4287 4369 4369 4369 4368 4368 4368 4288 4288 4288 4289 4289 4289 4370 4370 4370 4288 4288 4288 4370 4370 4370 4369 4369 4369 4289 4289 4289 4290 4290 4290 4371 4371 4371 4289 4289 4289 4371 4371 4371 4370 4370 4370 4290 4290 4290 4291 4291 4291 4372 4372 4372 4290 4290 4290 4372 4372 4372 4371 4371 4371 4291 4291 4291 4292 4292 4292 4373 4373 4373 4291 4291 4291 4373 4373 4373 4372 4372 4372 4293 4293 4293 4294 4294 4294 4375 4375 4375 4293 4293 4293 4375 4375 4375 4374 4374 4374 4294 4294 4294 4295 4295 4295 4376 4376 4376 4294 4294 4294 4376 4376 4376 4375 4375 4375 4295 4295 4295 4296 4296 4296 4377 4377 4377 4295 4295 4295 4377 4377 4377 4376 4376 4376 4296 4296 4296 4297 4297 4297 4378 4378 4378 4296 4296 4296 4378 4378 4378 4377 4377 4377 4297 4297 4297 4298 4298 4298 4379 4379 4379 4297 4297 4297 4379 4379 4379 4378 4378 4378 4298 4298 4298 4299 4299 4299 4380 4380 4380 4298 4298 4298 4380 4380 4380 4379 4379 4379 4299 4299 4299 4300 4300 4300 4381 4381 4381 4299 4299 4299 4381 4381 4381 4380 4380 4380 4300 4300 4300 4301 4301 4301 4382 4382 4382 4300 4300 4300 4382 4382 4382 4381 4381 4381 4301 4301 4301 4302 4302 4302 4383 4383 4383 4301 4301 4301 4383 4383 4383 4382 4382 4382 4302 4302 4302 4303 4303 4303 4384 4384 4384 4302 4302 4302 4384 4384 4384 4383 4383 4383 4303 4303 4303 4304 4304 4304 4385 4385 4385 4303 4303 4303 4385 4385 4385 4384 4384 4384 4304 4304 4304 4305 4305 4305 4386 4386 4386 4304 4304 4304 4386 4386 4386 4385 4385 4385 4305 4305 4305 4306 4306 4306 4387 4387 4387 4305 4305 4305 4387 4387 4387 4386 4386 4386 4306 4306 4306 4307 4307 4307 4388 4388 4388 4306 4306 4306 4388 4388 4388 4387 4387 4387 4307 4307 4307 4308 4308 4308 4389 4389 4389 4307 4307 4307 4389 4389 4389 4388 4388 4388 4308 4308 4308 4309 4309 4309 4390 4390 4390 4308 4308 4308 4390 4390 4390 4389 4389 4389 4309 4309 4309 4310 4310 4310 4391 4391 4391 4309 4309 4309 4391 4391 4391 4390 4390 4390 4310 4310 4310 4311 4311 4311 4392 4392 4392 4310 4310 4310 4392 4392 4392 4391 4391 4391 4311 4311 4311 4312 4312 4312 4393 4393 4393 4311 4311 4311 4393 4393 4393 4392 4392 4392 4312 4312 4312 4313 4313 4313 4394 4394 4394 4312 4312 4312 4394 4394 4394 4393 4393 4393 4313 4313 4313 4314 4314 4314 4395 4395 4395 4313 4313 4313 4395 4395 4395 4394 4394 4394 4314 4314 4314 4315 4315 4315 4396 4396 4396 4314 4314 4314 4396 4396 4396 4395 4395 4395 4315 4315 4315 4316 4316 4316 4397 4397 4397 4315 4315 4315 4397 4397 4397 4396 4396 4396 4316 4316 4316 4317 4317 4317 4398 4398 4398 4316 4316 4316 4398 4398 4398 4397 4397 4397 4317 4317 4317 4318 4318 4318 4399 4399 4399 4317 4317 4317 4399 4399 4399 4398 4398 4398 4318 4318 4318 4319 4319 4319 4400 4400 4400 4318 4318 4318 4400 4400 4400 4399 4399 4399 4319 4319 4319 4320 4320 4320 4401 4401 4401 4319 4319 4319 4401 4401 4401 4400 4400 4400 4320 4320 4320 4321 4321 4321 4402 4402 4402 4320 4320 4320 4402 4402 4402 4401 4401 4401 4321 4321 4321 4322 4322 4322 4403 4403 4403 4321 4321 4321 4403 4403 4403 4402 4402 4402 4322 4322 4322 4323 4323 4323 4404 4404 4404 4322 4322 4322 4404 4404 4404 4403 4403 4403 4323 4323 4323 4324 4324 4324 4405 4405 4405 4323 4323 4323 4405 4405 4405 4404 4404 4404 4324 4324 4324 4325 4325 4325 4406 4406 4406 4324 4324 4324 4406 4406 4406 4405 4405 4405 4325 4325 4325 4326 4326 4326 4407 4407 4407 4325 4325 4325 4407 4407 4407 4406 4406 4406 4326 4326 4326 4327 4327 4327 4408 4408 4408 4326 4326 4326 4408 4408 4408 4407 4407 4407 4327 4327 4327 4328 4328 4328 4409 4409 4409 4327 4327 4327 4409 4409 4409 4408 4408 4408 4328 4328 4328 4329 4329 4329 4410 4410 4410 4328 4328 4328 4410 4410 4410 4409 4409 4409 4329 4329 4329 4330 4330 4330 4411 4411 4411 4329 4329 4329 4411 4411 4411 4410 4410 4410 4330 4330 4330 4331 4331 4331 4412 4412 4412 4330 4330 4330 4412 4412 4412 4411 4411 4411 4331 4331 4331 4332 4332 4332 4413 4413 4413 4331 4331 4331 4413 4413 4413 4412 4412 4412 4332 4332 4332 4333 4333 4333 4414 4414 4414 4332 4332 4332 4414 4414 4414 4413 4413 4413 4333 4333 4333 4334 4334 4334 4415 4415 4415 4333 4333 4333 4415 4415 4415 4414 4414 4414 4334 4334 4334 4335 4335 4335 4416 4416 4416 4334 4334 4334 4416 4416 4416 4415 4415 4415 4335 4335 4335 4336 4336 4336 4417 4417 4417 4335 4335 4335 4417 4417 4417 4416 4416 4416 4336 4336 4336 4337 4337 4337 4418 4418 4418 4336 4336 4336 4418 4418 4418 4417 4417 4417 4337 4337 4337 4338 4338 4338 4419 4419 4419 4337 4337 4337 4419 4419 4419 4418 4418 4418 4338 4338 4338 4339 4339 4339 4420 4420 4420 4338 4338 4338 4420 4420 4420 4419 4419 4419 4339 4339 4339 4340 4340 4340 4421 4421 4421 4339 4339 4339 4421 4421 4421 4420 4420 4420 4340 4340 4340 4341 4341 4341 4422 4422 4422 4340 4340 4340 4422 4422 4422 4421 4421 4421 4341 4341 4341 4342 4342 4342 4423 4423 4423 4341 4341 4341 4423 4423 4423 4422 4422 4422 4342 4342 4342 4343 4343 4343 4424 4424 4424 4342 4342 4342 4424 4424 4424 4423 4423 4423 4343 4343 4343 4344 4344 4344 4425 4425 4425 4343 4343 4343 4425 4425 4425 4424 4424 4424 4344 4344 4344 4345 4345 4345 4426 4426 4426 4344 4344 4344 4426 4426 4426 4425 4425 4425 4345 4345 4345 4346 4346 4346 4427 4427 4427 4345 4345 4345 4427 4427 4427 4426 4426 4426 4346 4346 4346 4347 4347 4347 4428 4428 4428 4346 4346 4346 4428 4428 4428 4427 4427 4427 4347 4347 4347 4348 4348 4348 4429 4429 4429 4347 4347 4347 4429 4429 4429 4428 4428 4428 4348 4348 4348 4349 4349 4349 4430 4430 4430 4348 4348 4348 4430 4430 4430 4429 4429 4429 4349 4349 4349 4350 4350 4350 4431 4431 4431 4349 4349 4349 4431 4431 4431 4430 4430 4430 4350 4350 4350 4351 4351 4351 4432 4432 4432 4350 4350 4350 4432 4432 4432 4431 4431 4431 4351 4351 4351 4352 4352 4352 4433 4433 4433 4351 4351 4351 4433 4433 4433 4432 4432 4432 4352 4352 4352 4353 4353 4353 4434 4434 4434 4352 4352 4352 4434 4434 4434 4433 4433 4433 4353 4353 4353 4354 4354 4354 4435 4435 4435 4353 4353 4353 4435 4435 4435 4434 4434 4434 4354 4354 4354 4355 4355 4355 4436 4436 4436 4354 4354 4354 4436 4436 4436 4435 4435 4435 4355 4355 4355 4356 4356 4356 4437 4437 4437 4355 4355 4355 4437 4437 4437 4436 4436 4436 4356 4356 4356 4357 4357 4357 4438 4438 4438 4356 4356 4356 4438 4438 4438 4437 4437 4437 4357 4357 4357 4358 4358 4358 4439 4439 4439 4357 4357 4357 4439 4439 4439 4438 4438 4438 4358 4358 4358 4359 4359 4359 4440 4440 4440 4358 4358 4358 4440 4440 4440 4439 4439 4439 4359 4359 4359 4360 4360 4360 4441 4441 4441 4359 4359 4359 4441 4441 4441 4440 4440 4440 4360 4360 4360 4361 4361 4361 4442 4442 4442 4360 4360 4360 4442 4442 4442 4441 4441 4441 4361 4361 4361 4362 4362 4362 4443 4443 4443 4361 4361 4361 4443 4443 4443 4442 4442 4442 4362 4362 4362 4363 4363 4363 4444 4444 4444 4362 4362 4362 4444 4444 4444 4443 4443 4443 4363 4363 4363 4364 4364 4364 4445 4445 4445 4363 4363 4363 4445 4445 4445 4444 4444 4444 4364 4364 4364 4365 4365 4365 4446 4446 4446 4364 4364 4364 4446 4446 4446 4445 4445 4445 4365 4365 4365 4366 4366 4366 4447 4447 4447 4365 4365 4365 4447 4447 4447 4446 4446 4446 4366 4366 4366 4367 4367 4367 4448 4448 4448 4366 4366 4366 4448 4448 4448 4447 4447 4447 4367 4367 4367 4368 4368 4368 4449 4449 4449 4367 4367 4367 4449 4449 4449 4448 4448 4448 4368 4368 4368 4369 4369 4369 4450 4450 4450 4368 4368 4368 4450 4450 4450 4449 4449 4449 4369 4369 4369 4370 4370 4370 4451 4451 4451 4369 4369 4369 4451 4451 4451 4450 4450 4450 4370 4370 4370 4371 4371 4371 4452 4452 4452 4370 4370 4370 4452 4452 4452 4451 4451 4451 4371 4371 4371 4372 4372 4372 4453 4453 4453 4371 4371 4371 4453 4453 4453 4452 4452 4452 4372 4372 4372 4373 4373 4373 4454 4454 4454 4372 4372 4372 4454 4454 4454 4453 4453 4453 4374 4374 4374 4375 4375 4375 4456 4456 4456 4374 4374 4374 4456 4456 4456 4455 4455 4455 4375 4375 4375 4376 4376 4376 4457 4457 4457 4375 4375 4375 4457 4457 4457 4456 4456 4456 4376 4376 4376 4377 4377 4377 4458 4458 4458 4376 4376 4376 4458 4458 4458 4457 4457 4457 4377 4377 4377 4378 4378 4378 4459 4459 4459 4377 4377 4377 4459 4459 4459 4458 4458 4458 4378 4378 4378 4379 4379 4379 4460 4460 4460 4378 4378 4378 4460 4460 4460 4459 4459 4459 4379 4379 4379 4380 4380 4380 4461 4461 4461 4379 4379 4379 4461 4461 4461 4460 4460 4460 4380 4380 4380 4381 4381 4381 4462 4462 4462 4380 4380 4380 4462 4462 4462 4461 4461 4461 4381 4381 4381 4382 4382 4382 4463 4463 4463 4381 4381 4381 4463 4463 4463 4462 4462 4462 4382 4382 4382 4383 4383 4383 4464 4464 4464 4382 4382 4382 4464 4464 4464 4463 4463 4463 4383 4383 4383 4384 4384 4384 4465 4465 4465 4383 4383 4383 4465 4465 4465 4464 4464 4464 4384 4384 4384 4385 4385 4385 4466 4466 4466 4384 4384 4384 4466 4466 4466 4465 4465 4465 4385 4385 4385 4386 4386 4386 4467 4467 4467 4385 4385 4385 4467 4467 4467 4466 4466 4466 4386 4386 4386 4387 4387 4387 4468 4468 4468 4386 4386 4386 4468 4468 4468 4467 4467 4467 4387 4387 4387 4388 4388 4388 4469 4469 4469 4387 4387 4387 4469 4469 4469 4468 4468 4468 4388 4388 4388 4389 4389 4389 4470 4470 4470 4388 4388 4388 4470 4470 4470 4469 4469 4469 4389 4389 4389 4390 4390 4390 4471 4471 4471 4389 4389 4389 4471 4471 4471 4470 4470 4470 4390 4390 4390 4391 4391 4391 4472 4472 4472 4390 4390 4390 4472 4472 4472 4471 4471 4471 4391 4391 4391 4392 4392 4392 4473 4473 4473 4391 4391 4391 4473 4473 4473 4472 4472 4472 4392 4392 4392 4393 4393 4393 4474 4474 4474 4392 4392 4392 4474 4474 4474 4473 4473 4473 4393 4393 4393 4394 4394 4394 4475 4475 4475 4393 4393 4393 4475 4475 4475 4474 4474 4474 4394 4394 4394 4395 4395 4395 4476 4476 4476 4394 4394 4394 4476 4476 4476 4475 4475 4475 4395 4395 4395 4396 4396 4396 4477 4477 4477 4395 4395 4395 4477 4477 4477 4476 4476 4476 4396 4396 4396 4397 4397 4397 4478 4478 4478 4396 4396 4396 4478 4478 4478 4477 4477 4477 4397 4397 4397 4398 4398 4398 4479 4479 4479 4397 4397 4397 4479 4479 4479 4478 4478 4478 4398 4398 4398 4399 4399 4399 4480 4480 4480 4398 4398 4398 4480 4480 4480 4479 4479 4479 4399 4399 4399 4400 4400 4400 4481 4481 4481 4399 4399 4399 4481 4481 4481 4480 4480 4480 4400 4400 4400 4401 4401 4401 4482 4482 4482 4400 4400 4400 4482 4482 4482 4481 4481 4481 4401 4401 4401 4402 4402 4402 4483 4483 4483 4401 4401 4401 4483 4483 4483 4482 4482 4482 4402 4402 4402 4403 4403 4403 4484 4484 4484 4402 4402 4402 4484 4484 4484 4483 4483 4483 4403 4403 4403 4404 4404 4404 4485 4485 4485 4403 4403 4403 4485 4485 4485 4484 4484 4484 4404 4404 4404 4405 4405 4405 4486 4486 4486 4404 4404 4404 4486 4486 4486 4485 4485 4485 4405 4405 4405 4406 4406 4406 4487 4487 4487 4405 4405 4405 4487 4487 4487 4486 4486 4486 4406 4406 4406 4407 4407 4407 4488 4488 4488 4406 4406 4406 4488 4488 4488 4487 4487 4487 4407 4407 4407 4408 4408 4408 4489 4489 4489 4407 4407 4407 4489 4489 4489 4488 4488 4488 4408 4408 4408 4409 4409 4409 4490 4490 4490 4408 4408 4408 4490 4490 4490 4489 4489 4489 4409 4409 4409 4410 4410 4410 4491 4491 4491 4409 4409 4409 4491 4491 4491 4490 4490 4490 4410 4410 4410 4411 4411 4411 4492 4492 4492 4410 4410 4410 4492 4492 4492 4491 4491 4491 4411 4411 4411 4412 4412 4412 4493 4493 4493 4411 4411 4411 4493 4493 4493 4492 4492 4492 4412 4412 4412 4413 4413 4413 4494 4494 4494 4412 4412 4412 4494 4494 4494 4493 4493 4493 4413 4413 4413 4414 4414 4414 4495 4495 4495 4413 4413 4413 4495 4495 4495 4494 4494 4494 4414 4414 4414 4415 4415 4415 4496 4496 4496 4414 4414 4414 4496 4496 4496 4495 4495 4495 4415 4415 4415 4416 4416 4416 4497 4497 4497 4415 4415 4415 4497 4497 4497 4496 4496 4496 4416 4416 4416 4417 4417 4417 4498 4498 4498 4416 4416 4416 4498 4498 4498 4497 4497 4497 4417 4417 4417 4418 4418 4418 4499 4499 4499 4417 4417 4417 4499 4499 4499 4498 4498 4498 4418 4418 4418 4419 4419 4419 4500 4500 4500 4418 4418 4418 4500 4500 4500 4499 4499 4499 4419 4419 4419 4420 4420 4420 4501 4501 4501 4419 4419 4419 4501 4501 4501 4500 4500 4500 4420 4420 4420 4421 4421 4421 4502 4502 4502 4420 4420 4420 4502 4502 4502 4501 4501 4501 4421 4421 4421 4422 4422 4422 4503 4503 4503 4421 4421 4421 4503 4503 4503 4502 4502 4502 4422 4422 4422 4423 4423 4423 4504 4504 4504 4422 4422 4422 4504 4504 4504 4503 4503 4503 4423 4423 4423 4424 4424 4424 4505 4505 4505 4423 4423 4423 4505 4505 4505 4504 4504 4504 4424 4424 4424 4425 4425 4425 4506 4506 4506 4424 4424 4424 4506 4506 4506 4505 4505 4505 4425 4425 4425 4426 4426 4426 4507 4507 4507 4425 4425 4425 4507 4507 4507 4506 4506 4506 4426 4426 4426 4427 4427 4427 4508 4508 4508 4426 4426 4426 4508 4508 4508 4507 4507 4507 4427 4427 4427 4428 4428 4428 4509 4509 4509 4427 4427 4427 4509 4509 4509 4508 4508 4508 4428 4428 4428 4429 4429 4429 4510 4510 4510 4428 4428 4428 4510 4510 4510 4509 4509 4509 4429 4429 4429 4430 4430 4430 4511 4511 4511 4429 4429 4429 4511 4511 4511 4510 4510 4510 4430 4430 4430 4431 4431 4431 4512 4512 4512 4430 4430 4430 4512 4512 4512 4511 4511 4511 4431 4431 4431 4432 4432 4432 4513 4513 4513 4431 4431 4431 4513 4513 4513 4512 4512 4512 4432 4432 4432 4433 4433 4433 4514 4514 4514 4432 4432 4432 4514 4514 4514 4513 4513 4513 4433 4433 4433 4434 4434 4434 4515 4515 4515 4433 4433 4433 4515 4515 4515 4514 4514 4514 4434 4434 4434 4435 4435 4435 4516 4516 4516 4434 4434 4434 4516 4516 4516 4515 4515 4515 4435 4435 4435 4436 4436 4436 4517 4517 4517 4435 4435 4435 4517 4517 4517 4516 4516 4516 4436 4436 4436 4437 4437 4437 4518 4518 4518 4436 4436 4436 4518 4518 4518 4517 4517 4517 4437 4437 4437 4438 4438 4438 4519 4519 4519 4437 4437 4437 4519 4519 4519 4518 4518 4518 4438 4438 4438 4439 4439 4439 4520 4520 4520 4438 4438 4438 4520 4520 4520 4519 4519 4519 4439 4439 4439 4440 4440 4440 4521 4521 4521 4439 4439 4439 4521 4521 4521 4520 4520 4520 4440 4440 4440 4441 4441 4441 4522 4522 4522 4440 4440 4440 4522 4522 4522 4521 4521 4521 4441 4441 4441 4442 4442 4442 4523 4523 4523 4441 4441 4441 4523 4523 4523 4522 4522 4522 4442 4442 4442 4443 4443 4443 4524 4524 4524 4442 4442 4442 4524 4524 4524 4523 4523 4523 4443 4443 4443 4444 4444 4444 4525 4525 4525 4443 4443 4443 4525 4525 4525 4524 4524 4524 4444 4444 4444 4445 4445 4445 4526 4526 4526 4444 4444 4444 4526 4526 4526 4525 4525 4525 4445 4445 4445 4446 4446 4446 4527 4527 4527 4445 4445 4445 4527 4527 4527 4526 4526 4526 4446 4446 4446 4447 4447 4447 4528 4528 4528 4446 4446 4446 4528 4528 4528 4527 4527 4527 4447 4447 4447 4448 4448 4448 4529 4529 4529 4447 4447 4447 4529 4529 4529 4528 4528 4528 4448 4448 4448 4449 4449 4449 4530 4530 4530 4448 4448 4448 4530 4530 4530 4529 4529 4529 4449 4449 4449 4450 4450 4450 4531 4531 4531 4449 4449 4449 4531 4531 4531 4530 4530 4530 4450 4450 4450 4451 4451 4451 4532 4532 4532 4450 4450 4450 4532 4532 4532 4531 4531 4531 4451 4451 4451 4452 4452 4452 4533 4533 4533 4451 4451 4451 4533 4533 4533 4532 4532 4532 4452 4452 4452 4453 4453 4453 4534 4534 4534 4452 4452 4452 4534 4534 4534 4533 4533 4533 4453 4453 4453 4454 4454 4454 4535 4535 4535 4453 4453 4453 4535 4535 4535 4534 4534 4534 4455 4455 4455 4456 4456 4456 4537 4537 4537 4455 4455 4455 4537 4537 4537 4536 4536 4536 4456 4456 4456 4457 4457 4457 4538 4538 4538 4456 4456 4456 4538 4538 4538 4537 4537 4537 4457 4457 4457 4458 4458 4458 4539 4539 4539 4457 4457 4457 4539 4539 4539 4538 4538 4538 4458 4458 4458 4459 4459 4459 4540 4540 4540 4458 4458 4458 4540 4540 4540 4539 4539 4539 4459 4459 4459 4460 4460 4460 4541 4541 4541 4459 4459 4459 4541 4541 4541 4540 4540 4540 4460 4460 4460 4461 4461 4461 4542 4542 4542 4460 4460 4460 4542 4542 4542 4541 4541 4541 4461 4461 4461 4462 4462 4462 4543 4543 4543 4461 4461 4461 4543 4543 4543 4542 4542 4542 4462 4462 4462 4463 4463 4463 4544 4544 4544 4462 4462 4462 4544 4544 4544 4543 4543 4543 4463 4463 4463 4464 4464 4464 4545 4545 4545 4463 4463 4463 4545 4545 4545 4544 4544 4544 4464 4464 4464 4465 4465 4465 4546 4546 4546 4464 4464 4464 4546 4546 4546 4545 4545 4545 4465 4465 4465 4466 4466 4466 4547 4547 4547 4465 4465 4465 4547 4547 4547 4546 4546 4546 4466 4466 4466 4467 4467 4467 4548 4548 4548 4466 4466 4466 4548 4548 4548 4547 4547 4547 4467 4467 4467 4468 4468 4468 4549 4549 4549 4467 4467 4467 4549 4549 4549 4548 4548 4548 4468 4468 4468 4469 4469 4469 4550 4550 4550 4468 4468 4468 4550 4550 4550 4549 4549 4549 4469 4469 4469 4470 4470 4470 4551 4551 4551 4469 4469 4469 4551 4551 4551 4550 4550 4550 4470 4470 4470 4471 4471 4471 4552 4552 4552 4470 4470 4470 4552 4552 4552 4551 4551 4551 4471 4471 4471 4472 4472 4472 4553 4553 4553 4471 4471 4471 4553 4553 4553 4552 4552 4552 4472 4472 4472 4473 4473 4473 4554 4554 4554 4472 4472 4472 4554 4554 4554 4553 4553 4553 4473 4473 4473 4474 4474 4474 4555 4555 4555 4473 4473 4473 4555 4555 4555 4554 4554 4554 4474 4474 4474 4475 4475 4475 4556 4556 4556 4474 4474 4474 4556 4556 4556 4555 4555 4555 4475 4475 4475 4476 4476 4476 4557 4557 4557 4475 4475 4475 4557 4557 4557 4556 4556 4556 4476 4476 4476 4477 4477 4477 4558 4558 4558 4476 4476 4476 4558 4558 4558 4557 4557 4557 4477 4477 4477 4478 4478 4478 4559 4559 4559 4477 4477 4477 4559 4559 4559 4558 4558 4558 4478 4478 4478 4479 4479 4479 4560 4560 4560 4478 4478 4478 4560 4560 4560 4559 4559 4559 4479 4479 4479 4480 4480 4480 4561 4561 4561 4479 4479 4479 4561 4561 4561 4560 4560 4560 4480 4480 4480 4481 4481 4481 4562 4562 4562 4480 4480 4480 4562 4562 4562 4561 4561 4561 4481 4481 4481 4482 4482 4482 4563 4563 4563 4481 4481 4481 4563 4563 4563 4562 4562 4562 4482 4482 4482 4483 4483 4483 4564 4564 4564 4482 4482 4482 4564 4564 4564 4563 4563 4563 4483 4483 4483 4484 4484 4484 4565 4565 4565 4483 4483 4483 4565 4565 4565 4564 4564 4564 4484 4484 4484 4485 4485 4485 4566 4566 4566 4484 4484 4484 4566 4566 4566 4565 4565 4565 4485 4485 4485 4486 4486 4486 4567 4567 4567 4485 4485 4485 4567 4567 4567 4566 4566 4566 4486 4486 4486 4487 4487 4487 4568 4568 4568 4486 4486 4486 4568 4568 4568 4567 4567 4567 4487 4487 4487 4488 4488 4488 4569 4569 4569 4487 4487 4487 4569 4569 4569 4568 4568 4568 4488 4488 4488 4489 4489 4489 4570 4570 4570 4488 4488 4488 4570 4570 4570 4569 4569 4569 4489 4489 4489 4490 4490 4490 4571 4571 4571 4489 4489 4489 4571 4571 4571 4570 4570 4570 4490 4490 4490 4491 4491 4491 4572 4572 4572 4490 4490 4490 4572 4572 4572 4571 4571 4571 4491 4491 4491 4492 4492 4492 4573 4573 4573 4491 4491 4491 4573 4573 4573 4572 4572 4572 4492 4492 4492 4493 4493 4493 4574 4574 4574 4492 4492 4492 4574 4574 4574 4573 4573 4573 4493 4493 4493 4494 4494 4494 4575 4575 4575 4493 4493 4493 4575 4575 4575 4574 4574 4574 4494 4494 4494 4495 4495 4495 4576 4576 4576 4494 4494 4494 4576 4576 4576 4575 4575 4575 4495 4495 4495 4496 4496 4496 4577 4577 4577 4495 4495 4495 4577 4577 4577 4576 4576 4576 4496 4496 4496 4497 4497 4497 4578 4578 4578 4496 4496 4496 4578 4578 4578 4577 4577 4577 4497 4497 4497 4498 4498 4498 4579 4579 4579 4497 4497 4497 4579 4579 4579 4578 4578 4578 4498 4498 4498 4499 4499 4499 4580 4580 4580 4498 4498 4498 4580 4580 4580 4579 4579 4579 4499 4499 4499 4500 4500 4500 4581 4581 4581 4499 4499 4499 4581 4581 4581 4580 4580 4580 4500 4500 4500 4501 4501 4501 4582 4582 4582 4500 4500 4500 4582 4582 4582 4581 4581 4581 4501 4501 4501 4502 4502 4502 4583 4583 4583 4501 4501 4501 4583 4583 4583 4582 4582 4582 4502 4502 4502 4503 4503 4503 4584 4584 4584 4502 4502 4502 4584 4584 4584 4583 4583 4583 4503 4503 4503 4504 4504 4504 4585 4585 4585 4503 4503 4503 4585 4585 4585 4584 4584 4584 4504 4504 4504 4505 4505 4505 4586 4586 4586 4504 4504 4504 4586 4586 4586 4585 4585 4585 4505 4505 4505 4506 4506 4506 4587 4587 4587 4505 4505 4505 4587 4587 4587 4586 4586 4586 4506 4506 4506 4507 4507 4507 4588 4588 4588 4506 4506 4506 4588 4588 4588 4587 4587 4587 4507 4507 4507 4508 4508 4508 4589 4589 4589 4507 4507 4507 4589 4589 4589 4588 4588 4588 4508 4508 4508 4509 4509 4509 4590 4590 4590 4508 4508 4508 4590 4590 4590 4589 4589 4589 4509 4509 4509 4510 4510 4510 4591 4591 4591 4509 4509 4509 4591 4591 4591 4590 4590 4590 4510 4510 4510 4511 4511 4511 4592 4592 4592 4510 4510 4510 4592 4592 4592 4591 4591 4591 4511 4511 4511 4512 4512 4512 4593 4593 4593 4511 4511 4511 4593 4593 4593 4592 4592 4592 4512 4512 4512 4513 4513 4513 4594 4594 4594 4512 4512 4512 4594 4594 4594 4593 4593 4593 4513 4513 4513 4514 4514 4514 4595 4595 4595 4513 4513 4513 4595 4595 4595 4594 4594 4594 4514 4514 4514 4515 4515 4515 4596 4596 4596 4514 4514 4514 4596 4596 4596 4595 4595 4595 4515 4515 4515 4516 4516 4516 4597 4597 4597 4515 4515 4515 4597 4597 4597 4596 4596 4596 4516 4516 4516 4517 4517 4517 4598 4598 4598 4516 4516 4516 4598 4598 4598 4597 4597 4597 4517 4517 4517 4518 4518 4518 4599 4599 4599 4517 4517 4517 4599 4599 4599 4598 4598 4598 4518 4518 4518 4519 4519 4519 4600 4600 4600 4518 4518 4518 4600 4600 4600 4599 4599 4599 4519 4519 4519 4520 4520 4520 4601 4601 4601 4519 4519 4519 4601 4601 4601 4600 4600 4600 4520 4520 4520 4521 4521 4521 4602 4602 4602 4520 4520 4520 4602 4602 4602 4601 4601 4601 4521 4521 4521 4522 4522 4522 4603 4603 4603 4521 4521 4521 4603 4603 4603 4602 4602 4602 4522 4522 4522 4523 4523 4523 4604 4604 4604 4522 4522 4522 4604 4604 4604 4603 4603 4603 4523 4523 4523 4524 4524 4524 4605 4605 4605 4523 4523 4523 4605 4605 4605 4604 4604 4604 4524 4524 4524 4525 4525 4525 4606 4606 4606 4524 4524 4524 4606 4606 4606 4605 4605 4605 4525 4525 4525 4526 4526 4526 4607 4607 4607 4525 4525 4525 4607 4607 4607 4606 4606 4606 4526 4526 4526 4527 4527 4527 4608 4608 4608 4526 4526 4526 4608 4608 4608 4607 4607 4607 4527 4527 4527 4528 4528 4528 4609 4609 4609 4527 4527 4527 4609 4609 4609 4608 4608 4608 4528 4528 4528 4529 4529 4529 4610 4610 4610 4528 4528 4528 4610 4610 4610 4609 4609 4609 4529 4529 4529 4530 4530 4530 4611 4611 4611 4529 4529 4529 4611 4611 4611 4610 4610 4610 4530 4530 4530 4531 4531 4531 4612 4612 4612 4530 4530 4530 4612 4612 4612 4611 4611 4611 4531 4531 4531 4532 4532 4532 4613 4613 4613 4531 4531 4531 4613 4613 4613 4612 4612 4612 4532 4532 4532 4533 4533 4533 4614 4614 4614 4532 4532 4532 4614 4614 4614 4613 4613 4613 4533 4533 4533 4534 4534 4534 4615 4615 4615 4533 4533 4533 4615 4615 4615 4614 4614 4614 4534 4534 4534 4535 4535 4535 4616 4616 4616 4534 4534 4534 4616 4616 4616 4615 4615 4615 4536 4536 4536 4537 4537 4537 4618 4618 4618 4536 4536 4536 4618 4618 4618 4617 4617 4617 4537 4537 4537 4538 4538 4538 4619 4619 4619 4537 4537 4537 4619 4619 4619 4618 4618 4618 4538 4538 4538 4539 4539 4539 4620 4620 4620 4538 4538 4538 4620 4620 4620 4619 4619 4619 4539 4539 4539 4540 4540 4540 4621 4621 4621 4539 4539 4539 4621 4621 4621 4620 4620 4620 4540 4540 4540 4541 4541 4541 4622 4622 4622 4540 4540 4540 4622 4622 4622 4621 4621 4621 4541 4541 4541 4542 4542 4542 4623 4623 4623 4541 4541 4541 4623 4623 4623 4622 4622 4622 4542 4542 4542 4543 4543 4543 4624 4624 4624 4542 4542 4542 4624 4624 4624 4623 4623 4623 4543 4543 4543 4544 4544 4544 4625 4625 4625 4543 4543 4543 4625 4625 4625 4624 4624 4624 4544 4544 4544 4545 4545 4545 4626 4626 4626 4544 4544 4544 4626 4626 4626 4625 4625 4625 4545 4545 4545 4546 4546 4546 4627 4627 4627 4545 4545 4545 4627 4627 4627 4626 4626 4626 4546 4546 4546 4547 4547 4547 4628 4628 4628 4546 4546 4546 4628 4628 4628 4627 4627 4627 4547 4547 4547 4548 4548 4548 4629 4629 4629 4547 4547 4547 4629 4629 4629 4628 4628 4628 4548 4548 4548 4549 4549 4549 4630 4630 4630 4548 4548 4548 4630 4630 4630 4629 4629 4629 4549 4549 4549 4550 4550 4550 4631 4631 4631 4549 4549 4549 4631 4631 4631 4630 4630 4630 4550 4550 4550 4551 4551 4551 4632 4632 4632 4550 4550 4550 4632 4632 4632 4631 4631 4631 4551 4551 4551 4552 4552 4552 4633 4633 4633 4551 4551 4551 4633 4633 4633 4632 4632 4632 4552 4552 4552 4553 4553 4553 4634 4634 4634 4552 4552 4552 4634 4634 4634 4633 4633 4633 4553 4553 4553 4554 4554 4554 4635 4635 4635 4553 4553 4553 4635 4635 4635 4634 4634 4634 4554 4554 4554 4555 4555 4555 4636 4636 4636 4554 4554 4554 4636 4636 4636 4635 4635 4635 4555 4555 4555 4556 4556 4556 4637 4637 4637 4555 4555 4555 4637 4637 4637 4636 4636 4636 4556 4556 4556 4557 4557 4557 4638 4638 4638 4556 4556 4556 4638 4638 4638 4637 4637 4637 4557 4557 4557 4558 4558 4558 4639 4639 4639 4557 4557 4557 4639 4639 4639 4638 4638 4638 4558 4558 4558 4559 4559 4559 4640 4640 4640 4558 4558 4558 4640 4640 4640 4639 4639 4639 4559 4559 4559 4560 4560 4560 4641 4641 4641 4559 4559 4559 4641 4641 4641 4640 4640 4640 4560 4560 4560 4561 4561 4561 4642 4642 4642 4560 4560 4560 4642 4642 4642 4641 4641 4641 4561 4561 4561 4562 4562 4562 4643 4643 4643 4561 4561 4561 4643 4643 4643 4642 4642 4642 4562 4562 4562 4563 4563 4563 4644 4644 4644 4562 4562 4562 4644 4644 4644 4643 4643 4643 4563 4563 4563 4564 4564 4564 4645 4645 4645 4563 4563 4563 4645 4645 4645 4644 4644 4644 4564 4564 4564 4565 4565 4565 4646 4646 4646 4564 4564 4564 4646 4646 4646 4645 4645 4645 4565 4565 4565 4566 4566 4566 4647 4647 4647 4565 4565 4565 4647 4647 4647 4646 4646 4646 4566 4566 4566 4567 4567 4567 4648 4648 4648 4566 4566 4566 4648 4648 4648 4647 4647 4647 4567 4567 4567 4568 4568 4568 4649 4649 4649 4567 4567 4567 4649 4649 4649 4648 4648 4648 4568 4568 4568 4569 4569 4569 4650 4650 4650 4568 4568 4568 4650 4650 4650 4649 4649 4649 4569 4569 4569 4570 4570 4570 4651 4651 4651 4569 4569 4569 4651 4651 4651 4650 4650 4650 4570 4570 4570 4571 4571 4571 4652 4652 4652 4570 4570 4570 4652 4652 4652 4651 4651 4651 4571 4571 4571 4572 4572 4572 4653 4653 4653 4571 4571 4571 4653 4653 4653 4652 4652 4652 4572 4572 4572 4573 4573 4573 4654 4654 4654 4572 4572 4572 4654 4654 4654 4653 4653 4653 4573 4573 4573 4574 4574 4574 4655 4655 4655 4573 4573 4573 4655 4655 4655 4654 4654 4654 4574 4574 4574 4575 4575 4575 4656 4656 4656 4574 4574 4574 4656 4656 4656 4655 4655 4655 4575 4575 4575 4576 4576 4576 4657 4657 4657 4575 4575 4575 4657 4657 4657 4656 4656 4656 4576 4576 4576 4577 4577 4577 4658 4658 4658 4576 4576 4576 4658 4658 4658 4657 4657 4657 4577 4577 4577 4578 4578 4578 4659 4659 4659 4577 4577 4577 4659 4659 4659 4658 4658 4658 4578 4578 4578 4579 4579 4579 4660 4660 4660 4578 4578 4578 4660 4660 4660 4659 4659 4659 4579 4579 4579 4580 4580 4580 4661 4661 4661 4579 4579 4579 4661 4661 4661 4660 4660 4660 4580 4580 4580 4581 4581 4581 4662 4662 4662 4580 4580 4580 4662 4662 4662 4661 4661 4661 4581 4581 4581 4582 4582 4582 4663 4663 4663 4581 4581 4581 4663 4663 4663 4662 4662 4662 4582 4582 4582 4583 4583 4583 4664 4664 4664 4582 4582 4582 4664 4664 4664 4663 4663 4663 4583 4583 4583 4584 4584 4584 4665 4665 4665 4583 4583 4583 4665 4665 4665 4664 4664 4664 4584 4584 4584 4585 4585 4585 4666 4666 4666 4584 4584 4584 4666 4666 4666 4665 4665 4665 4585 4585 4585 4586 4586 4586 4667 4667 4667 4585 4585 4585 4667 4667 4667 4666 4666 4666 4586 4586 4586 4587 4587 4587 4668 4668 4668 4586 4586 4586 4668 4668 4668 4667 4667 4667 4587 4587 4587 4588 4588 4588 4669 4669 4669 4587 4587 4587 4669 4669 4669 4668 4668 4668 4588 4588 4588 4589 4589 4589 4670 4670 4670 4588 4588 4588 4670 4670 4670 4669 4669 4669 4589 4589 4589 4590 4590 4590 4671 4671 4671 4589 4589 4589 4671 4671 4671 4670 4670 4670 4590 4590 4590 4591 4591 4591 4672 4672 4672 4590 4590 4590 4672 4672 4672 4671 4671 4671 4591 4591 4591 4592 4592 4592 4673 4673 4673 4591 4591 4591 4673 4673 4673 4672 4672 4672 4592 4592 4592 4593 4593 4593 4674 4674 4674 4592 4592 4592 4674 4674 4674 4673 4673 4673 4593 4593 4593 4594 4594 4594 4675 4675 4675 4593 4593 4593 4675 4675 4675 4674 4674 4674 4594 4594 4594 4595 4595 4595 4676 4676 4676 4594 4594 4594 4676 4676 4676 4675 4675 4675 4595 4595 4595 4596 4596 4596 4677 4677 4677 4595 4595 4595 4677 4677 4677 4676 4676 4676 4596 4596 4596 4597 4597 4597 4678 4678 4678 4596 4596 4596 4678 4678 4678 4677 4677 4677 4597 4597 4597 4598 4598 4598 4679 4679 4679 4597 4597 4597 4679 4679 4679 4678 4678 4678 4598 4598 4598 4599 4599 4599 4680 4680 4680 4598 4598 4598 4680 4680 4680 4679 4679 4679 4599 4599 4599 4600 4600 4600 4681 4681 4681 4599 4599 4599 4681 4681 4681 4680 4680 4680 4600 4600 4600 4601 4601 4601 4682 4682 4682 4600 4600 4600 4682 4682 4682 4681 4681 4681 4601 4601 4601 4602 4602 4602 4683 4683 4683 4601 4601 4601 4683 4683 4683 4682 4682 4682 4602 4602 4602 4603 4603 4603 4684 4684 4684 4602 4602 4602 4684 4684 4684 4683 4683 4683 4603 4603 4603 4604 4604 4604 4685 4685 4685 4603 4603 4603 4685 4685 4685 4684 4684 4684 4604 4604 4604 4605 4605 4605 4686 4686 4686 4604 4604 4604 4686 4686 4686 4685 4685 4685 4605 4605 4605 4606 4606 4606 4687 4687 4687 4605 4605 4605 4687 4687 4687 4686 4686 4686 4606 4606 4606 4607 4607 4607 4688 4688 4688 4606 4606 4606 4688 4688 4688 4687 4687 4687 4607 4607 4607 4608 4608 4608 4689 4689 4689 4607 4607 4607 4689 4689 4689 4688 4688 4688 4608 4608 4608 4609 4609 4609 4690 4690 4690 4608 4608 4608 4690 4690 4690 4689 4689 4689 4609 4609 4609 4610 4610 4610 4691 4691 4691 4609 4609 4609 4691 4691 4691 4690 4690 4690 4610 4610 4610 4611 4611 4611 4692 4692 4692 4610 4610 4610 4692 4692 4692 4691 4691 4691 4611 4611 4611 4612 4612 4612 4693 4693 4693 4611 4611 4611 4693 4693 4693 4692 4692 4692 4612 4612 4612 4613 4613 4613 4694 4694 4694 4612 4612 4612 4694 4694 4694 4693 4693 4693 4613 4613 4613 4614 4614 4614 4695 4695 4695 4613 4613 4613 4695 4695 4695 4694 4694 4694 4614 4614 4614 4615 4615 4615 4696 4696 4696 4614 4614 4614 4696 4696 4696 4695 4695 4695 4615 4615 4615 4616 4616 4616 4697 4697 4697 4615 4615 4615 4697 4697 4697 4696 4696 4696 4617 4617 4617 4618 4618 4618 4699 4699 4699 4617 4617 4617 4699 4699 4699 4698 4698 4698 4618 4618 4618 4619 4619 4619 4700 4700 4700 4618 4618 4618 4700 4700 4700 4699 4699 4699 4619 4619 4619 4620 4620 4620 4701 4701 4701 4619 4619 4619 4701 4701 4701 4700 4700 4700 4620 4620 4620 4621 4621 4621 4702 4702 4702 4620 4620 4620 4702 4702 4702 4701 4701 4701 4621 4621 4621 4622 4622 4622 4703 4703 4703 4621 4621 4621 4703 4703 4703 4702 4702 4702 4622 4622 4622 4623 4623 4623 4704 4704 4704 4622 4622 4622 4704 4704 4704 4703 4703 4703 4623 4623 4623 4624 4624 4624 4705 4705 4705 4623 4623 4623 4705 4705 4705 4704 4704 4704 4624 4624 4624 4625 4625 4625 4706 4706 4706 4624 4624 4624 4706 4706 4706 4705 4705 4705 4625 4625 4625 4626 4626 4626 4707 4707 4707 4625 4625 4625 4707 4707 4707 4706 4706 4706 4626 4626 4626 4627 4627 4627 4708 4708 4708 4626 4626 4626 4708 4708 4708 4707 4707 4707 4627 4627 4627 4628 4628 4628 4709 4709 4709 4627 4627 4627 4709 4709 4709 4708 4708 4708 4628 4628 4628 4629 4629 4629 4710 4710 4710 4628 4628 4628 4710 4710 4710 4709 4709 4709 4629 4629 4629 4630 4630 4630 4711 4711 4711 4629 4629 4629 4711 4711 4711 4710 4710 4710 4630 4630 4630 4631 4631 4631 4712 4712 4712 4630 4630 4630 4712 4712 4712 4711 4711 4711 4631 4631 4631 4632 4632 4632 4713 4713 4713 4631 4631 4631 4713 4713 4713 4712 4712 4712 4632 4632 4632 4633 4633 4633 4714 4714 4714 4632 4632 4632 4714 4714 4714 4713 4713 4713 4633 4633 4633 4634 4634 4634 4715 4715 4715 4633 4633 4633 4715 4715 4715 4714 4714 4714 4634 4634 4634 4635 4635 4635 4716 4716 4716 4634 4634 4634 4716 4716 4716 4715 4715 4715 4635 4635 4635 4636 4636 4636 4717 4717 4717 4635 4635 4635 4717 4717 4717 4716 4716 4716 4636 4636 4636 4637 4637 4637 4718 4718 4718 4636 4636 4636 4718 4718 4718 4717 4717 4717 4637 4637 4637 4638 4638 4638 4719 4719 4719 4637 4637 4637 4719 4719 4719 4718 4718 4718 4638 4638 4638 4639 4639 4639 4720 4720 4720 4638 4638 4638 4720 4720 4720 4719 4719 4719 4639 4639 4639 4640 4640 4640 4721 4721 4721 4639 4639 4639 4721 4721 4721 4720 4720 4720 4640 4640 4640 4641 4641 4641 4722 4722 4722 4640 4640 4640 4722 4722 4722 4721 4721 4721 4641 4641 4641 4642 4642 4642 4723 4723 4723 4641 4641 4641 4723 4723 4723 4722 4722 4722 4642 4642 4642 4643 4643 4643 4724 4724 4724 4642 4642 4642 4724 4724 4724 4723 4723 4723 4643 4643 4643 4644 4644 4644 4725 4725 4725 4643 4643 4643 4725 4725 4725 4724 4724 4724 4644 4644 4644 4645 4645 4645 4726 4726 4726 4644 4644 4644 4726 4726 4726 4725 4725 4725 4645 4645 4645 4646 4646 4646 4727 4727 4727 4645 4645 4645 4727 4727 4727 4726 4726 4726 4646 4646 4646 4647 4647 4647 4728 4728 4728 4646 4646 4646 4728 4728 4728 4727 4727 4727 4647 4647 4647 4648 4648 4648 4729 4729 4729 4647 4647 4647 4729 4729 4729 4728 4728 4728 4648 4648 4648 4649 4649 4649 4730 4730 4730 4648 4648 4648 4730 4730 4730 4729 4729 4729 4649 4649 4649 4650 4650 4650 4731 4731 4731 4649 4649 4649 4731 4731 4731 4730 4730 4730 4650 4650 4650 4651 4651 4651 4732 4732 4732 4650 4650 4650 4732 4732 4732 4731 4731 4731 4651 4651 4651 4652 4652 4652 4733 4733 4733 4651 4651 4651 4733 4733 4733 4732 4732 4732 4652 4652 4652 4653 4653 4653 4734 4734 4734 4652 4652 4652 4734 4734 4734 4733 4733 4733 4653 4653 4653 4654 4654 4654 4735 4735 4735 4653 4653 4653 4735 4735 4735 4734 4734 4734 4654 4654 4654 4655 4655 4655 4736 4736 4736 4654 4654 4654 4736 4736 4736 4735 4735 4735 4655 4655 4655 4656 4656 4656 4737 4737 4737 4655 4655 4655 4737 4737 4737 4736 4736 4736 4656 4656 4656 4657 4657 4657 4738 4738 4738 4656 4656 4656 4738 4738 4738 4737 4737 4737 4657 4657 4657 4658 4658 4658 4739 4739 4739 4657 4657 4657 4739 4739 4739 4738 4738 4738 4658 4658 4658 4659 4659 4659 4740 4740 4740 4658 4658 4658 4740 4740 4740 4739 4739 4739 4659 4659 4659 4660 4660 4660 4741 4741 4741 4659 4659 4659 4741 4741 4741 4740 4740 4740 4660 4660 4660 4661 4661 4661 4742 4742 4742 4660 4660 4660 4742 4742 4742 4741 4741 4741 4661 4661 4661 4662 4662 4662 4743 4743 4743 4661 4661 4661 4743 4743 4743 4742 4742 4742 4662 4662 4662 4663 4663 4663 4744 4744 4744 4662 4662 4662 4744 4744 4744 4743 4743 4743 4663 4663 4663 4664 4664 4664 4745 4745 4745 4663 4663 4663 4745 4745 4745 4744 4744 4744 4664 4664 4664 4665 4665 4665 4746 4746 4746 4664 4664 4664 4746 4746 4746 4745 4745 4745 4665 4665 4665 4666 4666 4666 4747 4747 4747 4665 4665 4665 4747 4747 4747 4746 4746 4746 4666 4666 4666 4667 4667 4667 4748 4748 4748 4666 4666 4666 4748 4748 4748 4747 4747 4747 4667 4667 4667 4668 4668 4668 4749 4749 4749 4667 4667 4667 4749 4749 4749 4748 4748 4748 4668 4668 4668 4669 4669 4669 4750 4750 4750 4668 4668 4668 4750 4750 4750 4749 4749 4749 4669 4669 4669 4670 4670 4670 4751 4751 4751 4669 4669 4669 4751 4751 4751 4750 4750 4750 4670 4670 4670 4671 4671 4671 4752 4752 4752 4670 4670 4670 4752 4752 4752 4751 4751 4751 4671 4671 4671 4672 4672 4672 4753 4753 4753 4671 4671 4671 4753 4753 4753 4752 4752 4752 4672 4672 4672 4673 4673 4673 4754 4754 4754 4672 4672 4672 4754 4754 4754 4753 4753 4753 4673 4673 4673 4674 4674 4674 4755 4755 4755 4673 4673 4673 4755 4755 4755 4754 4754 4754 4674 4674 4674 4675 4675 4675 4756 4756 4756 4674 4674 4674 4756 4756 4756 4755 4755 4755 4675 4675 4675 4676 4676 4676 4757 4757 4757 4675 4675 4675 4757 4757 4757 4756 4756 4756 4676 4676 4676 4677 4677 4677 4758 4758 4758 4676 4676 4676 4758 4758 4758 4757 4757 4757 4677 4677 4677 4678 4678 4678 4759 4759 4759 4677 4677 4677 4759 4759 4759 4758 4758 4758 4678 4678 4678 4679 4679 4679 4760 4760 4760 4678 4678 4678 4760 4760 4760 4759 4759 4759 4679 4679 4679 4680 4680 4680 4761 4761 4761 4679 4679 4679 4761 4761 4761 4760 4760 4760 4680 4680 4680 4681 4681 4681 4762 4762 4762 4680 4680 4680 4762 4762 4762 4761 4761 4761 4681 4681 4681 4682 4682 4682 4763 4763 4763 4681 4681 4681 4763 4763 4763 4762 4762 4762 4682 4682 4682 4683 4683 4683 4764 4764 4764 4682 4682 4682 4764 4764 4764 4763 4763 4763 4683 4683 4683 4684 4684 4684 4765 4765 4765 4683 4683 4683 4765 4765 4765 4764 4764 4764 4684 4684 4684 4685 4685 4685 4766 4766 4766 4684 4684 4684 4766 4766 4766 4765 4765 4765 4685 4685 4685 4686 4686 4686 4767 4767 4767 4685 4685 4685 4767 4767 4767 4766 4766 4766 4686 4686 4686 4687 4687 4687 4768 4768 4768 4686 4686 4686 4768 4768 4768 4767 4767 4767 4687 4687 4687 4688 4688 4688 4769 4769 4769 4687 4687 4687 4769 4769 4769 4768 4768 4768 4688 4688 4688 4689 4689 4689 4770 4770 4770 4688 4688 4688 4770 4770 4770 4769 4769 4769 4689 4689 4689 4690 4690 4690 4771 4771 4771 4689 4689 4689 4771 4771 4771 4770 4770 4770 4690 4690 4690 4691 4691 4691 4772 4772 4772 4690 4690 4690 4772 4772 4772 4771 4771 4771 4691 4691 4691 4692 4692 4692 4773 4773 4773 4691 4691 4691 4773 4773 4773 4772 4772 4772 4692 4692 4692 4693 4693 4693 4774 4774 4774 4692 4692 4692 4774 4774 4774 4773 4773 4773 4693 4693 4693 4694 4694 4694 4775 4775 4775 4693 4693 4693 4775 4775 4775 4774 4774 4774 4694 4694 4694 4695 4695 4695 4776 4776 4776 4694 4694 4694 4776 4776 4776 4775 4775 4775 4695 4695 4695 4696 4696 4696 4777 4777 4777 4695 4695 4695 4777 4777 4777 4776 4776 4776 4696 4696 4696 4697 4697 4697 4778 4778 4778 4696 4696 4696 4778 4778 4778 4777 4777 4777 4698 4698 4698 4699 4699 4699 4780 4780 4780 4698 4698 4698 4780 4780 4780 4779 4779 4779 4699 4699 4699 4700 4700 4700 4781 4781 4781 4699 4699 4699 4781 4781 4781 4780 4780 4780 4700 4700 4700 4701 4701 4701 4782 4782 4782 4700 4700 4700 4782 4782 4782 4781 4781 4781 4701 4701 4701 4702 4702 4702 4783 4783 4783 4701 4701 4701 4783 4783 4783 4782 4782 4782 4702 4702 4702 4703 4703 4703 4784 4784 4784 4702 4702 4702 4784 4784 4784 4783 4783 4783 4703 4703 4703 4704 4704 4704 4785 4785 4785 4703 4703 4703 4785 4785 4785 4784 4784 4784 4704 4704 4704 4705 4705 4705 4786 4786 4786 4704 4704 4704 4786 4786 4786 4785 4785 4785 4705 4705 4705 4706 4706 4706 4787 4787 4787 4705 4705 4705 4787 4787 4787 4786 4786 4786 4706 4706 4706 4707 4707 4707 4788 4788 4788 4706 4706 4706 4788 4788 4788 4787 4787 4787 4707 4707 4707 4708 4708 4708 4789 4789 4789 4707 4707 4707 4789 4789 4789 4788 4788 4788 4708 4708 4708 4709 4709 4709 4790 4790 4790 4708 4708 4708 4790 4790 4790 4789 4789 4789 4709 4709 4709 4710 4710 4710 4791 4791 4791 4709 4709 4709 4791 4791 4791 4790 4790 4790 4710 4710 4710 4711 4711 4711 4792 4792 4792 4710 4710 4710 4792 4792 4792 4791 4791 4791 4711 4711 4711 4712 4712 4712 4793 4793 4793 4711 4711 4711 4793 4793 4793 4792 4792 4792 4712 4712 4712 4713 4713 4713 4794 4794 4794 4712 4712 4712 4794 4794 4794 4793 4793 4793 4713 4713 4713 4714 4714 4714 4795 4795 4795 4713 4713 4713 4795 4795 4795 4794 4794 4794 4714 4714 4714 4715 4715 4715 4796 4796 4796 4714 4714 4714 4796 4796 4796 4795 4795 4795 4715 4715 4715 4716 4716 4716 4797 4797 4797 4715 4715 4715 4797 4797 4797 4796 4796 4796 4716 4716 4716 4717 4717 4717 4798 4798 4798 4716 4716 4716 4798 4798 4798 4797 4797 4797 4717 4717 4717 4718 4718 4718 4799 4799 4799 4717 4717 4717 4799 4799 4799 4798 4798 4798 4718 4718 4718 4719 4719 4719 4800 4800 4800 4718 4718 4718 4800 4800 4800 4799 4799 4799 4719 4719 4719 4720 4720 4720 4801 4801 4801 4719 4719 4719 4801 4801 4801 4800 4800 4800 4720 4720 4720 4721 4721 4721 4802 4802 4802 4720 4720 4720 4802 4802 4802 4801 4801 4801 4721 4721 4721 4722 4722 4722 4803 4803 4803 4721 4721 4721 4803 4803 4803 4802 4802 4802 4722 4722 4722 4723 4723 4723 4804 4804 4804 4722 4722 4722 4804 4804 4804 4803 4803 4803 4723 4723 4723 4724 4724 4724 4805 4805 4805 4723 4723 4723 4805 4805 4805 4804 4804 4804 4724 4724 4724 4725 4725 4725 4806 4806 4806 4724 4724 4724 4806 4806 4806 4805 4805 4805 4725 4725 4725 4726 4726 4726 4807 4807 4807 4725 4725 4725 4807 4807 4807 4806 4806 4806 4726 4726 4726 4727 4727 4727 4808 4808 4808 4726 4726 4726 4808 4808 4808 4807 4807 4807 4727 4727 4727 4728 4728 4728 4809 4809 4809 4727 4727 4727 4809 4809 4809 4808 4808 4808 4728 4728 4728 4729 4729 4729 4810 4810 4810 4728 4728 4728 4810 4810 4810 4809 4809 4809 4729 4729 4729 4730 4730 4730 4811 4811 4811 4729 4729 4729 4811 4811 4811 4810 4810 4810 4730 4730 4730 4731 4731 4731 4812 4812 4812 4730 4730 4730 4812 4812 4812 4811 4811 4811 4731 4731 4731 4732 4732 4732 4813 4813 4813 4731 4731 4731 4813 4813 4813 4812 4812 4812 4732 4732 4732 4733 4733 4733 4814 4814 4814 4732 4732 4732 4814 4814 4814 4813 4813 4813 4733 4733 4733 4734 4734 4734 4815 4815 4815 4733 4733 4733 4815 4815 4815 4814 4814 4814 4734 4734 4734 4735 4735 4735 4816 4816 4816 4734 4734 4734 4816 4816 4816 4815 4815 4815 4735 4735 4735 4736 4736 4736 4817 4817 4817 4735 4735 4735 4817 4817 4817 4816 4816 4816 4736 4736 4736 4737 4737 4737 4818 4818 4818 4736 4736 4736 4818 4818 4818 4817 4817 4817 4737 4737 4737 4738 4738 4738 4819 4819 4819 4737 4737 4737 4819 4819 4819 4818 4818 4818 4738 4738 4738 4739 4739 4739 4820 4820 4820 4738 4738 4738 4820 4820 4820 4819 4819 4819 4739 4739 4739 4740 4740 4740 4821 4821 4821 4739 4739 4739 4821 4821 4821 4820 4820 4820 4740 4740 4740 4741 4741 4741 4822 4822 4822 4740 4740 4740 4822 4822 4822 4821 4821 4821 4741 4741 4741 4742 4742 4742 4823 4823 4823 4741 4741 4741 4823 4823 4823 4822 4822 4822 4742 4742 4742 4743 4743 4743 4824 4824 4824 4742 4742 4742 4824 4824 4824 4823 4823 4823 4743 4743 4743 4744 4744 4744 4825 4825 4825 4743 4743 4743 4825 4825 4825 4824 4824 4824 4744 4744 4744 4745 4745 4745 4826 4826 4826 4744 4744 4744 4826 4826 4826 4825 4825 4825 4745 4745 4745 4746 4746 4746 4827 4827 4827 4745 4745 4745 4827 4827 4827 4826 4826 4826 4746 4746 4746 4747 4747 4747 4828 4828 4828 4746 4746 4746 4828 4828 4828 4827 4827 4827 4747 4747 4747 4748 4748 4748 4829 4829 4829 4747 4747 4747 4829 4829 4829 4828 4828 4828 4748 4748 4748 4749 4749 4749 4830 4830 4830 4748 4748 4748 4830 4830 4830 4829 4829 4829 4749 4749 4749 4750 4750 4750 4831 4831 4831 4749 4749 4749 4831 4831 4831 4830 4830 4830 4750 4750 4750 4751 4751 4751 4832 4832 4832 4750 4750 4750 4832 4832 4832 4831 4831 4831 4751 4751 4751 4752 4752 4752 4833 4833 4833 4751 4751 4751 4833 4833 4833 4832 4832 4832 4752 4752 4752 4753 4753 4753 4834 4834 4834 4752 4752 4752 4834 4834 4834 4833 4833 4833 4753 4753 4753 4754 4754 4754 4835 4835 4835 4753 4753 4753 4835 4835 4835 4834 4834 4834 4754 4754 4754 4755 4755 4755 4836 4836 4836 4754 4754 4754 4836 4836 4836 4835 4835 4835 4755 4755 4755 4756 4756 4756 4837 4837 4837 4755 4755 4755 4837 4837 4837 4836 4836 4836 4756 4756 4756 4757 4757 4757 4838 4838 4838 4756 4756 4756 4838 4838 4838 4837 4837 4837 4757 4757 4757 4758 4758 4758 4839 4839 4839 4757 4757 4757 4839 4839 4839 4838 4838 4838 4758 4758 4758 4759 4759 4759 4840 4840 4840 4758 4758 4758 4840 4840 4840 4839 4839 4839 4759 4759 4759 4760 4760 4760 4841 4841 4841 4759 4759 4759 4841 4841 4841 4840 4840 4840 4760 4760 4760 4761 4761 4761 4842 4842 4842 4760 4760 4760 4842 4842 4842 4841 4841 4841 4761 4761 4761 4762 4762 4762 4843 4843 4843 4761 4761 4761 4843 4843 4843 4842 4842 4842 4762 4762 4762 4763 4763 4763 4844 4844 4844 4762 4762 4762 4844 4844 4844 4843 4843 4843 4763 4763 4763 4764 4764 4764 4845 4845 4845 4763 4763 4763 4845 4845 4845 4844 4844 4844 4764 4764 4764 4765 4765 4765 4846 4846 4846 4764 4764 4764 4846 4846 4846 4845 4845 4845 4765 4765 4765 4766 4766 4766 4847 4847 4847 4765 4765 4765 4847 4847 4847 4846 4846 4846 4766 4766 4766 4767 4767 4767 4848 4848 4848 4766 4766 4766 4848 4848 4848 4847 4847 4847 4767 4767 4767 4768 4768 4768 4849 4849 4849 4767 4767 4767 4849 4849 4849 4848 4848 4848 4768 4768 4768 4769 4769 4769 4850 4850 4850 4768 4768 4768 4850 4850 4850 4849 4849 4849 4769 4769 4769 4770 4770 4770 4851 4851 4851 4769 4769 4769 4851 4851 4851 4850 4850 4850 4770 4770 4770 4771 4771 4771 4852 4852 4852 4770 4770 4770 4852 4852 4852 4851 4851 4851 4771 4771 4771 4772 4772 4772 4853 4853 4853 4771 4771 4771 4853 4853 4853 4852 4852 4852 4772 4772 4772 4773 4773 4773 4854 4854 4854 4772 4772 4772 4854 4854 4854 4853 4853 4853 4773 4773 4773 4774 4774 4774 4855 4855 4855 4773 4773 4773 4855 4855 4855 4854 4854 4854 4774 4774 4774 4775 4775 4775 4856 4856 4856 4774 4774 4774 4856 4856 4856 4855 4855 4855 4775 4775 4775 4776 4776 4776 4857 4857 4857 4775 4775 4775 4857 4857 4857 4856 4856 4856 4776 4776 4776 4777 4777 4777 4858 4858 4858 4776 4776 4776 4858 4858 4858 4857 4857 4857 4777 4777 4777 4778 4778 4778 4859 4859 4859 4777 4777 4777 4859 4859 4859 4858 4858 4858 4779 4779 4779 4780 4780 4780 4861 4861 4861 4779 4779 4779 4861 4861 4861 4860 4860 4860 4780 4780 4780 4781 4781 4781 4862 4862 4862 4780 4780 4780 4862 4862 4862 4861 4861 4861 4781 4781 4781 4782 4782 4782 4863 4863 4863 4781 4781 4781 4863 4863 4863 4862 4862 4862 4782 4782 4782 4783 4783 4783 4864 4864 4864 4782 4782 4782 4864 4864 4864 4863 4863 4863 4783 4783 4783 4784 4784 4784 4865 4865 4865 4783 4783 4783 4865 4865 4865 4864 4864 4864 4784 4784 4784 4785 4785 4785 4866 4866 4866 4784 4784 4784 4866 4866 4866 4865 4865 4865 4785 4785 4785 4786 4786 4786 4867 4867 4867 4785 4785 4785 4867 4867 4867 4866 4866 4866 4786 4786 4786 4787 4787 4787 4868 4868 4868 4786 4786 4786 4868 4868 4868 4867 4867 4867 4787 4787 4787 4788 4788 4788 4869 4869 4869 4787 4787 4787 4869 4869 4869 4868 4868 4868 4788 4788 4788 4789 4789 4789 4870 4870 4870 4788 4788 4788 4870 4870 4870 4869 4869 4869 4789 4789 4789 4790 4790 4790 4871 4871 4871 4789 4789 4789 4871 4871 4871 4870 4870 4870 4790 4790 4790 4791 4791 4791 4872 4872 4872 4790 4790 4790 4872 4872 4872 4871 4871 4871 4791 4791 4791 4792 4792 4792 4873 4873 4873 4791 4791 4791 4873 4873 4873 4872 4872 4872 4792 4792 4792 4793 4793 4793 4874 4874 4874 4792 4792 4792 4874 4874 4874 4873 4873 4873 4793 4793 4793 4794 4794 4794 4875 4875 4875 4793 4793 4793 4875 4875 4875 4874 4874 4874 4794 4794 4794 4795 4795 4795 4876 4876 4876 4794 4794 4794 4876 4876 4876 4875 4875 4875 4795 4795 4795 4796 4796 4796 4877 4877 4877 4795 4795 4795 4877 4877 4877 4876 4876 4876 4796 4796 4796 4797 4797 4797 4878 4878 4878 4796 4796 4796 4878 4878 4878 4877 4877 4877 4797 4797 4797 4798 4798 4798 4879 4879 4879 4797 4797 4797 4879 4879 4879 4878 4878 4878 4798 4798 4798 4799 4799 4799 4880 4880 4880 4798 4798 4798 4880 4880 4880 4879 4879 4879 4799 4799 4799 4800 4800 4800 4881 4881 4881 4799 4799 4799 4881 4881 4881 4880 4880 4880 4800 4800 4800 4801 4801 4801 4882 4882 4882 4800 4800 4800 4882 4882 4882 4881 4881 4881 4801 4801 4801 4802 4802 4802 4883 4883 4883 4801 4801 4801 4883 4883 4883 4882 4882 4882 4802 4802 4802 4803 4803 4803 4884 4884 4884 4802 4802 4802 4884 4884 4884 4883 4883 4883 4803 4803 4803 4804 4804 4804 4885 4885 4885 4803 4803 4803 4885 4885 4885 4884 4884 4884 4804 4804 4804 4805 4805 4805 4886 4886 4886 4804 4804 4804 4886 4886 4886 4885 4885 4885 4805 4805 4805 4806 4806 4806 4887 4887 4887 4805 4805 4805 4887 4887 4887 4886 4886 4886 4806 4806 4806 4807 4807 4807 4888 4888 4888 4806 4806 4806 4888 4888 4888 4887 4887 4887 4807 4807 4807 4808 4808 4808 4889 4889 4889 4807 4807 4807 4889 4889 4889 4888 4888 4888 4808 4808 4808 4809 4809 4809 4890 4890 4890 4808 4808 4808 4890 4890 4890 4889 4889 4889 4809 4809 4809 4810 4810 4810 4891 4891 4891 4809 4809 4809 4891 4891 4891 4890 4890 4890 4810 4810 4810 4811 4811 4811 4892 4892 4892 4810 4810 4810 4892 4892 4892 4891 4891 4891 4811 4811 4811 4812 4812 4812 4893 4893 4893 4811 4811 4811 4893 4893 4893 4892 4892 4892 4812 4812 4812 4813 4813 4813 4894 4894 4894 4812 4812 4812 4894 4894 4894 4893 4893 4893 4813 4813 4813 4814 4814 4814 4895 4895 4895 4813 4813 4813 4895 4895 4895 4894 4894 4894 4814 4814 4814 4815 4815 4815 4896 4896 4896 4814 4814 4814 4896 4896 4896 4895 4895 4895 4815 4815 4815 4816 4816 4816 4897 4897 4897 4815 4815 4815 4897 4897 4897 4896 4896 4896 4816 4816 4816 4817 4817 4817 4898 4898 4898 4816 4816 4816 4898 4898 4898 4897 4897 4897 4817 4817 4817 4818 4818 4818 4899 4899 4899 4817 4817 4817 4899 4899 4899 4898 4898 4898 4818 4818 4818 4819 4819 4819 4900 4900 4900 4818 4818 4818 4900 4900 4900 4899 4899 4899 4819 4819 4819 4820 4820 4820 4901 4901 4901 4819 4819 4819 4901 4901 4901 4900 4900 4900 4820 4820 4820 4821 4821 4821 4902 4902 4902 4820 4820 4820 4902 4902 4902 4901 4901 4901 4821 4821 4821 4822 4822 4822 4903 4903 4903 4821 4821 4821 4903 4903 4903 4902 4902 4902 4822 4822 4822 4823 4823 4823 4904 4904 4904 4822 4822 4822 4904 4904 4904 4903 4903 4903 4823 4823 4823 4824 4824 4824 4905 4905 4905 4823 4823 4823 4905 4905 4905 4904 4904 4904 4824 4824 4824 4825 4825 4825 4906 4906 4906 4824 4824 4824 4906 4906 4906 4905 4905 4905 4825 4825 4825 4826 4826 4826 4907 4907 4907 4825 4825 4825 4907 4907 4907 4906 4906 4906 4826 4826 4826 4827 4827 4827 4908 4908 4908 4826 4826 4826 4908 4908 4908 4907 4907 4907 4827 4827 4827 4828 4828 4828 4909 4909 4909 4827 4827 4827 4909 4909 4909 4908 4908 4908 4828 4828 4828 4829 4829 4829 4910 4910 4910 4828 4828 4828 4910 4910 4910 4909 4909 4909 4829 4829 4829 4830 4830 4830 4911 4911 4911 4829 4829 4829 4911 4911 4911 4910 4910 4910 4830 4830 4830 4831 4831 4831 4912 4912 4912 4830 4830 4830 4912 4912 4912 4911 4911 4911 4831 4831 4831 4832 4832 4832 4913 4913 4913 4831 4831 4831 4913 4913 4913 4912 4912 4912 4832 4832 4832 4833 4833 4833 4914 4914 4914 4832 4832 4832 4914 4914 4914 4913 4913 4913 4833 4833 4833 4834 4834 4834 4915 4915 4915 4833 4833 4833 4915 4915 4915 4914 4914 4914 4834 4834 4834 4835 4835 4835 4916 4916 4916 4834 4834 4834 4916 4916 4916 4915 4915 4915 4835 4835 4835 4836 4836 4836 4917 4917 4917 4835 4835 4835 4917 4917 4917 4916 4916 4916 4836 4836 4836 4837 4837 4837 4918 4918 4918 4836 4836 4836 4918 4918 4918 4917 4917 4917 4837 4837 4837 4838 4838 4838 4919 4919 4919 4837 4837 4837 4919 4919 4919 4918 4918 4918 4838 4838 4838 4839 4839 4839 4920 4920 4920 4838 4838 4838 4920 4920 4920 4919 4919 4919 4839 4839 4839 4840 4840 4840 4921 4921 4921 4839 4839 4839 4921 4921 4921 4920 4920 4920 4840 4840 4840 4841 4841 4841 4922 4922 4922 4840 4840 4840 4922 4922 4922 4921 4921 4921 4841 4841 4841 4842 4842 4842 4923 4923 4923 4841 4841 4841 4923 4923 4923 4922 4922 4922 4842 4842 4842 4843 4843 4843 4924 4924 4924 4842 4842 4842 4924 4924 4924 4923 4923 4923 4843 4843 4843 4844 4844 4844 4925 4925 4925 4843 4843 4843 4925 4925 4925 4924 4924 4924 4844 4844 4844 4845 4845 4845 4926 4926 4926 4844 4844 4844 4926 4926 4926 4925 4925 4925 4845 4845 4845 4846 4846 4846 4927 4927 4927 4845 4845 4845 4927 4927 4927 4926 4926 4926 4846 4846 4846 4847 4847 4847 4928 4928 4928 4846 4846 4846 4928 4928 4928 4927 4927 4927 4847 4847 4847 4848 4848 4848 4929 4929 4929 4847 4847 4847 4929 4929 4929 4928 4928 4928 4848 4848 4848 4849 4849 4849 4930 4930 4930 4848 4848 4848 4930 4930 4930 4929 4929 4929 4849 4849 4849 4850 4850 4850 4931 4931 4931 4849 4849 4849 4931 4931 4931 4930 4930 4930 4850 4850 4850 4851 4851 4851 4932 4932 4932 4850 4850 4850 4932 4932 4932 4931 4931 4931 4851 4851 4851 4852 4852 4852 4933 4933 4933 4851 4851 4851 4933 4933 4933 4932 4932 4932 4852 4852 4852 4853 4853 4853 4934 4934 4934 4852 4852 4852 4934 4934 4934 4933 4933 4933 4853 4853 4853 4854 4854 4854 4935 4935 4935 4853 4853 4853 4935 4935 4935 4934 4934 4934 4854 4854 4854 4855 4855 4855 4936 4936 4936 4854 4854 4854 4936 4936 4936 4935 4935 4935 4855 4855 4855 4856 4856 4856 4937 4937 4937 4855 4855 4855 4937 4937 4937 4936 4936 4936 4856 4856 4856 4857 4857 4857 4938 4938 4938 4856 4856 4856 4938 4938 4938 4937 4937 4937 4857 4857 4857 4858 4858 4858 4939 4939 4939 4857 4857 4857 4939 4939 4939 4938 4938 4938 4858 4858 4858 4859 4859 4859 4940 4940 4940 4858 4858 4858 4940 4940 4940 4939 4939 4939 4860 4860 4860 4861 4861 4861 4942 4942 4942 4860 4860 4860 4942 4942 4942 4941 4941 4941 4861 4861 4861 4862 4862 4862 4943 4943 4943 4861 4861 4861 4943 4943 4943 4942 4942 4942 4862 4862 4862 4863 4863 4863 4944 4944 4944 4862 4862 4862 4944 4944 4944 4943 4943 4943 4863 4863 4863 4864 4864 4864 4945 4945 4945 4863 4863 4863 4945 4945 4945 4944 4944 4944 4864 4864 4864 4865 4865 4865 4946 4946 4946 4864 4864 4864 4946 4946 4946 4945 4945 4945 4865 4865 4865 4866 4866 4866 4947 4947 4947 4865 4865 4865 4947 4947 4947 4946 4946 4946 4866 4866 4866 4867 4867 4867 4948 4948 4948 4866 4866 4866 4948 4948 4948 4947 4947 4947 4867 4867 4867 4868 4868 4868 4949 4949 4949 4867 4867 4867 4949 4949 4949 4948 4948 4948 4868 4868 4868 4869 4869 4869 4950 4950 4950 4868 4868 4868 4950 4950 4950 4949 4949 4949 4869 4869 4869 4870 4870 4870 4951 4951 4951 4869 4869 4869 4951 4951 4951 4950 4950 4950 4870 4870 4870 4871 4871 4871 4952 4952 4952 4870 4870 4870 4952 4952 4952 4951 4951 4951 4871 4871 4871 4872 4872 4872 4953 4953 4953 4871 4871 4871 4953 4953 4953 4952 4952 4952 4872 4872 4872 4873 4873 4873 4954 4954 4954 4872 4872 4872 4954 4954 4954 4953 4953 4953 4873 4873 4873 4874 4874 4874 4955 4955 4955 4873 4873 4873 4955 4955 4955 4954 4954 4954 4874 4874 4874 4875 4875 4875 4956 4956 4956 4874 4874 4874 4956 4956 4956 4955 4955 4955 4875 4875 4875 4876 4876 4876 4957 4957 4957 4875 4875 4875 4957 4957 4957 4956 4956 4956 4876 4876 4876 4877 4877 4877 4958 4958 4958 4876 4876 4876 4958 4958 4958 4957 4957 4957 4877 4877 4877 4878 4878 4878 4959 4959 4959 4877 4877 4877 4959 4959 4959 4958 4958 4958 4878 4878 4878 4879 4879 4879 4960 4960 4960 4878 4878 4878 4960 4960 4960 4959 4959 4959 4879 4879 4879 4880 4880 4880 4961 4961 4961 4879 4879 4879 4961 4961 4961 4960 4960 4960 4880 4880 4880 4881 4881 4881 4962 4962 4962 4880 4880 4880 4962 4962 4962 4961 4961 4961 4881 4881 4881 4882 4882 4882 4963 4963 4963 4881 4881 4881 4963 4963 4963 4962 4962 4962 4882 4882 4882 4883 4883 4883 4964 4964 4964 4882 4882 4882 4964 4964 4964 4963 4963 4963 4883 4883 4883 4884 4884 4884 4965 4965 4965 4883 4883 4883 4965 4965 4965 4964 4964 4964 4884 4884 4884 4885 4885 4885 4966 4966 4966 4884 4884 4884 4966 4966 4966 4965 4965 4965 4885 4885 4885 4886 4886 4886 4967 4967 4967 4885 4885 4885 4967 4967 4967 4966 4966 4966 4886 4886 4886 4887 4887 4887 4968 4968 4968 4886 4886 4886 4968 4968 4968 4967 4967 4967 4887 4887 4887 4888 4888 4888 4969 4969 4969 4887 4887 4887 4969 4969 4969 4968 4968 4968 4888 4888 4888 4889 4889 4889 4970 4970 4970 4888 4888 4888 4970 4970 4970 4969 4969 4969 4889 4889 4889 4890 4890 4890 4971 4971 4971 4889 4889 4889 4971 4971 4971 4970 4970 4970 4890 4890 4890 4891 4891 4891 4972 4972 4972 4890 4890 4890 4972 4972 4972 4971 4971 4971 4891 4891 4891 4892 4892 4892 4973 4973 4973 4891 4891 4891 4973 4973 4973 4972 4972 4972 4892 4892 4892 4893 4893 4893 4974 4974 4974 4892 4892 4892 4974 4974 4974 4973 4973 4973 4893 4893 4893 4894 4894 4894 4975 4975 4975 4893 4893 4893 4975 4975 4975 4974 4974 4974 4894 4894 4894 4895 4895 4895 4976 4976 4976 4894 4894 4894 4976 4976 4976 4975 4975 4975 4895 4895 4895 4896 4896 4896 4977 4977 4977 4895 4895 4895 4977 4977 4977 4976 4976 4976 4896 4896 4896 4897 4897 4897 4978 4978 4978 4896 4896 4896 4978 4978 4978 4977 4977 4977 4897 4897 4897 4898 4898 4898 4979 4979 4979 4897 4897 4897 4979 4979 4979 4978 4978 4978 4898 4898 4898 4899 4899 4899 4980 4980 4980 4898 4898 4898 4980 4980 4980 4979 4979 4979 4899 4899 4899 4900 4900 4900 4981 4981 4981 4899 4899 4899 4981 4981 4981 4980 4980 4980 4900 4900 4900 4901 4901 4901 4982 4982 4982 4900 4900 4900 4982 4982 4982 4981 4981 4981 4901 4901 4901 4902 4902 4902 4983 4983 4983 4901 4901 4901 4983 4983 4983 4982 4982 4982 4902 4902 4902 4903 4903 4903 4984 4984 4984 4902 4902 4902 4984 4984 4984 4983 4983 4983 4903 4903 4903 4904 4904 4904 4985 4985 4985 4903 4903 4903 4985 4985 4985 4984 4984 4984 4904 4904 4904 4905 4905 4905 4986 4986 4986 4904 4904 4904 4986 4986 4986 4985 4985 4985 4905 4905 4905 4906 4906 4906 4987 4987 4987 4905 4905 4905 4987 4987 4987 4986 4986 4986 4906 4906 4906 4907 4907 4907 4988 4988 4988 4906 4906 4906 4988 4988 4988 4987 4987 4987 4907 4907 4907 4908 4908 4908 4989 4989 4989 4907 4907 4907 4989 4989 4989 4988 4988 4988 4908 4908 4908 4909 4909 4909 4990 4990 4990 4908 4908 4908 4990 4990 4990 4989 4989 4989 4909 4909 4909 4910 4910 4910 4991 4991 4991 4909 4909 4909 4991 4991 4991 4990 4990 4990 4910 4910 4910 4911 4911 4911 4992 4992 4992 4910 4910 4910 4992 4992 4992 4991 4991 4991 4911 4911 4911 4912 4912 4912 4993 4993 4993 4911 4911 4911 4993 4993 4993 4992 4992 4992 4912 4912 4912 4913 4913 4913 4994 4994 4994 4912 4912 4912 4994 4994 4994 4993 4993 4993 4913 4913 4913 4914 4914 4914 4995 4995 4995 4913 4913 4913 4995 4995 4995 4994 4994 4994 4914 4914 4914 4915 4915 4915 4996 4996 4996 4914 4914 4914 4996 4996 4996 4995 4995 4995 4915 4915 4915 4916 4916 4916 4997 4997 4997 4915 4915 4915 4997 4997 4997 4996 4996 4996 4916 4916 4916 4917 4917 4917 4998 4998 4998 4916 4916 4916 4998 4998 4998 4997 4997 4997 4917 4917 4917 4918 4918 4918 4999 4999 4999 4917 4917 4917 4999 4999 4999 4998 4998 4998 4918 4918 4918 4919 4919 4919 5000 5000 5000 4918 4918 4918 5000 5000 5000 4999 4999 4999 4919 4919 4919 4920 4920 4920 5001 5001 5001 4919 4919 4919 5001 5001 5001 5000 5000 5000 4920 4920 4920 4921 4921 4921 5002 5002 5002 4920 4920 4920 5002 5002 5002 5001 5001 5001 4921 4921 4921 4922 4922 4922 5003 5003 5003 4921 4921 4921 5003 5003 5003 5002 5002 5002 4922 4922 4922 4923 4923 4923 5004 5004 5004 4922 4922 4922 5004 5004 5004 5003 5003 5003 4923 4923 4923 4924 4924 4924 5005 5005 5005 4923 4923 4923 5005 5005 5005 5004 5004 5004 4924 4924 4924 4925 4925 4925 5006 5006 5006 4924 4924 4924 5006 5006 5006 5005 5005 5005 4925 4925 4925 4926 4926 4926 5007 5007 5007 4925 4925 4925 5007 5007 5007 5006 5006 5006 4926 4926 4926 4927 4927 4927 5008 5008 5008 4926 4926 4926 5008 5008 5008 5007 5007 5007 4927 4927 4927 4928 4928 4928 5009 5009 5009 4927 4927 4927 5009 5009 5009 5008 5008 5008 4928 4928 4928 4929 4929 4929 5010 5010 5010 4928 4928 4928 5010 5010 5010 5009 5009 5009 4929 4929 4929 4930 4930 4930 5011 5011 5011 4929 4929 4929 5011 5011 5011 5010 5010 5010 4930 4930 4930 4931 4931 4931 5012 5012 5012 4930 4930 4930 5012 5012 5012 5011 5011 5011 4931 4931 4931 4932 4932 4932 5013 5013 5013 4931 4931 4931 5013 5013 5013 5012 5012 5012 4932 4932 4932 4933 4933 4933 5014 5014 5014 4932 4932 4932 5014 5014 5014 5013 5013 5013 4933 4933 4933 4934 4934 4934 5015 5015 5015 4933 4933 4933 5015 5015 5015 5014 5014 5014 4934 4934 4934 4935 4935 4935 5016 5016 5016 4934 4934 4934 5016 5016 5016 5015 5015 5015 4935 4935 4935 4936 4936 4936 5017 5017 5017 4935 4935 4935 5017 5017 5017 5016 5016 5016 4936 4936 4936 4937 4937 4937 5018 5018 5018 4936 4936 4936 5018 5018 5018 5017 5017 5017 4937 4937 4937 4938 4938 4938 5019 5019 5019 4937 4937 4937 5019 5019 5019 5018 5018 5018 4938 4938 4938 4939 4939 4939 5020 5020 5020 4938 4938 4938 5020 5020 5020 5019 5019 5019 4939 4939 4939 4940 4940 4940 5021 5021 5021 4939 4939 4939 5021 5021 5021 5020 5020 5020 4941 4941 4941 4942 4942 4942 5023 5023 5023 4941 4941 4941 5023 5023 5023 5022 5022 5022 4942 4942 4942 4943 4943 4943 5024 5024 5024 4942 4942 4942 5024 5024 5024 5023 5023 5023 4943 4943 4943 4944 4944 4944 5025 5025 5025 4943 4943 4943 5025 5025 5025 5024 5024 5024 4944 4944 4944 4945 4945 4945 5026 5026 5026 4944 4944 4944 5026 5026 5026 5025 5025 5025 4945 4945 4945 4946 4946 4946 5027 5027 5027 4945 4945 4945 5027 5027 5027 5026 5026 5026 4946 4946 4946 4947 4947 4947 5028 5028 5028 4946 4946 4946 5028 5028 5028 5027 5027 5027 4947 4947 4947 4948 4948 4948 5029 5029 5029 4947 4947 4947 5029 5029 5029 5028 5028 5028 4948 4948 4948 4949 4949 4949 5030 5030 5030 4948 4948 4948 5030 5030 5030 5029 5029 5029 4949 4949 4949 4950 4950 4950 5031 5031 5031 4949 4949 4949 5031 5031 5031 5030 5030 5030 4950 4950 4950 4951 4951 4951 5032 5032 5032 4950 4950 4950 5032 5032 5032 5031 5031 5031 4951 4951 4951 4952 4952 4952 5033 5033 5033 4951 4951 4951 5033 5033 5033 5032 5032 5032 4952 4952 4952 4953 4953 4953 5034 5034 5034 4952 4952 4952 5034 5034 5034 5033 5033 5033 4953 4953 4953 4954 4954 4954 5035 5035 5035 4953 4953 4953 5035 5035 5035 5034 5034 5034 4954 4954 4954 4955 4955 4955 5036 5036 5036 4954 4954 4954 5036 5036 5036 5035 5035 5035 4955 4955 4955 4956 4956 4956 5037 5037 5037 4955 4955 4955 5037 5037 5037 5036 5036 5036 4956 4956 4956 4957 4957 4957 5038 5038 5038 4956 4956 4956 5038 5038 5038 5037 5037 5037 4957 4957 4957 4958 4958 4958 5039 5039 5039 4957 4957 4957 5039 5039 5039 5038 5038 5038 4958 4958 4958 4959 4959 4959 5040 5040 5040 4958 4958 4958 5040 5040 5040 5039 5039 5039 4959 4959 4959 4960 4960 4960 5041 5041 5041 4959 4959 4959 5041 5041 5041 5040 5040 5040 4960 4960 4960 4961 4961 4961 5042 5042 5042 4960 4960 4960 5042 5042 5042 5041 5041 5041 4961 4961 4961 4962 4962 4962 5043 5043 5043 4961 4961 4961 5043 5043 5043 5042 5042 5042 4962 4962 4962 4963 4963 4963 5044 5044 5044 4962 4962 4962 5044 5044 5044 5043 5043 5043 4963 4963 4963 4964 4964 4964 5045 5045 5045 4963 4963 4963 5045 5045 5045 5044 5044 5044 4964 4964 4964 4965 4965 4965 5046 5046 5046 4964 4964 4964 5046 5046 5046 5045 5045 5045 4965 4965 4965 4966 4966 4966 5047 5047 5047 4965 4965 4965 5047 5047 5047 5046 5046 5046 4966 4966 4966 4967 4967 4967 5048 5048 5048 4966 4966 4966 5048 5048 5048 5047 5047 5047 4967 4967 4967 4968 4968 4968 5049 5049 5049 4967 4967 4967 5049 5049 5049 5048 5048 5048 4968 4968 4968 4969 4969 4969 5050 5050 5050 4968 4968 4968 5050 5050 5050 5049 5049 5049 4969 4969 4969 4970 4970 4970 5051 5051 5051 4969 4969 4969 5051 5051 5051 5050 5050 5050 4970 4970 4970 4971 4971 4971 5052 5052 5052 4970 4970 4970 5052 5052 5052 5051 5051 5051 4971 4971 4971 4972 4972 4972 5053 5053 5053 4971 4971 4971 5053 5053 5053 5052 5052 5052 4972 4972 4972 4973 4973 4973 5054 5054 5054 4972 4972 4972 5054 5054 5054 5053 5053 5053 4973 4973 4973 4974 4974 4974 5055 5055 5055 4973 4973 4973 5055 5055 5055 5054 5054 5054 4974 4974 4974 4975 4975 4975 5056 5056 5056 4974 4974 4974 5056 5056 5056 5055 5055 5055 4975 4975 4975 4976 4976 4976 5057 5057 5057 4975 4975 4975 5057 5057 5057 5056 5056 5056 4976 4976 4976 4977 4977 4977 5058 5058 5058 4976 4976 4976 5058 5058 5058 5057 5057 5057 4977 4977 4977 4978 4978 4978 5059 5059 5059 4977 4977 4977 5059 5059 5059 5058 5058 5058 4978 4978 4978 4979 4979 4979 5060 5060 5060 4978 4978 4978 5060 5060 5060 5059 5059 5059 4979 4979 4979 4980 4980 4980 5061 5061 5061 4979 4979 4979 5061 5061 5061 5060 5060 5060 4980 4980 4980 4981 4981 4981 5062 5062 5062 4980 4980 4980 5062 5062 5062 5061 5061 5061 4981 4981 4981 4982 4982 4982 5063 5063 5063 4981 4981 4981 5063 5063 5063 5062 5062 5062 4982 4982 4982 4983 4983 4983 5064 5064 5064 4982 4982 4982 5064 5064 5064 5063 5063 5063 4983 4983 4983 4984 4984 4984 5065 5065 5065 4983 4983 4983 5065 5065 5065 5064 5064 5064 4984 4984 4984 4985 4985 4985 5066 5066 5066 4984 4984 4984 5066 5066 5066 5065 5065 5065 4985 4985 4985 4986 4986 4986 5067 5067 5067 4985 4985 4985 5067 5067 5067 5066 5066 5066 4986 4986 4986 4987 4987 4987 5068 5068 5068 4986 4986 4986 5068 5068 5068 5067 5067 5067 4987 4987 4987 4988 4988 4988 5069 5069 5069 4987 4987 4987 5069 5069 5069 5068 5068 5068 4988 4988 4988 4989 4989 4989 5070 5070 5070 4988 4988 4988 5070 5070 5070 5069 5069 5069 4989 4989 4989 4990 4990 4990 5071 5071 5071 4989 4989 4989 5071 5071 5071 5070 5070 5070 4990 4990 4990 4991 4991 4991 5072 5072 5072 4990 4990 4990 5072 5072 5072 5071 5071 5071 4991 4991 4991 4992 4992 4992 5073 5073 5073 4991 4991 4991 5073 5073 5073 5072 5072 5072 4992 4992 4992 4993 4993 4993 5074 5074 5074 4992 4992 4992 5074 5074 5074 5073 5073 5073 4993 4993 4993 4994 4994 4994 5075 5075 5075 4993 4993 4993 5075 5075 5075 5074 5074 5074 4994 4994 4994 4995 4995 4995 5076 5076 5076 4994 4994 4994 5076 5076 5076 5075 5075 5075 4995 4995 4995 4996 4996 4996 5077 5077 5077 4995 4995 4995 5077 5077 5077 5076 5076 5076 4996 4996 4996 4997 4997 4997 5078 5078 5078 4996 4996 4996 5078 5078 5078 5077 5077 5077 4997 4997 4997 4998 4998 4998 5079 5079 5079 4997 4997 4997 5079 5079 5079 5078 5078 5078 4998 4998 4998 4999 4999 4999 5080 5080 5080 4998 4998 4998 5080 5080 5080 5079 5079 5079 4999 4999 4999 5000 5000 5000 5081 5081 5081 4999 4999 4999 5081 5081 5081 5080 5080 5080 5000 5000 5000 5001 5001 5001 5082 5082 5082 5000 5000 5000 5082 5082 5082 5081 5081 5081 5001 5001 5001 5002 5002 5002 5083 5083 5083 5001 5001 5001 5083 5083 5083 5082 5082 5082 5002 5002 5002 5003 5003 5003 5084 5084 5084 5002 5002 5002 5084 5084 5084 5083 5083 5083 5003 5003 5003 5004 5004 5004 5085 5085 5085 5003 5003 5003 5085 5085 5085 5084 5084 5084 5004 5004 5004 5005 5005 5005 5086 5086 5086 5004 5004 5004 5086 5086 5086 5085 5085 5085 5005 5005 5005 5006 5006 5006 5087 5087 5087 5005 5005 5005 5087 5087 5087 5086 5086 5086 5006 5006 5006 5007 5007 5007 5088 5088 5088 5006 5006 5006 5088 5088 5088 5087 5087 5087 5007 5007 5007 5008 5008 5008 5089 5089 5089 5007 5007 5007 5089 5089 5089 5088 5088 5088 5008 5008 5008 5009 5009 5009 5090 5090 5090 5008 5008 5008 5090 5090 5090 5089 5089 5089 5009 5009 5009 5010 5010 5010 5091 5091 5091 5009 5009 5009 5091 5091 5091 5090 5090 5090 5010 5010 5010 5011 5011 5011 5092 5092 5092 5010 5010 5010 5092 5092 5092 5091 5091 5091 5011 5011 5011 5012 5012 5012 5093 5093 5093 5011 5011 5011 5093 5093 5093 5092 5092 5092 5012 5012 5012 5013 5013 5013 5094 5094 5094 5012 5012 5012 5094 5094 5094 5093 5093 5093 5013 5013 5013 5014 5014 5014 5095 5095 5095 5013 5013 5013 5095 5095 5095 5094 5094 5094 5014 5014 5014 5015 5015 5015 5096 5096 5096 5014 5014 5014 5096 5096 5096 5095 5095 5095 5015 5015 5015 5016 5016 5016 5097 5097 5097 5015 5015 5015 5097 5097 5097 5096 5096 5096 5016 5016 5016 5017 5017 5017 5098 5098 5098 5016 5016 5016 5098 5098 5098 5097 5097 5097 5017 5017 5017 5018 5018 5018 5099 5099 5099 5017 5017 5017 5099 5099 5099 5098 5098 5098 5018 5018 5018 5019 5019 5019 5100 5100 5100 5018 5018 5018 5100 5100 5100 5099 5099 5099 5019 5019 5019 5020 5020 5020 5101 5101 5101 5019 5019 5019 5101 5101 5101 5100 5100 5100 5020 5020 5020 5021 5021 5021 5102 5102 5102 5020 5020 5020 5102 5102 5102 5101 5101 5101 5022 5022 5022 5023 5023 5023 5104 5104 5104 5022 5022 5022 5104 5104 5104 5103 5103 5103 5023 5023 5023 5024 5024 5024 5105 5105 5105 5023 5023 5023 5105 5105 5105 5104 5104 5104 5024 5024 5024 5025 5025 5025 5106 5106 5106 5024 5024 5024 5106 5106 5106 5105 5105 5105 5025 5025 5025 5026 5026 5026 5107 5107 5107 5025 5025 5025 5107 5107 5107 5106 5106 5106 5026 5026 5026 5027 5027 5027 5108 5108 5108 5026 5026 5026 5108 5108 5108 5107 5107 5107 5027 5027 5027 5028 5028 5028 5109 5109 5109 5027 5027 5027 5109 5109 5109 5108 5108 5108 5028 5028 5028 5029 5029 5029 5110 5110 5110 5028 5028 5028 5110 5110 5110 5109 5109 5109 5029 5029 5029 5030 5030 5030 5111 5111 5111 5029 5029 5029 5111 5111 5111 5110 5110 5110 5030 5030 5030 5031 5031 5031 5112 5112 5112 5030 5030 5030 5112 5112 5112 5111 5111 5111 5031 5031 5031 5032 5032 5032 5113 5113 5113 5031 5031 5031 5113 5113 5113 5112 5112 5112 5032 5032 5032 5033 5033 5033 5114 5114 5114 5032 5032 5032 5114 5114 5114 5113 5113 5113 5033 5033 5033 5034 5034 5034 5115 5115 5115 5033 5033 5033 5115 5115 5115 5114 5114 5114 5034 5034 5034 5035 5035 5035 5116 5116 5116 5034 5034 5034 5116 5116 5116 5115 5115 5115 5035 5035 5035 5036 5036 5036 5117 5117 5117 5035 5035 5035 5117 5117 5117 5116 5116 5116 5036 5036 5036 5037 5037 5037 5118 5118 5118 5036 5036 5036 5118 5118 5118 5117 5117 5117 5037 5037 5037 5038 5038 5038 5119 5119 5119 5037 5037 5037 5119 5119 5119 5118 5118 5118 5038 5038 5038 5039 5039 5039 5120 5120 5120 5038 5038 5038 5120 5120 5120 5119 5119 5119 5039 5039 5039 5040 5040 5040 5121 5121 5121 5039 5039 5039 5121 5121 5121 5120 5120 5120 5040 5040 5040 5041 5041 5041 5122 5122 5122 5040 5040 5040 5122 5122 5122 5121 5121 5121 5041 5041 5041 5042 5042 5042 5123 5123 5123 5041 5041 5041 5123 5123 5123 5122 5122 5122 5042 5042 5042 5043 5043 5043 5124 5124 5124 5042 5042 5042 5124 5124 5124 5123 5123 5123 5043 5043 5043 5044 5044 5044 5125 5125 5125 5043 5043 5043 5125 5125 5125 5124 5124 5124 5044 5044 5044 5045 5045 5045 5126 5126 5126 5044 5044 5044 5126 5126 5126 5125 5125 5125 5045 5045 5045 5046 5046 5046 5127 5127 5127 5045 5045 5045 5127 5127 5127 5126 5126 5126 5046 5046 5046 5047 5047 5047 5128 5128 5128 5046 5046 5046 5128 5128 5128 5127 5127 5127 5047 5047 5047 5048 5048 5048 5129 5129 5129 5047 5047 5047 5129 5129 5129 5128 5128 5128 5048 5048 5048 5049 5049 5049 5130 5130 5130 5048 5048 5048 5130 5130 5130 5129 5129 5129 5049 5049 5049 5050 5050 5050 5131 5131 5131 5049 5049 5049 5131 5131 5131 5130 5130 5130 5050 5050 5050 5051 5051 5051 5132 5132 5132 5050 5050 5050 5132 5132 5132 5131 5131 5131 5051 5051 5051 5052 5052 5052 5133 5133 5133 5051 5051 5051 5133 5133 5133 5132 5132 5132 5052 5052 5052 5053 5053 5053 5134 5134 5134 5052 5052 5052 5134 5134 5134 5133 5133 5133 5053 5053 5053 5054 5054 5054 5135 5135 5135 5053 5053 5053 5135 5135 5135 5134 5134 5134 5054 5054 5054 5055 5055 5055 5136 5136 5136 5054 5054 5054 5136 5136 5136 5135 5135 5135 5055 5055 5055 5056 5056 5056 5137 5137 5137 5055 5055 5055 5137 5137 5137 5136 5136 5136 5056 5056 5056 5057 5057 5057 5138 5138 5138 5056 5056 5056 5138 5138 5138 5137 5137 5137 5057 5057 5057 5058 5058 5058 5139 5139 5139 5057 5057 5057 5139 5139 5139 5138 5138 5138 5058 5058 5058 5059 5059 5059 5140 5140 5140 5058 5058 5058 5140 5140 5140 5139 5139 5139 5059 5059 5059 5060 5060 5060 5141 5141 5141 5059 5059 5059 5141 5141 5141 5140 5140 5140 5060 5060 5060 5061 5061 5061 5142 5142 5142 5060 5060 5060 5142 5142 5142 5141 5141 5141 5061 5061 5061 5062 5062 5062 5143 5143 5143 5061 5061 5061 5143 5143 5143 5142 5142 5142 5062 5062 5062 5063 5063 5063 5144 5144 5144 5062 5062 5062 5144 5144 5144 5143 5143 5143 5063 5063 5063 5064 5064 5064 5145 5145 5145 5063 5063 5063 5145 5145 5145 5144 5144 5144 5064 5064 5064 5065 5065 5065 5146 5146 5146 5064 5064 5064 5146 5146 5146 5145 5145 5145 5065 5065 5065 5066 5066 5066 5147 5147 5147 5065 5065 5065 5147 5147 5147 5146 5146 5146 5066 5066 5066 5067 5067 5067 5148 5148 5148 5066 5066 5066 5148 5148 5148 5147 5147 5147 5067 5067 5067 5068 5068 5068 5149 5149 5149 5067 5067 5067 5149 5149 5149 5148 5148 5148 5068 5068 5068 5069 5069 5069 5150 5150 5150 5068 5068 5068 5150 5150 5150 5149 5149 5149 5069 5069 5069 5070 5070 5070 5151 5151 5151 5069 5069 5069 5151 5151 5151 5150 5150 5150 5070 5070 5070 5071 5071 5071 5152 5152 5152 5070 5070 5070 5152 5152 5152 5151 5151 5151 5071 5071 5071 5072 5072 5072 5153 5153 5153 5071 5071 5071 5153 5153 5153 5152 5152 5152 5072 5072 5072 5073 5073 5073 5154 5154 5154 5072 5072 5072 5154 5154 5154 5153 5153 5153 5073 5073 5073 5074 5074 5074 5155 5155 5155 5073 5073 5073 5155 5155 5155 5154 5154 5154 5074 5074 5074 5075 5075 5075 5156 5156 5156 5074 5074 5074 5156 5156 5156 5155 5155 5155 5075 5075 5075 5076 5076 5076 5157 5157 5157 5075 5075 5075 5157 5157 5157 5156 5156 5156 5076 5076 5076 5077 5077 5077 5158 5158 5158 5076 5076 5076 5158 5158 5158 5157 5157 5157 5077 5077 5077 5078 5078 5078 5159 5159 5159 5077 5077 5077 5159 5159 5159 5158 5158 5158 5078 5078 5078 5079 5079 5079 5160 5160 5160 5078 5078 5078 5160 5160 5160 5159 5159 5159 5079 5079 5079 5080 5080 5080 5161 5161 5161 5079 5079 5079 5161 5161 5161 5160 5160 5160 5080 5080 5080 5081 5081 5081 5162 5162 5162 5080 5080 5080 5162 5162 5162 5161 5161 5161 5081 5081 5081 5082 5082 5082 5163 5163 5163 5081 5081 5081 5163 5163 5163 5162 5162 5162 5082 5082 5082 5083 5083 5083 5164 5164 5164 5082 5082 5082 5164 5164 5164 5163 5163 5163 5083 5083 5083 5084 5084 5084 5165 5165 5165 5083 5083 5083 5165 5165 5165 5164 5164 5164 5084 5084 5084 5085 5085 5085 5166 5166 5166 5084 5084 5084 5166 5166 5166 5165 5165 5165 5085 5085 5085 5086 5086 5086 5167 5167 5167 5085 5085 5085 5167 5167 5167 5166 5166 5166 5086 5086 5086 5087 5087 5087 5168 5168 5168 5086 5086 5086 5168 5168 5168 5167 5167 5167 5087 5087 5087 5088 5088 5088 5169 5169 5169 5087 5087 5087 5169 5169 5169 5168 5168 5168 5088 5088 5088 5089 5089 5089 5170 5170 5170 5088 5088 5088 5170 5170 5170 5169 5169 5169 5089 5089 5089 5090 5090 5090 5171 5171 5171 5089 5089 5089 5171 5171 5171 5170 5170 5170 5090 5090 5090 5091 5091 5091 5172 5172 5172 5090 5090 5090 5172 5172 5172 5171 5171 5171 5091 5091 5091 5092 5092 5092 5173 5173 5173 5091 5091 5091 5173 5173 5173 5172 5172 5172 5092 5092 5092 5093 5093 5093 5174 5174 5174 5092 5092 5092 5174 5174 5174 5173 5173 5173 5093 5093 5093 5094 5094 5094 5175 5175 5175 5093 5093 5093 5175 5175 5175 5174 5174 5174 5094 5094 5094 5095 5095 5095 5176 5176 5176 5094 5094 5094 5176 5176 5176 5175 5175 5175 5095 5095 5095 5096 5096 5096 5177 5177 5177 5095 5095 5095 5177 5177 5177 5176 5176 5176 5096 5096 5096 5097 5097 5097 5178 5178 5178 5096 5096 5096 5178 5178 5178 5177 5177 5177 5097 5097 5097 5098 5098 5098 5179 5179 5179 5097 5097 5097 5179 5179 5179 5178 5178 5178 5098 5098 5098 5099 5099 5099 5180 5180 5180 5098 5098 5098 5180 5180 5180 5179 5179 5179 5099 5099 5099 5100 5100 5100 5181 5181 5181 5099 5099 5099 5181 5181 5181 5180 5180 5180 5100 5100 5100 5101 5101 5101 5182 5182 5182 5100 5100 5100 5182 5182 5182 5181 5181 5181 5101 5101 5101 5102 5102 5102 5183 5183 5183 5101 5101 5101 5183 5183 5183 5182 5182 5182 5103 5103 5103 5104 5104 5104 5185 5185 5185 5103 5103 5103 5185 5185 5185 5184 5184 5184 5104 5104 5104 5105 5105 5105 5186 5186 5186 5104 5104 5104 5186 5186 5186 5185 5185 5185 5105 5105 5105 5106 5106 5106 5187 5187 5187 5105 5105 5105 5187 5187 5187 5186 5186 5186 5106 5106 5106 5107 5107 5107 5188 5188 5188 5106 5106 5106 5188 5188 5188 5187 5187 5187 5107 5107 5107 5108 5108 5108 5189 5189 5189 5107 5107 5107 5189 5189 5189 5188 5188 5188 5108 5108 5108 5109 5109 5109 5190 5190 5190 5108 5108 5108 5190 5190 5190 5189 5189 5189 5109 5109 5109 5110 5110 5110 5191 5191 5191 5109 5109 5109 5191 5191 5191 5190 5190 5190 5110 5110 5110 5111 5111 5111 5192 5192 5192 5110 5110 5110 5192 5192 5192 5191 5191 5191 5111 5111 5111 5112 5112 5112 5193 5193 5193 5111 5111 5111 5193 5193 5193 5192 5192 5192 5112 5112 5112 5113 5113 5113 5194 5194 5194 5112 5112 5112 5194 5194 5194 5193 5193 5193 5113 5113 5113 5114 5114 5114 5195 5195 5195 5113 5113 5113 5195 5195 5195 5194 5194 5194 5114 5114 5114 5115 5115 5115 5196 5196 5196 5114 5114 5114 5196 5196 5196 5195 5195 5195 5115 5115 5115 5116 5116 5116 5197 5197 5197 5115 5115 5115 5197 5197 5197 5196 5196 5196 5116 5116 5116 5117 5117 5117 5198 5198 5198 5116 5116 5116 5198 5198 5198 5197 5197 5197 5117 5117 5117 5118 5118 5118 5199 5199 5199 5117 5117 5117 5199 5199 5199 5198 5198 5198 5118 5118 5118 5119 5119 5119 5200 5200 5200 5118 5118 5118 5200 5200 5200 5199 5199 5199 5119 5119 5119 5120 5120 5120 5201 5201 5201 5119 5119 5119 5201 5201 5201 5200 5200 5200 5120 5120 5120 5121 5121 5121 5202 5202 5202 5120 5120 5120 5202 5202 5202 5201 5201 5201 5121 5121 5121 5122 5122 5122 5203 5203 5203 5121 5121 5121 5203 5203 5203 5202 5202 5202 5122 5122 5122 5123 5123 5123 5204 5204 5204 5122 5122 5122 5204 5204 5204 5203 5203 5203 5123 5123 5123 5124 5124 5124 5205 5205 5205 5123 5123 5123 5205 5205 5205 5204 5204 5204 5124 5124 5124 5125 5125 5125 5206 5206 5206 5124 5124 5124 5206 5206 5206 5205 5205 5205 5125 5125 5125 5126 5126 5126 5207 5207 5207 5125 5125 5125 5207 5207 5207 5206 5206 5206 5126 5126 5126 5127 5127 5127 5208 5208 5208 5126 5126 5126 5208 5208 5208 5207 5207 5207 5127 5127 5127 5128 5128 5128 5209 5209 5209 5127 5127 5127 5209 5209 5209 5208 5208 5208 5128 5128 5128 5129 5129 5129 5210 5210 5210 5128 5128 5128 5210 5210 5210 5209 5209 5209 5129 5129 5129 5130 5130 5130 5211 5211 5211 5129 5129 5129 5211 5211 5211 5210 5210 5210 5130 5130 5130 5131 5131 5131 5212 5212 5212 5130 5130 5130 5212 5212 5212 5211 5211 5211 5131 5131 5131 5132 5132 5132 5213 5213 5213 5131 5131 5131 5213 5213 5213 5212 5212 5212 5132 5132 5132 5133 5133 5133 5214 5214 5214 5132 5132 5132 5214 5214 5214 5213 5213 5213 5133 5133 5133 5134 5134 5134 5215 5215 5215 5133 5133 5133 5215 5215 5215 5214 5214 5214 5134 5134 5134 5135 5135 5135 5216 5216 5216 5134 5134 5134 5216 5216 5216 5215 5215 5215 5135 5135 5135 5136 5136 5136 5217 5217 5217 5135 5135 5135 5217 5217 5217 5216 5216 5216 5136 5136 5136 5137 5137 5137 5218 5218 5218 5136 5136 5136 5218 5218 5218 5217 5217 5217 5137 5137 5137 5138 5138 5138 5219 5219 5219 5137 5137 5137 5219 5219 5219 5218 5218 5218 5138 5138 5138 5139 5139 5139 5220 5220 5220 5138 5138 5138 5220 5220 5220 5219 5219 5219 5139 5139 5139 5140 5140 5140 5221 5221 5221 5139 5139 5139 5221 5221 5221 5220 5220 5220 5140 5140 5140 5141 5141 5141 5222 5222 5222 5140 5140 5140 5222 5222 5222 5221 5221 5221 5141 5141 5141 5142 5142 5142 5223 5223 5223 5141 5141 5141 5223 5223 5223 5222 5222 5222 5142 5142 5142 5143 5143 5143 5224 5224 5224 5142 5142 5142 5224 5224 5224 5223 5223 5223 5143 5143 5143 5144 5144 5144 5225 5225 5225 5143 5143 5143 5225 5225 5225 5224 5224 5224 5144 5144 5144 5145 5145 5145 5226 5226 5226 5144 5144 5144 5226 5226 5226 5225 5225 5225 5145 5145 5145 5146 5146 5146 5227 5227 5227 5145 5145 5145 5227 5227 5227 5226 5226 5226 5146 5146 5146 5147 5147 5147 5228 5228 5228 5146 5146 5146 5228 5228 5228 5227 5227 5227 5147 5147 5147 5148 5148 5148 5229 5229 5229 5147 5147 5147 5229 5229 5229 5228 5228 5228 5148 5148 5148 5149 5149 5149 5230 5230 5230 5148 5148 5148 5230 5230 5230 5229 5229 5229 5149 5149 5149 5150 5150 5150 5231 5231 5231 5149 5149 5149 5231 5231 5231 5230 5230 5230 5150 5150 5150 5151 5151 5151 5232 5232 5232 5150 5150 5150 5232 5232 5232 5231 5231 5231 5151 5151 5151 5152 5152 5152 5233 5233 5233 5151 5151 5151 5233 5233 5233 5232 5232 5232 5152 5152 5152 5153 5153 5153 5234 5234 5234 5152 5152 5152 5234 5234 5234 5233 5233 5233 5153 5153 5153 5154 5154 5154 5235 5235 5235 5153 5153 5153 5235 5235 5235 5234 5234 5234 5154 5154 5154 5155 5155 5155 5236 5236 5236 5154 5154 5154 5236 5236 5236 5235 5235 5235 5155 5155 5155 5156 5156 5156 5237 5237 5237 5155 5155 5155 5237 5237 5237 5236 5236 5236 5156 5156 5156 5157 5157 5157 5238 5238 5238 5156 5156 5156 5238 5238 5238 5237 5237 5237 5157 5157 5157 5158 5158 5158 5239 5239 5239 5157 5157 5157 5239 5239 5239 5238 5238 5238 5158 5158 5158 5159 5159 5159 5240 5240 5240 5158 5158 5158 5240 5240 5240 5239 5239 5239 5159 5159 5159 5160 5160 5160 5241 5241 5241 5159 5159 5159 5241 5241 5241 5240 5240 5240 5160 5160 5160 5161 5161 5161 5242 5242 5242 5160 5160 5160 5242 5242 5242 5241 5241 5241 5161 5161 5161 5162 5162 5162 5243 5243 5243 5161 5161 5161 5243 5243 5243 5242 5242 5242 5162 5162 5162 5163 5163 5163 5244 5244 5244 5162 5162 5162 5244 5244 5244 5243 5243 5243 5163 5163 5163 5164 5164 5164 5245 5245 5245 5163 5163 5163 5245 5245 5245 5244 5244 5244 5164 5164 5164 5165 5165 5165 5246 5246 5246 5164 5164 5164 5246 5246 5246 5245 5245 5245 5165 5165 5165 5166 5166 5166 5247 5247 5247 5165 5165 5165 5247 5247 5247 5246 5246 5246 5166 5166 5166 5167 5167 5167 5248 5248 5248 5166 5166 5166 5248 5248 5248 5247 5247 5247 5167 5167 5167 5168 5168 5168 5249 5249 5249 5167 5167 5167 5249 5249 5249 5248 5248 5248 5168 5168 5168 5169 5169 5169 5250 5250 5250 5168 5168 5168 5250 5250 5250 5249 5249 5249 5169 5169 5169 5170 5170 5170 5251 5251 5251 5169 5169 5169 5251 5251 5251 5250 5250 5250 5170 5170 5170 5171 5171 5171 5252 5252 5252 5170 5170 5170 5252 5252 5252 5251 5251 5251 5171 5171 5171 5172 5172 5172 5253 5253 5253 5171 5171 5171 5253 5253 5253 5252 5252 5252 5172 5172 5172 5173 5173 5173 5254 5254 5254 5172 5172 5172 5254 5254 5254 5253 5253 5253 5173 5173 5173 5174 5174 5174 5255 5255 5255 5173 5173 5173 5255 5255 5255 5254 5254 5254 5174 5174 5174 5175 5175 5175 5256 5256 5256 5174 5174 5174 5256 5256 5256 5255 5255 5255 5175 5175 5175 5176 5176 5176 5257 5257 5257 5175 5175 5175 5257 5257 5257 5256 5256 5256 5176 5176 5176 5177 5177 5177 5258 5258 5258 5176 5176 5176 5258 5258 5258 5257 5257 5257 5177 5177 5177 5178 5178 5178 5259 5259 5259 5177 5177 5177 5259 5259 5259 5258 5258 5258 5178 5178 5178 5179 5179 5179 5260 5260 5260 5178 5178 5178 5260 5260 5260 5259 5259 5259 5179 5179 5179 5180 5180 5180 5261 5261 5261 5179 5179 5179 5261 5261 5261 5260 5260 5260 5180 5180 5180 5181 5181 5181 5262 5262 5262 5180 5180 5180 5262 5262 5262 5261 5261 5261 5181 5181 5181 5182 5182 5182 5263 5263 5263 5181 5181 5181 5263 5263 5263 5262 5262 5262 5182 5182 5182 5183 5183 5183 5264 5264 5264 5182 5182 5182 5264 5264 5264 5263 5263 5263 5184 5184 5184 5185 5185 5185 5266 5266 5266 5184 5184 5184 5266 5266 5266 5265 5265 5265 5185 5185 5185 5186 5186 5186 5267 5267 5267 5185 5185 5185 5267 5267 5267 5266 5266 5266 5186 5186 5186 5187 5187 5187 5268 5268 5268 5186 5186 5186 5268 5268 5268 5267 5267 5267 5187 5187 5187 5188 5188 5188 5269 5269 5269 5187 5187 5187 5269 5269 5269 5268 5268 5268 5188 5188 5188 5189 5189 5189 5270 5270 5270 5188 5188 5188 5270 5270 5270 5269 5269 5269 5189 5189 5189 5190 5190 5190 5271 5271 5271 5189 5189 5189 5271 5271 5271 5270 5270 5270 5190 5190 5190 5191 5191 5191 5272 5272 5272 5190 5190 5190 5272 5272 5272 5271 5271 5271 5191 5191 5191 5192 5192 5192 5273 5273 5273 5191 5191 5191 5273 5273 5273 5272 5272 5272 5192 5192 5192 5193 5193 5193 5274 5274 5274 5192 5192 5192 5274 5274 5274 5273 5273 5273 5193 5193 5193 5194 5194 5194 5275 5275 5275 5193 5193 5193 5275 5275 5275 5274 5274 5274 5194 5194 5194 5195 5195 5195 5276 5276 5276 5194 5194 5194 5276 5276 5276 5275 5275 5275 5195 5195 5195 5196 5196 5196 5277 5277 5277 5195 5195 5195 5277 5277 5277 5276 5276 5276 5196 5196 5196 5197 5197 5197 5278 5278 5278 5196 5196 5196 5278 5278 5278 5277 5277 5277 5197 5197 5197 5198 5198 5198 5279 5279 5279 5197 5197 5197 5279 5279 5279 5278 5278 5278 5198 5198 5198 5199 5199 5199 5280 5280 5280 5198 5198 5198 5280 5280 5280 5279 5279 5279 5199 5199 5199 5200 5200 5200 5281 5281 5281 5199 5199 5199 5281 5281 5281 5280 5280 5280 5200 5200 5200 5201 5201 5201 5282 5282 5282 5200 5200 5200 5282 5282 5282 5281 5281 5281 5201 5201 5201 5202 5202 5202 5283 5283 5283 5201 5201 5201 5283 5283 5283 5282 5282 5282 5202 5202 5202 5203 5203 5203 5284 5284 5284 5202 5202 5202 5284 5284 5284 5283 5283 5283 5203 5203 5203 5204 5204 5204 5285 5285 5285 5203 5203 5203 5285 5285 5285 5284 5284 5284 5204 5204 5204 5205 5205 5205 5286 5286 5286 5204 5204 5204 5286 5286 5286 5285 5285 5285 5205 5205 5205 5206 5206 5206 5287 5287 5287 5205 5205 5205 5287 5287 5287 5286 5286 5286 5206 5206 5206 5207 5207 5207 5288 5288 5288 5206 5206 5206 5288 5288 5288 5287 5287 5287 5207 5207 5207 5208 5208 5208 5289 5289 5289 5207 5207 5207 5289 5289 5289 5288 5288 5288 5208 5208 5208 5209 5209 5209 5290 5290 5290 5208 5208 5208 5290 5290 5290 5289 5289 5289 5209 5209 5209 5210 5210 5210 5291 5291 5291 5209 5209 5209 5291 5291 5291 5290 5290 5290 5210 5210 5210 5211 5211 5211 5292 5292 5292 5210 5210 5210 5292 5292 5292 5291 5291 5291 5211 5211 5211 5212 5212 5212 5293 5293 5293 5211 5211 5211 5293 5293 5293 5292 5292 5292 5212 5212 5212 5213 5213 5213 5294 5294 5294 5212 5212 5212 5294 5294 5294 5293 5293 5293 5213 5213 5213 5214 5214 5214 5295 5295 5295 5213 5213 5213 5295 5295 5295 5294 5294 5294 5214 5214 5214 5215 5215 5215 5296 5296 5296 5214 5214 5214 5296 5296 5296 5295 5295 5295 5215 5215 5215 5216 5216 5216 5297 5297 5297 5215 5215 5215 5297 5297 5297 5296 5296 5296 5216 5216 5216 5217 5217 5217 5298 5298 5298 5216 5216 5216 5298 5298 5298 5297 5297 5297 5217 5217 5217 5218 5218 5218 5299 5299 5299 5217 5217 5217 5299 5299 5299 5298 5298 5298 5218 5218 5218 5219 5219 5219 5300 5300 5300 5218 5218 5218 5300 5300 5300 5299 5299 5299 5219 5219 5219 5220 5220 5220 5301 5301 5301 5219 5219 5219 5301 5301 5301 5300 5300 5300 5220 5220 5220 5221 5221 5221 5302 5302 5302 5220 5220 5220 5302 5302 5302 5301 5301 5301 5221 5221 5221 5222 5222 5222 5303 5303 5303 5221 5221 5221 5303 5303 5303 5302 5302 5302 5222 5222 5222 5223 5223 5223 5304 5304 5304 5222 5222 5222 5304 5304 5304 5303 5303 5303 5223 5223 5223 5224 5224 5224 5305 5305 5305 5223 5223 5223 5305 5305 5305 5304 5304 5304 5224 5224 5224 5225 5225 5225 5306 5306 5306 5224 5224 5224 5306 5306 5306 5305 5305 5305 5225 5225 5225 5226 5226 5226 5307 5307 5307 5225 5225 5225 5307 5307 5307 5306 5306 5306 5226 5226 5226 5227 5227 5227 5308 5308 5308 5226 5226 5226 5308 5308 5308 5307 5307 5307 5227 5227 5227 5228 5228 5228 5309 5309 5309 5227 5227 5227 5309 5309 5309 5308 5308 5308 5228 5228 5228 5229 5229 5229 5310 5310 5310 5228 5228 5228 5310 5310 5310 5309 5309 5309 5229 5229 5229 5230 5230 5230 5311 5311 5311 5229 5229 5229 5311 5311 5311 5310 5310 5310 5230 5230 5230 5231 5231 5231 5312 5312 5312 5230 5230 5230 5312 5312 5312 5311 5311 5311 5231 5231 5231 5232 5232 5232 5313 5313 5313 5231 5231 5231 5313 5313 5313 5312 5312 5312 5232 5232 5232 5233 5233 5233 5314 5314 5314 5232 5232 5232 5314 5314 5314 5313 5313 5313 5233 5233 5233 5234 5234 5234 5315 5315 5315 5233 5233 5233 5315 5315 5315 5314 5314 5314 5234 5234 5234 5235 5235 5235 5316 5316 5316 5234 5234 5234 5316 5316 5316 5315 5315 5315 5235 5235 5235 5236 5236 5236 5317 5317 5317 5235 5235 5235 5317 5317 5317 5316 5316 5316 5236 5236 5236 5237 5237 5237 5318 5318 5318 5236 5236 5236 5318 5318 5318 5317 5317 5317 5237 5237 5237 5238 5238 5238 5319 5319 5319 5237 5237 5237 5319 5319 5319 5318 5318 5318 5238 5238 5238 5239 5239 5239 5320 5320 5320 5238 5238 5238 5320 5320 5320 5319 5319 5319 5239 5239 5239 5240 5240 5240 5321 5321 5321 5239 5239 5239 5321 5321 5321 5320 5320 5320 5240 5240 5240 5241 5241 5241 5322 5322 5322 5240 5240 5240 5322 5322 5322 5321 5321 5321 5241 5241 5241 5242 5242 5242 5323 5323 5323 5241 5241 5241 5323 5323 5323 5322 5322 5322 5242 5242 5242 5243 5243 5243 5324 5324 5324 5242 5242 5242 5324 5324 5324 5323 5323 5323 5243 5243 5243 5244 5244 5244 5325 5325 5325 5243 5243 5243 5325 5325 5325 5324 5324 5324 5244 5244 5244 5245 5245 5245 5326 5326 5326 5244 5244 5244 5326 5326 5326 5325 5325 5325 5245 5245 5245 5246 5246 5246 5327 5327 5327 5245 5245 5245 5327 5327 5327 5326 5326 5326 5246 5246 5246 5247 5247 5247 5328 5328 5328 5246 5246 5246 5328 5328 5328 5327 5327 5327 5247 5247 5247 5248 5248 5248 5329 5329 5329 5247 5247 5247 5329 5329 5329 5328 5328 5328 5248 5248 5248 5249 5249 5249 5330 5330 5330 5248 5248 5248 5330 5330 5330 5329 5329 5329 5249 5249 5249 5250 5250 5250 5331 5331 5331 5249 5249 5249 5331 5331 5331 5330 5330 5330 5250 5250 5250 5251 5251 5251 5332 5332 5332 5250 5250 5250 5332 5332 5332 5331 5331 5331 5251 5251 5251 5252 5252 5252 5333 5333 5333 5251 5251 5251 5333 5333 5333 5332 5332 5332 5252 5252 5252 5253 5253 5253 5334 5334 5334 5252 5252 5252 5334 5334 5334 5333 5333 5333 5253 5253 5253 5254 5254 5254 5335 5335 5335 5253 5253 5253 5335 5335 5335 5334 5334 5334 5254 5254 5254 5255 5255 5255 5336 5336 5336 5254 5254 5254 5336 5336 5336 5335 5335 5335 5255 5255 5255 5256 5256 5256 5337 5337 5337 5255 5255 5255 5337 5337 5337 5336 5336 5336 5256 5256 5256 5257 5257 5257 5338 5338 5338 5256 5256 5256 5338 5338 5338 5337 5337 5337 5257 5257 5257 5258 5258 5258 5339 5339 5339 5257 5257 5257 5339 5339 5339 5338 5338 5338 5258 5258 5258 5259 5259 5259 5340 5340 5340 5258 5258 5258 5340 5340 5340 5339 5339 5339 5259 5259 5259 5260 5260 5260 5341 5341 5341 5259 5259 5259 5341 5341 5341 5340 5340 5340 5260 5260 5260 5261 5261 5261 5342 5342 5342 5260 5260 5260 5342 5342 5342 5341 5341 5341 5261 5261 5261 5262 5262 5262 5343 5343 5343 5261 5261 5261 5343 5343 5343 5342 5342 5342 5262 5262 5262 5263 5263 5263 5344 5344 5344 5262 5262 5262 5344 5344 5344 5343 5343 5343 5263 5263 5263 5264 5264 5264 5345 5345 5345 5263 5263 5263 5345 5345 5345 5344 5344 5344 5265 5265 5265 5266 5266 5266 5347 5347 5347 5265 5265 5265 5347 5347 5347 5346 5346 5346 5266 5266 5266 5267 5267 5267 5348 5348 5348 5266 5266 5266 5348 5348 5348 5347 5347 5347 5267 5267 5267 5268 5268 5268 5349 5349 5349 5267 5267 5267 5349 5349 5349 5348 5348 5348 5268 5268 5268 5269 5269 5269 5350 5350 5350 5268 5268 5268 5350 5350 5350 5349 5349 5349 5269 5269 5269 5270 5270 5270 5351 5351 5351 5269 5269 5269 5351 5351 5351 5350 5350 5350 5270 5270 5270 5271 5271 5271 5352 5352 5352 5270 5270 5270 5352 5352 5352 5351 5351 5351 5271 5271 5271 5272 5272 5272 5353 5353 5353 5271 5271 5271 5353 5353 5353 5352 5352 5352 5272 5272 5272 5273 5273 5273 5354 5354 5354 5272 5272 5272 5354 5354 5354 5353 5353 5353 5273 5273 5273 5274 5274 5274 5355 5355 5355 5273 5273 5273 5355 5355 5355 5354 5354 5354 5274 5274 5274 5275 5275 5275 5356 5356 5356 5274 5274 5274 5356 5356 5356 5355 5355 5355 5275 5275 5275 5276 5276 5276 5357 5357 5357 5275 5275 5275 5357 5357 5357 5356 5356 5356 5276 5276 5276 5277 5277 5277 5358 5358 5358 5276 5276 5276 5358 5358 5358 5357 5357 5357 5277 5277 5277 5278 5278 5278 5359 5359 5359 5277 5277 5277 5359 5359 5359 5358 5358 5358 5278 5278 5278 5279 5279 5279 5360 5360 5360 5278 5278 5278 5360 5360 5360 5359 5359 5359 5279 5279 5279 5280 5280 5280 5361 5361 5361 5279 5279 5279 5361 5361 5361 5360 5360 5360 5280 5280 5280 5281 5281 5281 5362 5362 5362 5280 5280 5280 5362 5362 5362 5361 5361 5361 5281 5281 5281 5282 5282 5282 5363 5363 5363 5281 5281 5281 5363 5363 5363 5362 5362 5362 5282 5282 5282 5283 5283 5283 5364 5364 5364 5282 5282 5282 5364 5364 5364 5363 5363 5363 5283 5283 5283 5284 5284 5284 5365 5365 5365 5283 5283 5283 5365 5365 5365 5364 5364 5364 5284 5284 5284 5285 5285 5285 5366 5366 5366 5284 5284 5284 5366 5366 5366 5365 5365 5365 5285 5285 5285 5286 5286 5286 5367 5367 5367 5285 5285 5285 5367 5367 5367 5366 5366 5366 5286 5286 5286 5287 5287 5287 5368 5368 5368 5286 5286 5286 5368 5368 5368 5367 5367 5367 5287 5287 5287 5288 5288 5288 5369 5369 5369 5287 5287 5287 5369 5369 5369 5368 5368 5368 5288 5288 5288 5289 5289 5289 5370 5370 5370 5288 5288 5288 5370 5370 5370 5369 5369 5369 5289 5289 5289 5290 5290 5290 5371 5371 5371 5289 5289 5289 5371 5371 5371 5370 5370 5370 5290 5290 5290 5291 5291 5291 5372 5372 5372 5290 5290 5290 5372 5372 5372 5371 5371 5371 5291 5291 5291 5292 5292 5292 5373 5373 5373 5291 5291 5291 5373 5373 5373 5372 5372 5372 5292 5292 5292 5293 5293 5293 5374 5374 5374 5292 5292 5292 5374 5374 5374 5373 5373 5373 5293 5293 5293 5294 5294 5294 5375 5375 5375 5293 5293 5293 5375 5375 5375 5374 5374 5374 5294 5294 5294 5295 5295 5295 5376 5376 5376 5294 5294 5294 5376 5376 5376 5375 5375 5375 5295 5295 5295 5296 5296 5296 5377 5377 5377 5295 5295 5295 5377 5377 5377 5376 5376 5376 5296 5296 5296 5297 5297 5297 5378 5378 5378 5296 5296 5296 5378 5378 5378 5377 5377 5377 5297 5297 5297 5298 5298 5298 5379 5379 5379 5297 5297 5297 5379 5379 5379 5378 5378 5378 5298 5298 5298 5299 5299 5299 5380 5380 5380 5298 5298 5298 5380 5380 5380 5379 5379 5379 5299 5299 5299 5300 5300 5300 5381 5381 5381 5299 5299 5299 5381 5381 5381 5380 5380 5380 5300 5300 5300 5301 5301 5301 5382 5382 5382 5300 5300 5300 5382 5382 5382 5381 5381 5381 5301 5301 5301 5302 5302 5302 5383 5383 5383 5301 5301 5301 5383 5383 5383 5382 5382 5382 5302 5302 5302 5303 5303 5303 5384 5384 5384 5302 5302 5302 5384 5384 5384 5383 5383 5383 5303 5303 5303 5304 5304 5304 5385 5385 5385 5303 5303 5303 5385 5385 5385 5384 5384 5384 5304 5304 5304 5305 5305 5305 5386 5386 5386 5304 5304 5304 5386 5386 5386 5385 5385 5385 5305 5305 5305 5306 5306 5306 5387 5387 5387 5305 5305 5305 5387 5387 5387 5386 5386 5386 5306 5306 5306 5307 5307 5307 5388 5388 5388 5306 5306 5306 5388 5388 5388 5387 5387 5387 5307 5307 5307 5308 5308 5308 5389 5389 5389 5307 5307 5307 5389 5389 5389 5388 5388 5388 5308 5308 5308 5309 5309 5309 5390 5390 5390 5308 5308 5308 5390 5390 5390 5389 5389 5389 5309 5309 5309 5310 5310 5310 5391 5391 5391 5309 5309 5309 5391 5391 5391 5390 5390 5390 5310 5310 5310 5311 5311 5311 5392 5392 5392 5310 5310 5310 5392 5392 5392 5391 5391 5391 5311 5311 5311 5312 5312 5312 5393 5393 5393 5311 5311 5311 5393 5393 5393 5392 5392 5392 5312 5312 5312 5313 5313 5313 5394 5394 5394 5312 5312 5312 5394 5394 5394 5393 5393 5393 5313 5313 5313 5314 5314 5314 5395 5395 5395 5313 5313 5313 5395 5395 5395 5394 5394 5394 5314 5314 5314 5315 5315 5315 5396 5396 5396 5314 5314 5314 5396 5396 5396 5395 5395 5395 5315 5315 5315 5316 5316 5316 5397 5397 5397 5315 5315 5315 5397 5397 5397 5396 5396 5396 5316 5316 5316 5317 5317 5317 5398 5398 5398 5316 5316 5316 5398 5398 5398 5397 5397 5397 5317 5317 5317 5318 5318 5318 5399 5399 5399 5317 5317 5317 5399 5399 5399 5398 5398 5398 5318 5318 5318 5319 5319 5319 5400 5400 5400 5318 5318 5318 5400 5400 5400 5399 5399 5399 5319 5319 5319 5320 5320 5320 5401 5401 5401 5319 5319 5319 5401 5401 5401 5400 5400 5400 5320 5320 5320 5321 5321 5321 5402 5402 5402 5320 5320 5320 5402 5402 5402 5401 5401 5401 5321 5321 5321 5322 5322 5322 5403 5403 5403 5321 5321 5321 5403 5403 5403 5402 5402 5402 5322 5322 5322 5323 5323 5323 5404 5404 5404 5322 5322 5322 5404 5404 5404 5403 5403 5403 5323 5323 5323 5324 5324 5324 5405 5405 5405 5323 5323 5323 5405 5405 5405 5404 5404 5404 5324 5324 5324 5325 5325 5325 5406 5406 5406 5324 5324 5324 5406 5406 5406 5405 5405 5405 5325 5325 5325 5326 5326 5326 5407 5407 5407 5325 5325 5325 5407 5407 5407 5406 5406 5406 5326 5326 5326 5327 5327 5327 5408 5408 5408 5326 5326 5326 5408 5408 5408 5407 5407 5407 5327 5327 5327 5328 5328 5328 5409 5409 5409 5327 5327 5327 5409 5409 5409 5408 5408 5408 5328 5328 5328 5329 5329 5329 5410 5410 5410 5328 5328 5328 5410 5410 5410 5409 5409 5409 5329 5329 5329 5330 5330 5330 5411 5411 5411 5329 5329 5329 5411 5411 5411 5410 5410 5410 5330 5330 5330 5331 5331 5331 5412 5412 5412 5330 5330 5330 5412 5412 5412 5411 5411 5411 5331 5331 5331 5332 5332 5332 5413 5413 5413 5331 5331 5331 5413 5413 5413 5412 5412 5412 5332 5332 5332 5333 5333 5333 5414 5414 5414 5332 5332 5332 5414 5414 5414 5413 5413 5413 5333 5333 5333 5334 5334 5334 5415 5415 5415 5333 5333 5333 5415 5415 5415 5414 5414 5414 5334 5334 5334 5335 5335 5335 5416 5416 5416 5334 5334 5334 5416 5416 5416 5415 5415 5415 5335 5335 5335 5336 5336 5336 5417 5417 5417 5335 5335 5335 5417 5417 5417 5416 5416 5416 5336 5336 5336 5337 5337 5337 5418 5418 5418 5336 5336 5336 5418 5418 5418 5417 5417 5417 5337 5337 5337 5338 5338 5338 5419 5419 5419 5337 5337 5337 5419 5419 5419 5418 5418 5418 5338 5338 5338 5339 5339 5339 5420 5420 5420 5338 5338 5338 5420 5420 5420 5419 5419 5419 5339 5339 5339 5340 5340 5340 5421 5421 5421 5339 5339 5339 5421 5421 5421 5420 5420 5420 5340 5340 5340 5341 5341 5341 5422 5422 5422 5340 5340 5340 5422 5422 5422 5421 5421 5421 5341 5341 5341 5342 5342 5342 5423 5423 5423 5341 5341 5341 5423 5423 5423 5422 5422 5422 5342 5342 5342 5343 5343 5343 5424 5424 5424 5342 5342 5342 5424 5424 5424 5423 5423 5423 5343 5343 5343 5344 5344 5344 5425 5425 5425 5343 5343 5343 5425 5425 5425 5424 5424 5424 5344 5344 5344 5345 5345 5345 5426 5426 5426 5344 5344 5344 5426 5426 5426 5425 5425 5425 5346 5346 5346 5347 5347 5347 5428 5428 5428 5346 5346 5346 5428 5428 5428 5427 5427 5427 5347 5347 5347 5348 5348 5348 5429 5429 5429 5347 5347 5347 5429 5429 5429 5428 5428 5428 5348 5348 5348 5349 5349 5349 5430 5430 5430 5348 5348 5348 5430 5430 5430 5429 5429 5429 5349 5349 5349 5350 5350 5350 5431 5431 5431 5349 5349 5349 5431 5431 5431 5430 5430 5430 5350 5350 5350 5351 5351 5351 5432 5432 5432 5350 5350 5350 5432 5432 5432 5431 5431 5431 5351 5351 5351 5352 5352 5352 5433 5433 5433 5351 5351 5351 5433 5433 5433 5432 5432 5432 5352 5352 5352 5353 5353 5353 5434 5434 5434 5352 5352 5352 5434 5434 5434 5433 5433 5433 5353 5353 5353 5354 5354 5354 5435 5435 5435 5353 5353 5353 5435 5435 5435 5434 5434 5434 5354 5354 5354 5355 5355 5355 5436 5436 5436 5354 5354 5354 5436 5436 5436 5435 5435 5435 5355 5355 5355 5356 5356 5356 5437 5437 5437 5355 5355 5355 5437 5437 5437 5436 5436 5436 5356 5356 5356 5357 5357 5357 5438 5438 5438 5356 5356 5356 5438 5438 5438 5437 5437 5437 5357 5357 5357 5358 5358 5358 5439 5439 5439 5357 5357 5357 5439 5439 5439 5438 5438 5438 5358 5358 5358 5359 5359 5359 5440 5440 5440 5358 5358 5358 5440 5440 5440 5439 5439 5439 5359 5359 5359 5360 5360 5360 5441 5441 5441 5359 5359 5359 5441 5441 5441 5440 5440 5440 5360 5360 5360 5361 5361 5361 5442 5442 5442 5360 5360 5360 5442 5442 5442 5441 5441 5441 5361 5361 5361 5362 5362 5362 5443 5443 5443 5361 5361 5361 5443 5443 5443 5442 5442 5442 5362 5362 5362 5363 5363 5363 5444 5444 5444 5362 5362 5362 5444 5444 5444 5443 5443 5443 5363 5363 5363 5364 5364 5364 5445 5445 5445 5363 5363 5363 5445 5445 5445 5444 5444 5444 5364 5364 5364 5365 5365 5365 5446 5446 5446 5364 5364 5364 5446 5446 5446 5445 5445 5445 5365 5365 5365 5366 5366 5366 5447 5447 5447 5365 5365 5365 5447 5447 5447 5446 5446 5446 5366 5366 5366 5367 5367 5367 5448 5448 5448 5366 5366 5366 5448 5448 5448 5447 5447 5447 5367 5367 5367 5368 5368 5368 5449 5449 5449 5367 5367 5367 5449 5449 5449 5448 5448 5448 5368 5368 5368 5369 5369 5369 5450 5450 5450 5368 5368 5368 5450 5450 5450 5449 5449 5449 5369 5369 5369 5370 5370 5370 5451 5451 5451 5369 5369 5369 5451 5451 5451 5450 5450 5450 5370 5370 5370 5371 5371 5371 5452 5452 5452 5370 5370 5370 5452 5452 5452 5451 5451 5451 5371 5371 5371 5372 5372 5372 5453 5453 5453 5371 5371 5371 5453 5453 5453 5452 5452 5452 5372 5372 5372 5373 5373 5373 5454 5454 5454 5372 5372 5372 5454 5454 5454 5453 5453 5453 5373 5373 5373 5374 5374 5374 5455 5455 5455 5373 5373 5373 5455 5455 5455 5454 5454 5454 5374 5374 5374 5375 5375 5375 5456 5456 5456 5374 5374 5374 5456 5456 5456 5455 5455 5455 5375 5375 5375 5376 5376 5376 5457 5457 5457 5375 5375 5375 5457 5457 5457 5456 5456 5456 5376 5376 5376 5377 5377 5377 5458 5458 5458 5376 5376 5376 5458 5458 5458 5457 5457 5457 5377 5377 5377 5378 5378 5378 5459 5459 5459 5377 5377 5377 5459 5459 5459 5458 5458 5458 5378 5378 5378 5379 5379 5379 5460 5460 5460 5378 5378 5378 5460 5460 5460 5459 5459 5459 5379 5379 5379 5380 5380 5380 5461 5461 5461 5379 5379 5379 5461 5461 5461 5460 5460 5460 5380 5380 5380 5381 5381 5381 5462 5462 5462 5380 5380 5380 5462 5462 5462 5461 5461 5461 5381 5381 5381 5382 5382 5382 5463 5463 5463 5381 5381 5381 5463 5463 5463 5462 5462 5462 5382 5382 5382 5383 5383 5383 5464 5464 5464 5382 5382 5382 5464 5464 5464 5463 5463 5463 5383 5383 5383 5384 5384 5384 5465 5465 5465 5383 5383 5383 5465 5465 5465 5464 5464 5464 5384 5384 5384 5385 5385 5385 5466 5466 5466 5384 5384 5384 5466 5466 5466 5465 5465 5465 5385 5385 5385 5386 5386 5386 5467 5467 5467 5385 5385 5385 5467 5467 5467 5466 5466 5466 5386 5386 5386 5387 5387 5387 5468 5468 5468 5386 5386 5386 5468 5468 5468 5467 5467 5467 5387 5387 5387 5388 5388 5388 5469 5469 5469 5387 5387 5387 5469 5469 5469 5468 5468 5468 5388 5388 5388 5389 5389 5389 5470 5470 5470 5388 5388 5388 5470 5470 5470 5469 5469 5469 5389 5389 5389 5390 5390 5390 5471 5471 5471 5389 5389 5389 5471 5471 5471 5470 5470 5470 5390 5390 5390 5391 5391 5391 5472 5472 5472 5390 5390 5390 5472 5472 5472 5471 5471 5471 5391 5391 5391 5392 5392 5392 5473 5473 5473 5391 5391 5391 5473 5473 5473 5472 5472 5472 5392 5392 5392 5393 5393 5393 5474 5474 5474 5392 5392 5392 5474 5474 5474 5473 5473 5473 5393 5393 5393 5394 5394 5394 5475 5475 5475 5393 5393 5393 5475 5475 5475 5474 5474 5474 5394 5394 5394 5395 5395 5395 5476 5476 5476 5394 5394 5394 5476 5476 5476 5475 5475 5475 5395 5395 5395 5396 5396 5396 5477 5477 5477 5395 5395 5395 5477 5477 5477 5476 5476 5476 5396 5396 5396 5397 5397 5397 5478 5478 5478 5396 5396 5396 5478 5478 5478 5477 5477 5477 5397 5397 5397 5398 5398 5398 5479 5479 5479 5397 5397 5397 5479 5479 5479 5478 5478 5478 5398 5398 5398 5399 5399 5399 5480 5480 5480 5398 5398 5398 5480 5480 5480 5479 5479 5479 5399 5399 5399 5400 5400 5400 5481 5481 5481 5399 5399 5399 5481 5481 5481 5480 5480 5480 5400 5400 5400 5401 5401 5401 5482 5482 5482 5400 5400 5400 5482 5482 5482 5481 5481 5481 5401 5401 5401 5402 5402 5402 5483 5483 5483 5401 5401 5401 5483 5483 5483 5482 5482 5482 5402 5402 5402 5403 5403 5403 5484 5484 5484 5402 5402 5402 5484 5484 5484 5483 5483 5483 5403 5403 5403 5404 5404 5404 5485 5485 5485 5403 5403 5403 5485 5485 5485 5484 5484 5484 5404 5404 5404 5405 5405 5405 5486 5486 5486 5404 5404 5404 5486 5486 5486 5485 5485 5485 5405 5405 5405 5406 5406 5406 5487 5487 5487 5405 5405 5405 5487 5487 5487 5486 5486 5486 5406 5406 5406 5407 5407 5407 5488 5488 5488 5406 5406 5406 5488 5488 5488 5487 5487 5487 5407 5407 5407 5408 5408 5408 5489 5489 5489 5407 5407 5407 5489 5489 5489 5488 5488 5488 5408 5408 5408 5409 5409 5409 5490 5490 5490 5408 5408 5408 5490 5490 5490 5489 5489 5489 5409 5409 5409 5410 5410 5410 5491 5491 5491 5409 5409 5409 5491 5491 5491 5490 5490 5490 5410 5410 5410 5411 5411 5411 5492 5492 5492 5410 5410 5410 5492 5492 5492 5491 5491 5491 5411 5411 5411 5412 5412 5412 5493 5493 5493 5411 5411 5411 5493 5493 5493 5492 5492 5492 5412 5412 5412 5413 5413 5413 5494 5494 5494 5412 5412 5412 5494 5494 5494 5493 5493 5493 5413 5413 5413 5414 5414 5414 5495 5495 5495 5413 5413 5413 5495 5495 5495 5494 5494 5494 5414 5414 5414 5415 5415 5415 5496 5496 5496 5414 5414 5414 5496 5496 5496 5495 5495 5495 5415 5415 5415 5416 5416 5416 5497 5497 5497 5415 5415 5415 5497 5497 5497 5496 5496 5496 5416 5416 5416 5417 5417 5417 5498 5498 5498 5416 5416 5416 5498 5498 5498 5497 5497 5497 5417 5417 5417 5418 5418 5418 5499 5499 5499 5417 5417 5417 5499 5499 5499 5498 5498 5498 5418 5418 5418 5419 5419 5419 5500 5500 5500 5418 5418 5418 5500 5500 5500 5499 5499 5499 5419 5419 5419 5420 5420 5420 5501 5501 5501 5419 5419 5419 5501 5501 5501 5500 5500 5500 5420 5420 5420 5421 5421 5421 5502 5502 5502 5420 5420 5420 5502 5502 5502 5501 5501 5501 5421 5421 5421 5422 5422 5422 5503 5503 5503 5421 5421 5421 5503 5503 5503 5502 5502 5502 5422 5422 5422 5423 5423 5423 5504 5504 5504 5422 5422 5422 5504 5504 5504 5503 5503 5503 5423 5423 5423 5424 5424 5424 5505 5505 5505 5423 5423 5423 5505 5505 5505 5504 5504 5504 5424 5424 5424 5425 5425 5425 5506 5506 5506 5424 5424 5424 5506 5506 5506 5505 5505 5505 5425 5425 5425 5426 5426 5426 5507 5507 5507 5425 5425 5425 5507 5507 5507 5506 5506 5506 5427 5427 5427 5428 5428 5428 5509 5509 5509 5427 5427 5427 5509 5509 5509 5508 5508 5508 5428 5428 5428 5429 5429 5429 5510 5510 5510 5428 5428 5428 5510 5510 5510 5509 5509 5509 5429 5429 5429 5430 5430 5430 5511 5511 5511 5429 5429 5429 5511 5511 5511 5510 5510 5510 5430 5430 5430 5431 5431 5431 5512 5512 5512 5430 5430 5430 5512 5512 5512 5511 5511 5511 5431 5431 5431 5432 5432 5432 5513 5513 5513 5431 5431 5431 5513 5513 5513 5512 5512 5512 5432 5432 5432 5433 5433 5433 5514 5514 5514 5432 5432 5432 5514 5514 5514 5513 5513 5513 5433 5433 5433 5434 5434 5434 5515 5515 5515 5433 5433 5433 5515 5515 5515 5514 5514 5514 5434 5434 5434 5435 5435 5435 5516 5516 5516 5434 5434 5434 5516 5516 5516 5515 5515 5515 5435 5435 5435 5436 5436 5436 5517 5517 5517 5435 5435 5435 5517 5517 5517 5516 5516 5516 5436 5436 5436 5437 5437 5437 5518 5518 5518 5436 5436 5436 5518 5518 5518 5517 5517 5517 5437 5437 5437 5438 5438 5438 5519 5519 5519 5437 5437 5437 5519 5519 5519 5518 5518 5518 5438 5438 5438 5439 5439 5439 5520 5520 5520 5438 5438 5438 5520 5520 5520 5519 5519 5519 5439 5439 5439 5440 5440 5440 5521 5521 5521 5439 5439 5439 5521 5521 5521 5520 5520 5520 5440 5440 5440 5441 5441 5441 5522 5522 5522 5440 5440 5440 5522 5522 5522 5521 5521 5521 5441 5441 5441 5442 5442 5442 5523 5523 5523 5441 5441 5441 5523 5523 5523 5522 5522 5522 5442 5442 5442 5443 5443 5443 5524 5524 5524 5442 5442 5442 5524 5524 5524 5523 5523 5523 5443 5443 5443 5444 5444 5444 5525 5525 5525 5443 5443 5443 5525 5525 5525 5524 5524 5524 5444 5444 5444 5445 5445 5445 5526 5526 5526 5444 5444 5444 5526 5526 5526 5525 5525 5525 5445 5445 5445 5446 5446 5446 5527 5527 5527 5445 5445 5445 5527 5527 5527 5526 5526 5526 5446 5446 5446 5447 5447 5447 5528 5528 5528 5446 5446 5446 5528 5528 5528 5527 5527 5527 5447 5447 5447 5448 5448 5448 5529 5529 5529 5447 5447 5447 5529 5529 5529 5528 5528 5528 5448 5448 5448 5449 5449 5449 5530 5530 5530 5448 5448 5448 5530 5530 5530 5529 5529 5529 5449 5449 5449 5450 5450 5450 5531 5531 5531 5449 5449 5449 5531 5531 5531 5530 5530 5530 5450 5450 5450 5451 5451 5451 5532 5532 5532 5450 5450 5450 5532 5532 5532 5531 5531 5531 5451 5451 5451 5452 5452 5452 5533 5533 5533 5451 5451 5451 5533 5533 5533 5532 5532 5532 5452 5452 5452 5453 5453 5453 5534 5534 5534 5452 5452 5452 5534 5534 5534 5533 5533 5533 5453 5453 5453 5454 5454 5454 5535 5535 5535 5453 5453 5453 5535 5535 5535 5534 5534 5534 5454 5454 5454 5455 5455 5455 5536 5536 5536 5454 5454 5454 5536 5536 5536 5535 5535 5535 5455 5455 5455 5456 5456 5456 5537 5537 5537 5455 5455 5455 5537 5537 5537 5536 5536 5536 5456 5456 5456 5457 5457 5457 5538 5538 5538 5456 5456 5456 5538 5538 5538 5537 5537 5537 5457 5457 5457 5458 5458 5458 5539 5539 5539 5457 5457 5457 5539 5539 5539 5538 5538 5538 5458 5458 5458 5459 5459 5459 5540 5540 5540 5458 5458 5458 5540 5540 5540 5539 5539 5539 5459 5459 5459 5460 5460 5460 5541 5541 5541 5459 5459 5459 5541 5541 5541 5540 5540 5540 5460 5460 5460 5461 5461 5461 5542 5542 5542 5460 5460 5460 5542 5542 5542 5541 5541 5541 5461 5461 5461 5462 5462 5462 5543 5543 5543 5461 5461 5461 5543 5543 5543 5542 5542 5542 5462 5462 5462 5463 5463 5463 5544 5544 5544 5462 5462 5462 5544 5544 5544 5543 5543 5543 5463 5463 5463 5464 5464 5464 5545 5545 5545 5463 5463 5463 5545 5545 5545 5544 5544 5544 5464 5464 5464 5465 5465 5465 5546 5546 5546 5464 5464 5464 5546 5546 5546 5545 5545 5545 5465 5465 5465 5466 5466 5466 5547 5547 5547 5465 5465 5465 5547 5547 5547 5546 5546 5546 5466 5466 5466 5467 5467 5467 5548 5548 5548 5466 5466 5466 5548 5548 5548 5547 5547 5547 5467 5467 5467 5468 5468 5468 5549 5549 5549 5467 5467 5467 5549 5549 5549 5548 5548 5548 5468 5468 5468 5469 5469 5469 5550 5550 5550 5468 5468 5468 5550 5550 5550 5549 5549 5549 5469 5469 5469 5470 5470 5470 5551 5551 5551 5469 5469 5469 5551 5551 5551 5550 5550 5550 5470 5470 5470 5471 5471 5471 5552 5552 5552 5470 5470 5470 5552 5552 5552 5551 5551 5551 5471 5471 5471 5472 5472 5472 5553 5553 5553 5471 5471 5471 5553 5553 5553 5552 5552 5552 5472 5472 5472 5473 5473 5473 5554 5554 5554 5472 5472 5472 5554 5554 5554 5553 5553 5553 5473 5473 5473 5474 5474 5474 5555 5555 5555 5473 5473 5473 5555 5555 5555 5554 5554 5554 5474 5474 5474 5475 5475 5475 5556 5556 5556 5474 5474 5474 5556 5556 5556 5555 5555 5555 5475 5475 5475 5476 5476 5476 5557 5557 5557 5475 5475 5475 5557 5557 5557 5556 5556 5556 5476 5476 5476 5477 5477 5477 5558 5558 5558 5476 5476 5476 5558 5558 5558 5557 5557 5557 5477 5477 5477 5478 5478 5478 5559 5559 5559 5477 5477 5477 5559 5559 5559 5558 5558 5558 5478 5478 5478 5479 5479 5479 5560 5560 5560 5478 5478 5478 5560 5560 5560 5559 5559 5559 5479 5479 5479 5480 5480 5480 5561 5561 5561 5479 5479 5479 5561 5561 5561 5560 5560 5560 5480 5480 5480 5481 5481 5481 5562 5562 5562 5480 5480 5480 5562 5562 5562 5561 5561 5561 5481 5481 5481 5482 5482 5482 5563 5563 5563 5481 5481 5481 5563 5563 5563 5562 5562 5562 5482 5482 5482 5483 5483 5483 5564 5564 5564 5482 5482 5482 5564 5564 5564 5563 5563 5563 5483 5483 5483 5484 5484 5484 5565 5565 5565 5483 5483 5483 5565 5565 5565 5564 5564 5564 5484 5484 5484 5485 5485 5485 5566 5566 5566 5484 5484 5484 5566 5566 5566 5565 5565 5565 5485 5485 5485 5486 5486 5486 5567 5567 5567 5485 5485 5485 5567 5567 5567 5566 5566 5566 5486 5486 5486 5487 5487 5487 5568 5568 5568 5486 5486 5486 5568 5568 5568 5567 5567 5567 5487 5487 5487 5488 5488 5488 5569 5569 5569 5487 5487 5487 5569 5569 5569 5568 5568 5568 5488 5488 5488 5489 5489 5489 5570 5570 5570 5488 5488 5488 5570 5570 5570 5569 5569 5569 5489 5489 5489 5490 5490 5490 5571 5571 5571 5489 5489 5489 5571 5571 5571 5570 5570 5570 5490 5490 5490 5491 5491 5491 5572 5572 5572 5490 5490 5490 5572 5572 5572 5571 5571 5571 5491 5491 5491 5492 5492 5492 5573 5573 5573 5491 5491 5491 5573 5573 5573 5572 5572 5572 5492 5492 5492 5493 5493 5493 5574 5574 5574 5492 5492 5492 5574 5574 5574 5573 5573 5573 5493 5493 5493 5494 5494 5494 5575 5575 5575 5493 5493 5493 5575 5575 5575 5574 5574 5574 5494 5494 5494 5495 5495 5495 5576 5576 5576 5494 5494 5494 5576 5576 5576 5575 5575 5575 5495 5495 5495 5496 5496 5496 5577 5577 5577 5495 5495 5495 5577 5577 5577 5576 5576 5576 5496 5496 5496 5497 5497 5497 5578 5578 5578 5496 5496 5496 5578 5578 5578 5577 5577 5577 5497 5497 5497 5498 5498 5498 5579 5579 5579 5497 5497 5497 5579 5579 5579 5578 5578 5578 5498 5498 5498 5499 5499 5499 5580 5580 5580 5498 5498 5498 5580 5580 5580 5579 5579 5579 5499 5499 5499 5500 5500 5500 5581 5581 5581 5499 5499 5499 5581 5581 5581 5580 5580 5580 5500 5500 5500 5501 5501 5501 5582 5582 5582 5500 5500 5500 5582 5582 5582 5581 5581 5581 5501 5501 5501 5502 5502 5502 5583 5583 5583 5501 5501 5501 5583 5583 5583 5582 5582 5582 5502 5502 5502 5503 5503 5503 5584 5584 5584 5502 5502 5502 5584 5584 5584 5583 5583 5583 5503 5503 5503 5504 5504 5504 5585 5585 5585 5503 5503 5503 5585 5585 5585 5584 5584 5584 5504 5504 5504 5505 5505 5505 5586 5586 5586 5504 5504 5504 5586 5586 5586 5585 5585 5585 5505 5505 5505 5506 5506 5506 5587 5587 5587 5505 5505 5505 5587 5587 5587 5586 5586 5586 5506 5506 5506 5507 5507 5507 5588 5588 5588 5506 5506 5506 5588 5588 5588 5587 5587 5587 5508 5508 5508 5509 5509 5509 5590 5590 5590 5508 5508 5508 5590 5590 5590 5589 5589 5589 5509 5509 5509 5510 5510 5510 5591 5591 5591 5509 5509 5509 5591 5591 5591 5590 5590 5590 5510 5510 5510 5511 5511 5511 5592 5592 5592 5510 5510 5510 5592 5592 5592 5591 5591 5591 5511 5511 5511 5512 5512 5512 5593 5593 5593 5511 5511 5511 5593 5593 5593 5592 5592 5592 5512 5512 5512 5513 5513 5513 5594 5594 5594 5512 5512 5512 5594 5594 5594 5593 5593 5593 5513 5513 5513 5514 5514 5514 5595 5595 5595 5513 5513 5513 5595 5595 5595 5594 5594 5594 5514 5514 5514 5515 5515 5515 5596 5596 5596 5514 5514 5514 5596 5596 5596 5595 5595 5595 5515 5515 5515 5516 5516 5516 5597 5597 5597 5515 5515 5515 5597 5597 5597 5596 5596 5596 5516 5516 5516 5517 5517 5517 5598 5598 5598 5516 5516 5516 5598 5598 5598 5597 5597 5597 5517 5517 5517 5518 5518 5518 5599 5599 5599 5517 5517 5517 5599 5599 5599 5598 5598 5598 5518 5518 5518 5519 5519 5519 5600 5600 5600 5518 5518 5518 5600 5600 5600 5599 5599 5599 5519 5519 5519 5520 5520 5520 5601 5601 5601 5519 5519 5519 5601 5601 5601 5600 5600 5600 5520 5520 5520 5521 5521 5521 5602 5602 5602 5520 5520 5520 5602 5602 5602 5601 5601 5601 5521 5521 5521 5522 5522 5522 5603 5603 5603 5521 5521 5521 5603 5603 5603 5602 5602 5602 5522 5522 5522 5523 5523 5523 5604 5604 5604 5522 5522 5522 5604 5604 5604 5603 5603 5603 5523 5523 5523 5524 5524 5524 5605 5605 5605 5523 5523 5523 5605 5605 5605 5604 5604 5604 5524 5524 5524 5525 5525 5525 5606 5606 5606 5524 5524 5524 5606 5606 5606 5605 5605 5605 5525 5525 5525 5526 5526 5526 5607 5607 5607 5525 5525 5525 5607 5607 5607 5606 5606 5606 5526 5526 5526 5527 5527 5527 5608 5608 5608 5526 5526 5526 5608 5608 5608 5607 5607 5607 5527 5527 5527 5528 5528 5528 5609 5609 5609 5527 5527 5527 5609 5609 5609 5608 5608 5608 5528 5528 5528 5529 5529 5529 5610 5610 5610 5528 5528 5528 5610 5610 5610 5609 5609 5609 5529 5529 5529 5530 5530 5530 5611 5611 5611 5529 5529 5529 5611 5611 5611 5610 5610 5610 5530 5530 5530 5531 5531 5531 5612 5612 5612 5530 5530 5530 5612 5612 5612 5611 5611 5611 5531 5531 5531 5532 5532 5532 5613 5613 5613 5531 5531 5531 5613 5613 5613 5612 5612 5612 5532 5532 5532 5533 5533 5533 5614 5614 5614 5532 5532 5532 5614 5614 5614 5613 5613 5613 5533 5533 5533 5534 5534 5534 5615 5615 5615 5533 5533 5533 5615 5615 5615 5614 5614 5614 5534 5534 5534 5535 5535 5535 5616 5616 5616 5534 5534 5534 5616 5616 5616 5615 5615 5615 5535 5535 5535 5536 5536 5536 5617 5617 5617 5535 5535 5535 5617 5617 5617 5616 5616 5616 5536 5536 5536 5537 5537 5537 5618 5618 5618 5536 5536 5536 5618 5618 5618 5617 5617 5617 5537 5537 5537 5538 5538 5538 5619 5619 5619 5537 5537 5537 5619 5619 5619 5618 5618 5618 5538 5538 5538 5539 5539 5539 5620 5620 5620 5538 5538 5538 5620 5620 5620 5619 5619 5619 5539 5539 5539 5540 5540 5540 5621 5621 5621 5539 5539 5539 5621 5621 5621 5620 5620 5620 5540 5540 5540 5541 5541 5541 5622 5622 5622 5540 5540 5540 5622 5622 5622 5621 5621 5621 5541 5541 5541 5542 5542 5542 5623 5623 5623 5541 5541 5541 5623 5623 5623 5622 5622 5622 5542 5542 5542 5543 5543 5543 5624 5624 5624 5542 5542 5542 5624 5624 5624 5623 5623 5623 5543 5543 5543 5544 5544 5544 5625 5625 5625 5543 5543 5543 5625 5625 5625 5624 5624 5624 5544 5544 5544 5545 5545 5545 5626 5626 5626 5544 5544 5544 5626 5626 5626 5625 5625 5625 5545 5545 5545 5546 5546 5546 5627 5627 5627 5545 5545 5545 5627 5627 5627 5626 5626 5626 5546 5546 5546 5547 5547 5547 5628 5628 5628 5546 5546 5546 5628 5628 5628 5627 5627 5627 5547 5547 5547 5548 5548 5548 5629 5629 5629 5547 5547 5547 5629 5629 5629 5628 5628 5628 5548 5548 5548 5549 5549 5549 5630 5630 5630 5548 5548 5548 5630 5630 5630 5629 5629 5629 5549 5549 5549 5550 5550 5550 5631 5631 5631 5549 5549 5549 5631 5631 5631 5630 5630 5630 5550 5550 5550 5551 5551 5551 5632 5632 5632 5550 5550 5550 5632 5632 5632 5631 5631 5631 5551 5551 5551 5552 5552 5552 5633 5633 5633 5551 5551 5551 5633 5633 5633 5632 5632 5632 5552 5552 5552 5553 5553 5553 5634 5634 5634 5552 5552 5552 5634 5634 5634 5633 5633 5633 5553 5553 5553 5554 5554 5554 5635 5635 5635 5553 5553 5553 5635 5635 5635 5634 5634 5634 5554 5554 5554 5555 5555 5555 5636 5636 5636 5554 5554 5554 5636 5636 5636 5635 5635 5635 5555 5555 5555 5556 5556 5556 5637 5637 5637 5555 5555 5555 5637 5637 5637 5636 5636 5636 5556 5556 5556 5557 5557 5557 5638 5638 5638 5556 5556 5556 5638 5638 5638 5637 5637 5637 5557 5557 5557 5558 5558 5558 5639 5639 5639 5557 5557 5557 5639 5639 5639 5638 5638 5638 5558 5558 5558 5559 5559 5559 5640 5640 5640 5558 5558 5558 5640 5640 5640 5639 5639 5639 5559 5559 5559 5560 5560 5560 5641 5641 5641 5559 5559 5559 5641 5641 5641 5640 5640 5640 5560 5560 5560 5561 5561 5561 5642 5642 5642 5560 5560 5560 5642 5642 5642 5641 5641 5641 5561 5561 5561 5562 5562 5562 5643 5643 5643 5561 5561 5561 5643 5643 5643 5642 5642 5642 5562 5562 5562 5563 5563 5563 5644 5644 5644 5562 5562 5562 5644 5644 5644 5643 5643 5643 5563 5563 5563 5564 5564 5564 5645 5645 5645 5563 5563 5563 5645 5645 5645 5644 5644 5644 5564 5564 5564 5565 5565 5565 5646 5646 5646 5564 5564 5564 5646 5646 5646 5645 5645 5645 5565 5565 5565 5566 5566 5566 5647 5647 5647 5565 5565 5565 5647 5647 5647 5646 5646 5646 5566 5566 5566 5567 5567 5567 5648 5648 5648 5566 5566 5566 5648 5648 5648 5647 5647 5647 5567 5567 5567 5568 5568 5568 5649 5649 5649 5567 5567 5567 5649 5649 5649 5648 5648 5648 5568 5568 5568 5569 5569 5569 5650 5650 5650 5568 5568 5568 5650 5650 5650 5649 5649 5649 5569 5569 5569 5570 5570 5570 5651 5651 5651 5569 5569 5569 5651 5651 5651 5650 5650 5650 5570 5570 5570 5571 5571 5571 5652 5652 5652 5570 5570 5570 5652 5652 5652 5651 5651 5651 5571 5571 5571 5572 5572 5572 5653 5653 5653 5571 5571 5571 5653 5653 5653 5652 5652 5652 5572 5572 5572 5573 5573 5573 5654 5654 5654 5572 5572 5572 5654 5654 5654 5653 5653 5653 5573 5573 5573 5574 5574 5574 5655 5655 5655 5573 5573 5573 5655 5655 5655 5654 5654 5654 5574 5574 5574 5575 5575 5575 5656 5656 5656 5574 5574 5574 5656 5656 5656 5655 5655 5655 5575 5575 5575 5576 5576 5576 5657 5657 5657 5575 5575 5575 5657 5657 5657 5656 5656 5656 5576 5576 5576 5577 5577 5577 5658 5658 5658 5576 5576 5576 5658 5658 5658 5657 5657 5657 5577 5577 5577 5578 5578 5578 5659 5659 5659 5577 5577 5577 5659 5659 5659 5658 5658 5658 5578 5578 5578 5579 5579 5579 5660 5660 5660 5578 5578 5578 5660 5660 5660 5659 5659 5659 5579 5579 5579 5580 5580 5580 5661 5661 5661 5579 5579 5579 5661 5661 5661 5660 5660 5660 5580 5580 5580 5581 5581 5581 5662 5662 5662 5580 5580 5580 5662 5662 5662 5661 5661 5661 5581 5581 5581 5582 5582 5582 5663 5663 5663 5581 5581 5581 5663 5663 5663 5662 5662 5662 5582 5582 5582 5583 5583 5583 5664 5664 5664 5582 5582 5582 5664 5664 5664 5663 5663 5663 5583 5583 5583 5584 5584 5584 5665 5665 5665 5583 5583 5583 5665 5665 5665 5664 5664 5664 5584 5584 5584 5585 5585 5585 5666 5666 5666 5584 5584 5584 5666 5666 5666 5665 5665 5665 5585 5585 5585 5586 5586 5586 5667 5667 5667 5585 5585 5585 5667 5667 5667 5666 5666 5666 5586 5586 5586 5587 5587 5587 5668 5668 5668 5586 5586 5586 5668 5668 5668 5667 5667 5667 5587 5587 5587 5588 5588 5588 5669 5669 5669 5587 5587 5587 5669 5669 5669 5668 5668 5668 5589 5589 5589 5590 5590 5590 5671 5671 5671 5589 5589 5589 5671 5671 5671 5670 5670 5670 5590 5590 5590 5591 5591 5591 5672 5672 5672 5590 5590 5590 5672 5672 5672 5671 5671 5671 5591 5591 5591 5592 5592 5592 5673 5673 5673 5591 5591 5591 5673 5673 5673 5672 5672 5672 5592 5592 5592 5593 5593 5593 5674 5674 5674 5592 5592 5592 5674 5674 5674 5673 5673 5673 5593 5593 5593 5594 5594 5594 5675 5675 5675 5593 5593 5593 5675 5675 5675 5674 5674 5674 5594 5594 5594 5595 5595 5595 5676 5676 5676 5594 5594 5594 5676 5676 5676 5675 5675 5675 5595 5595 5595 5596 5596 5596 5677 5677 5677 5595 5595 5595 5677 5677 5677 5676 5676 5676 5596 5596 5596 5597 5597 5597 5678 5678 5678 5596 5596 5596 5678 5678 5678 5677 5677 5677 5597 5597 5597 5598 5598 5598 5679 5679 5679 5597 5597 5597 5679 5679 5679 5678 5678 5678 5598 5598 5598 5599 5599 5599 5680 5680 5680 5598 5598 5598 5680 5680 5680 5679 5679 5679 5599 5599 5599 5600 5600 5600 5681 5681 5681 5599 5599 5599 5681 5681 5681 5680 5680 5680 5600 5600 5600 5601 5601 5601 5682 5682 5682 5600 5600 5600 5682 5682 5682 5681 5681 5681 5601 5601 5601 5602 5602 5602 5683 5683 5683 5601 5601 5601 5683 5683 5683 5682 5682 5682 5602 5602 5602 5603 5603 5603 5684 5684 5684 5602 5602 5602 5684 5684 5684 5683 5683 5683 5603 5603 5603 5604 5604 5604 5685 5685 5685 5603 5603 5603 5685 5685 5685 5684 5684 5684 5604 5604 5604 5605 5605 5605 5686 5686 5686 5604 5604 5604 5686 5686 5686 5685 5685 5685 5605 5605 5605 5606 5606 5606 5687 5687 5687 5605 5605 5605 5687 5687 5687 5686 5686 5686 5606 5606 5606 5607 5607 5607 5688 5688 5688 5606 5606 5606 5688 5688 5688 5687 5687 5687 5607 5607 5607 5608 5608 5608 5689 5689 5689 5607 5607 5607 5689 5689 5689 5688 5688 5688 5608 5608 5608 5609 5609 5609 5690 5690 5690 5608 5608 5608 5690 5690 5690 5689 5689 5689 5609 5609 5609 5610 5610 5610 5691 5691 5691 5609 5609 5609 5691 5691 5691 5690 5690 5690 5610 5610 5610 5611 5611 5611 5692 5692 5692 5610 5610 5610 5692 5692 5692 5691 5691 5691 5611 5611 5611 5612 5612 5612 5693 5693 5693 5611 5611 5611 5693 5693 5693 5692 5692 5692 5612 5612 5612 5613 5613 5613 5694 5694 5694 5612 5612 5612 5694 5694 5694 5693 5693 5693 5613 5613 5613 5614 5614 5614 5695 5695 5695 5613 5613 5613 5695 5695 5695 5694 5694 5694 5614 5614 5614 5615 5615 5615 5696 5696 5696 5614 5614 5614 5696 5696 5696 5695 5695 5695 5615 5615 5615 5616 5616 5616 5697 5697 5697 5615 5615 5615 5697 5697 5697 5696 5696 5696 5616 5616 5616 5617 5617 5617 5698 5698 5698 5616 5616 5616 5698 5698 5698 5697 5697 5697 5617 5617 5617 5618 5618 5618 5699 5699 5699 5617 5617 5617 5699 5699 5699 5698 5698 5698 5618 5618 5618 5619 5619 5619 5700 5700 5700 5618 5618 5618 5700 5700 5700 5699 5699 5699 5619 5619 5619 5620 5620 5620 5701 5701 5701 5619 5619 5619 5701 5701 5701 5700 5700 5700 5620 5620 5620 5621 5621 5621 5702 5702 5702 5620 5620 5620 5702 5702 5702 5701 5701 5701 5621 5621 5621 5622 5622 5622 5703 5703 5703 5621 5621 5621 5703 5703 5703 5702 5702 5702 5622 5622 5622 5623 5623 5623 5704 5704 5704 5622 5622 5622 5704 5704 5704 5703 5703 5703 5623 5623 5623 5624 5624 5624 5705 5705 5705 5623 5623 5623 5705 5705 5705 5704 5704 5704 5624 5624 5624 5625 5625 5625 5706 5706 5706 5624 5624 5624 5706 5706 5706 5705 5705 5705 5625 5625 5625 5626 5626 5626 5707 5707 5707 5625 5625 5625 5707 5707 5707 5706 5706 5706 5626 5626 5626 5627 5627 5627 5708 5708 5708 5626 5626 5626 5708 5708 5708 5707 5707 5707 5627 5627 5627 5628 5628 5628 5709 5709 5709 5627 5627 5627 5709 5709 5709 5708 5708 5708 5628 5628 5628 5629 5629 5629 5710 5710 5710 5628 5628 5628 5710 5710 5710 5709 5709 5709 5629 5629 5629 5630 5630 5630 5711 5711 5711 5629 5629 5629 5711 5711 5711 5710 5710 5710 5630 5630 5630 5631 5631 5631 5712 5712 5712 5630 5630 5630 5712 5712 5712 5711 5711 5711 5631 5631 5631 5632 5632 5632 5713 5713 5713 5631 5631 5631 5713 5713 5713 5712 5712 5712 5632 5632 5632 5633 5633 5633 5714 5714 5714 5632 5632 5632 5714 5714 5714 5713 5713 5713 5633 5633 5633 5634 5634 5634 5715 5715 5715 5633 5633 5633 5715 5715 5715 5714 5714 5714 5634 5634 5634 5635 5635 5635 5716 5716 5716 5634 5634 5634 5716 5716 5716 5715 5715 5715 5635 5635 5635 5636 5636 5636 5717 5717 5717 5635 5635 5635 5717 5717 5717 5716 5716 5716 5636 5636 5636 5637 5637 5637 5718 5718 5718 5636 5636 5636 5718 5718 5718 5717 5717 5717 5637 5637 5637 5638 5638 5638 5719 5719 5719 5637 5637 5637 5719 5719 5719 5718 5718 5718 5638 5638 5638 5639 5639 5639 5720 5720 5720 5638 5638 5638 5720 5720 5720 5719 5719 5719 5639 5639 5639 5640 5640 5640 5721 5721 5721 5639 5639 5639 5721 5721 5721 5720 5720 5720 5640 5640 5640 5641 5641 5641 5722 5722 5722 5640 5640 5640 5722 5722 5722 5721 5721 5721 5641 5641 5641 5642 5642 5642 5723 5723 5723 5641 5641 5641 5723 5723 5723 5722 5722 5722 5642 5642 5642 5643 5643 5643 5724 5724 5724 5642 5642 5642 5724 5724 5724 5723 5723 5723 5643 5643 5643 5644 5644 5644 5725 5725 5725 5643 5643 5643 5725 5725 5725 5724 5724 5724 5644 5644 5644 5645 5645 5645 5726 5726 5726 5644 5644 5644 5726 5726 5726 5725 5725 5725 5645 5645 5645 5646 5646 5646 5727 5727 5727 5645 5645 5645 5727 5727 5727 5726 5726 5726 5646 5646 5646 5647 5647 5647 5728 5728 5728 5646 5646 5646 5728 5728 5728 5727 5727 5727 5647 5647 5647 5648 5648 5648 5729 5729 5729 5647 5647 5647 5729 5729 5729 5728 5728 5728 5648 5648 5648 5649 5649 5649 5730 5730 5730 5648 5648 5648 5730 5730 5730 5729 5729 5729 5649 5649 5649 5650 5650 5650 5731 5731 5731 5649 5649 5649 5731 5731 5731 5730 5730 5730 5650 5650 5650 5651 5651 5651 5732 5732 5732 5650 5650 5650 5732 5732 5732 5731 5731 5731 5651 5651 5651 5652 5652 5652 5733 5733 5733 5651 5651 5651 5733 5733 5733 5732 5732 5732 5652 5652 5652 5653 5653 5653 5734 5734 5734 5652 5652 5652 5734 5734 5734 5733 5733 5733 5653 5653 5653 5654 5654 5654 5735 5735 5735 5653 5653 5653 5735 5735 5735 5734 5734 5734 5654 5654 5654 5655 5655 5655 5736 5736 5736 5654 5654 5654 5736 5736 5736 5735 5735 5735 5655 5655 5655 5656 5656 5656 5737 5737 5737 5655 5655 5655 5737 5737 5737 5736 5736 5736 5656 5656 5656 5657 5657 5657 5738 5738 5738 5656 5656 5656 5738 5738 5738 5737 5737 5737 5657 5657 5657 5658 5658 5658 5739 5739 5739 5657 5657 5657 5739 5739 5739 5738 5738 5738 5658 5658 5658 5659 5659 5659 5740 5740 5740 5658 5658 5658 5740 5740 5740 5739 5739 5739 5659 5659 5659 5660 5660 5660 5741 5741 5741 5659 5659 5659 5741 5741 5741 5740 5740 5740 5660 5660 5660 5661 5661 5661 5742 5742 5742 5660 5660 5660 5742 5742 5742 5741 5741 5741 5661 5661 5661 5662 5662 5662 5743 5743 5743 5661 5661 5661 5743 5743 5743 5742 5742 5742 5662 5662 5662 5663 5663 5663 5744 5744 5744 5662 5662 5662 5744 5744 5744 5743 5743 5743 5663 5663 5663 5664 5664 5664 5745 5745 5745 5663 5663 5663 5745 5745 5745 5744 5744 5744 5664 5664 5664 5665 5665 5665 5746 5746 5746 5664 5664 5664 5746 5746 5746 5745 5745 5745 5665 5665 5665 5666 5666 5666 5747 5747 5747 5665 5665 5665 5747 5747 5747 5746 5746 5746 5666 5666 5666 5667 5667 5667 5748 5748 5748 5666 5666 5666 5748 5748 5748 5747 5747 5747 5667 5667 5667 5668 5668 5668 5749 5749 5749 5667 5667 5667 5749 5749 5749 5748 5748 5748 5668 5668 5668 5669 5669 5669 5750 5750 5750 5668 5668 5668 5750 5750 5750 5749 5749 5749 5670 5670 5670 5671 5671 5671 5752 5752 5752 5670 5670 5670 5752 5752 5752 5751 5751 5751 5671 5671 5671 5672 5672 5672 5753 5753 5753 5671 5671 5671 5753 5753 5753 5752 5752 5752 5672 5672 5672 5673 5673 5673 5754 5754 5754 5672 5672 5672 5754 5754 5754 5753 5753 5753 5673 5673 5673 5674 5674 5674 5755 5755 5755 5673 5673 5673 5755 5755 5755 5754 5754 5754 5674 5674 5674 5675 5675 5675 5756 5756 5756 5674 5674 5674 5756 5756 5756 5755 5755 5755 5675 5675 5675 5676 5676 5676 5757 5757 5757 5675 5675 5675 5757 5757 5757 5756 5756 5756 5676 5676 5676 5677 5677 5677 5758 5758 5758 5676 5676 5676 5758 5758 5758 5757 5757 5757 5677 5677 5677 5678 5678 5678 5759 5759 5759 5677 5677 5677 5759 5759 5759 5758 5758 5758 5678 5678 5678 5679 5679 5679 5760 5760 5760 5678 5678 5678 5760 5760 5760 5759 5759 5759 5679 5679 5679 5680 5680 5680 5761 5761 5761 5679 5679 5679 5761 5761 5761 5760 5760 5760 5680 5680 5680 5681 5681 5681 5762 5762 5762 5680 5680 5680 5762 5762 5762 5761 5761 5761 5681 5681 5681 5682 5682 5682 5763 5763 5763 5681 5681 5681 5763 5763 5763 5762 5762 5762 5682 5682 5682 5683 5683 5683 5764 5764 5764 5682 5682 5682 5764 5764 5764 5763 5763 5763 5683 5683 5683 5684 5684 5684 5765 5765 5765 5683 5683 5683 5765 5765 5765 5764 5764 5764 5684 5684 5684 5685 5685 5685 5766 5766 5766 5684 5684 5684 5766 5766 5766 5765 5765 5765 5685 5685 5685 5686 5686 5686 5767 5767 5767 5685 5685 5685 5767 5767 5767 5766 5766 5766 5686 5686 5686 5687 5687 5687 5768 5768 5768 5686 5686 5686 5768 5768 5768 5767 5767 5767 5687 5687 5687 5688 5688 5688 5769 5769 5769 5687 5687 5687 5769 5769 5769 5768 5768 5768 5688 5688 5688 5689 5689 5689 5770 5770 5770 5688 5688 5688 5770 5770 5770 5769 5769 5769 5689 5689 5689 5690 5690 5690 5771 5771 5771 5689 5689 5689 5771 5771 5771 5770 5770 5770 5690 5690 5690 5691 5691 5691 5772 5772 5772 5690 5690 5690 5772 5772 5772 5771 5771 5771 5691 5691 5691 5692 5692 5692 5773 5773 5773 5691 5691 5691 5773 5773 5773 5772 5772 5772 5692 5692 5692 5693 5693 5693 5774 5774 5774 5692 5692 5692 5774 5774 5774 5773 5773 5773 5693 5693 5693 5694 5694 5694 5775 5775 5775 5693 5693 5693 5775 5775 5775 5774 5774 5774 5694 5694 5694 5695 5695 5695 5776 5776 5776 5694 5694 5694 5776 5776 5776 5775 5775 5775 5695 5695 5695 5696 5696 5696 5777 5777 5777 5695 5695 5695 5777 5777 5777 5776 5776 5776 5696 5696 5696 5697 5697 5697 5778 5778 5778 5696 5696 5696 5778 5778 5778 5777 5777 5777 5697 5697 5697 5698 5698 5698 5779 5779 5779 5697 5697 5697 5779 5779 5779 5778 5778 5778 5698 5698 5698 5699 5699 5699 5780 5780 5780 5698 5698 5698 5780 5780 5780 5779 5779 5779 5699 5699 5699 5700 5700 5700 5781 5781 5781 5699 5699 5699 5781 5781 5781 5780 5780 5780 5700 5700 5700 5701 5701 5701 5782 5782 5782 5700 5700 5700 5782 5782 5782 5781 5781 5781 5701 5701 5701 5702 5702 5702 5783 5783 5783 5701 5701 5701 5783 5783 5783 5782 5782 5782 5702 5702 5702 5703 5703 5703 5784 5784 5784 5702 5702 5702 5784 5784 5784 5783 5783 5783 5703 5703 5703 5704 5704 5704 5785 5785 5785 5703 5703 5703 5785 5785 5785 5784 5784 5784 5704 5704 5704 5705 5705 5705 5786 5786 5786 5704 5704 5704 5786 5786 5786 5785 5785 5785 5705 5705 5705 5706 5706 5706 5787 5787 5787 5705 5705 5705 5787 5787 5787 5786 5786 5786 5706 5706 5706 5707 5707 5707 5788 5788 5788 5706 5706 5706 5788 5788 5788 5787 5787 5787 5707 5707 5707 5708 5708 5708 5789 5789 5789 5707 5707 5707 5789 5789 5789 5788 5788 5788 5708 5708 5708 5709 5709 5709 5790 5790 5790 5708 5708 5708 5790 5790 5790 5789 5789 5789 5709 5709 5709 5710 5710 5710 5791 5791 5791 5709 5709 5709 5791 5791 5791 5790 5790 5790 5710 5710 5710 5711 5711 5711 5792 5792 5792 5710 5710 5710 5792 5792 5792 5791 5791 5791 5711 5711 5711 5712 5712 5712 5793 5793 5793 5711 5711 5711 5793 5793 5793 5792 5792 5792 5712 5712 5712 5713 5713 5713 5794 5794 5794 5712 5712 5712 5794 5794 5794 5793 5793 5793 5713 5713 5713 5714 5714 5714 5795 5795 5795 5713 5713 5713 5795 5795 5795 5794 5794 5794 5714 5714 5714 5715 5715 5715 5796 5796 5796 5714 5714 5714 5796 5796 5796 5795 5795 5795 5715 5715 5715 5716 5716 5716 5797 5797 5797 5715 5715 5715 5797 5797 5797 5796 5796 5796 5716 5716 5716 5717 5717 5717 5798 5798 5798 5716 5716 5716 5798 5798 5798 5797 5797 5797 5717 5717 5717 5718 5718 5718 5799 5799 5799 5717 5717 5717 5799 5799 5799 5798 5798 5798 5718 5718 5718 5719 5719 5719 5800 5800 5800 5718 5718 5718 5800 5800 5800 5799 5799 5799 5719 5719 5719 5720 5720 5720 5801 5801 5801 5719 5719 5719 5801 5801 5801 5800 5800 5800 5720 5720 5720 5721 5721 5721 5802 5802 5802 5720 5720 5720 5802 5802 5802 5801 5801 5801 5721 5721 5721 5722 5722 5722 5803 5803 5803 5721 5721 5721 5803 5803 5803 5802 5802 5802 5722 5722 5722 5723 5723 5723 5804 5804 5804 5722 5722 5722 5804 5804 5804 5803 5803 5803 5723 5723 5723 5724 5724 5724 5805 5805 5805 5723 5723 5723 5805 5805 5805 5804 5804 5804 5724 5724 5724 5725 5725 5725 5806 5806 5806 5724 5724 5724 5806 5806 5806 5805 5805 5805 5725 5725 5725 5726 5726 5726 5807 5807 5807 5725 5725 5725 5807 5807 5807 5806 5806 5806 5726 5726 5726 5727 5727 5727 5808 5808 5808 5726 5726 5726 5808 5808 5808 5807 5807 5807 5727 5727 5727 5728 5728 5728 5809 5809 5809 5727 5727 5727 5809 5809 5809 5808 5808 5808 5728 5728 5728 5729 5729 5729 5810 5810 5810 5728 5728 5728 5810 5810 5810 5809 5809 5809 5729 5729 5729 5730 5730 5730 5811 5811 5811 5729 5729 5729 5811 5811 5811 5810 5810 5810 5730 5730 5730 5731 5731 5731 5812 5812 5812 5730 5730 5730 5812 5812 5812 5811 5811 5811 5731 5731 5731 5732 5732 5732 5813 5813 5813 5731 5731 5731 5813 5813 5813 5812 5812 5812 5732 5732 5732 5733 5733 5733 5814 5814 5814 5732 5732 5732 5814 5814 5814 5813 5813 5813 5733 5733 5733 5734 5734 5734 5815 5815 5815 5733 5733 5733 5815 5815 5815 5814 5814 5814 5734 5734 5734 5735 5735 5735 5816 5816 5816 5734 5734 5734 5816 5816 5816 5815 5815 5815 5735 5735 5735 5736 5736 5736 5817 5817 5817 5735 5735 5735 5817 5817 5817 5816 5816 5816 5736 5736 5736 5737 5737 5737 5818 5818 5818 5736 5736 5736 5818 5818 5818 5817 5817 5817 5737 5737 5737 5738 5738 5738 5819 5819 5819 5737 5737 5737 5819 5819 5819 5818 5818 5818 5738 5738 5738 5739 5739 5739 5820 5820 5820 5738 5738 5738 5820 5820 5820 5819 5819 5819 5739 5739 5739 5740 5740 5740 5821 5821 5821 5739 5739 5739 5821 5821 5821 5820 5820 5820 5740 5740 5740 5741 5741 5741 5822 5822 5822 5740 5740 5740 5822 5822 5822 5821 5821 5821 5741 5741 5741 5742 5742 5742 5823 5823 5823 5741 5741 5741 5823 5823 5823 5822 5822 5822 5742 5742 5742 5743 5743 5743 5824 5824 5824 5742 5742 5742 5824 5824 5824 5823 5823 5823 5743 5743 5743 5744 5744 5744 5825 5825 5825 5743 5743 5743 5825 5825 5825 5824 5824 5824 5744 5744 5744 5745 5745 5745 5826 5826 5826 5744 5744 5744 5826 5826 5826 5825 5825 5825 5745 5745 5745 5746 5746 5746 5827 5827 5827 5745 5745 5745 5827 5827 5827 5826 5826 5826 5746 5746 5746 5747 5747 5747 5828 5828 5828 5746 5746 5746 5828 5828 5828 5827 5827 5827 5747 5747 5747 5748 5748 5748 5829 5829 5829 5747 5747 5747 5829 5829 5829 5828 5828 5828 5748 5748 5748 5749 5749 5749 5830 5830 5830 5748 5748 5748 5830 5830 5830 5829 5829 5829 5749 5749 5749 5750 5750 5750 5831 5831 5831 5749 5749 5749 5831 5831 5831 5830 5830 5830 5751 5751 5751 5752 5752 5752 5833 5833 5833 5751 5751 5751 5833 5833 5833 5832 5832 5832 5752 5752 5752 5753 5753 5753 5834 5834 5834 5752 5752 5752 5834 5834 5834 5833 5833 5833 5753 5753 5753 5754 5754 5754 5835 5835 5835 5753 5753 5753 5835 5835 5835 5834 5834 5834 5754 5754 5754 5755 5755 5755 5836 5836 5836 5754 5754 5754 5836 5836 5836 5835 5835 5835 5755 5755 5755 5756 5756 5756 5837 5837 5837 5755 5755 5755 5837 5837 5837 5836 5836 5836 5756 5756 5756 5757 5757 5757 5838 5838 5838 5756 5756 5756 5838 5838 5838 5837 5837 5837 5757 5757 5757 5758 5758 5758 5839 5839 5839 5757 5757 5757 5839 5839 5839 5838 5838 5838 5758 5758 5758 5759 5759 5759 5840 5840 5840 5758 5758 5758 5840 5840 5840 5839 5839 5839 5759 5759 5759 5760 5760 5760 5841 5841 5841 5759 5759 5759 5841 5841 5841 5840 5840 5840 5760 5760 5760 5761 5761 5761 5842 5842 5842 5760 5760 5760 5842 5842 5842 5841 5841 5841 5761 5761 5761 5762 5762 5762 5843 5843 5843 5761 5761 5761 5843 5843 5843 5842 5842 5842 5762 5762 5762 5763 5763 5763 5844 5844 5844 5762 5762 5762 5844 5844 5844 5843 5843 5843 5763 5763 5763 5764 5764 5764 5845 5845 5845 5763 5763 5763 5845 5845 5845 5844 5844 5844 5764 5764 5764 5765 5765 5765 5846 5846 5846 5764 5764 5764 5846 5846 5846 5845 5845 5845 5765 5765 5765 5766 5766 5766 5847 5847 5847 5765 5765 5765 5847 5847 5847 5846 5846 5846 5766 5766 5766 5767 5767 5767 5848 5848 5848 5766 5766 5766 5848 5848 5848 5847 5847 5847 5767 5767 5767 5768 5768 5768 5849 5849 5849 5767 5767 5767 5849 5849 5849 5848 5848 5848 5768 5768 5768 5769 5769 5769 5850 5850 5850 5768 5768 5768 5850 5850 5850 5849 5849 5849 5769 5769 5769 5770 5770 5770 5851 5851 5851 5769 5769 5769 5851 5851 5851 5850 5850 5850 5770 5770 5770 5771 5771 5771 5852 5852 5852 5770 5770 5770 5852 5852 5852 5851 5851 5851 5771 5771 5771 5772 5772 5772 5853 5853 5853 5771 5771 5771 5853 5853 5853 5852 5852 5852 5772 5772 5772 5773 5773 5773 5854 5854 5854 5772 5772 5772 5854 5854 5854 5853 5853 5853 5773 5773 5773 5774 5774 5774 5855 5855 5855 5773 5773 5773 5855 5855 5855 5854 5854 5854 5774 5774 5774 5775 5775 5775 5856 5856 5856 5774 5774 5774 5856 5856 5856 5855 5855 5855 5775 5775 5775 5776 5776 5776 5857 5857 5857 5775 5775 5775 5857 5857 5857 5856 5856 5856 5776 5776 5776 5777 5777 5777 5858 5858 5858 5776 5776 5776 5858 5858 5858 5857 5857 5857 5777 5777 5777 5778 5778 5778 5859 5859 5859 5777 5777 5777 5859 5859 5859 5858 5858 5858 5778 5778 5778 5779 5779 5779 5860 5860 5860 5778 5778 5778 5860 5860 5860 5859 5859 5859 5779 5779 5779 5780 5780 5780 5861 5861 5861 5779 5779 5779 5861 5861 5861 5860 5860 5860 5780 5780 5780 5781 5781 5781 5862 5862 5862 5780 5780 5780 5862 5862 5862 5861 5861 5861 5781 5781 5781 5782 5782 5782 5863 5863 5863 5781 5781 5781 5863 5863 5863 5862 5862 5862 5782 5782 5782 5783 5783 5783 5864 5864 5864 5782 5782 5782 5864 5864 5864 5863 5863 5863 5783 5783 5783 5784 5784 5784 5865 5865 5865 5783 5783 5783 5865 5865 5865 5864 5864 5864 5784 5784 5784 5785 5785 5785 5866 5866 5866 5784 5784 5784 5866 5866 5866 5865 5865 5865 5785 5785 5785 5786 5786 5786 5867 5867 5867 5785 5785 5785 5867 5867 5867 5866 5866 5866 5786 5786 5786 5787 5787 5787 5868 5868 5868 5786 5786 5786 5868 5868 5868 5867 5867 5867 5787 5787 5787 5788 5788 5788 5869 5869 5869 5787 5787 5787 5869 5869 5869 5868 5868 5868 5788 5788 5788 5789 5789 5789 5870 5870 5870 5788 5788 5788 5870 5870 5870 5869 5869 5869 5789 5789 5789 5790 5790 5790 5871 5871 5871 5789 5789 5789 5871 5871 5871 5870 5870 5870 5790 5790 5790 5791 5791 5791 5872 5872 5872 5790 5790 5790 5872 5872 5872 5871 5871 5871 5791 5791 5791 5792 5792 5792 5873 5873 5873 5791 5791 5791 5873 5873 5873 5872 5872 5872 5792 5792 5792 5793 5793 5793 5874 5874 5874 5792 5792 5792 5874 5874 5874 5873 5873 5873 5793 5793 5793 5794 5794 5794 5875 5875 5875 5793 5793 5793 5875 5875 5875 5874 5874 5874 5794 5794 5794 5795 5795 5795 5876 5876 5876 5794 5794 5794 5876 5876 5876 5875 5875 5875 5795 5795 5795 5796 5796 5796 5877 5877 5877 5795 5795 5795 5877 5877 5877 5876 5876 5876 5796 5796 5796 5797 5797 5797 5878 5878 5878 5796 5796 5796 5878 5878 5878 5877 5877 5877 5797 5797 5797 5798 5798 5798 5879 5879 5879 5797 5797 5797 5879 5879 5879 5878 5878 5878 5798 5798 5798 5799 5799 5799 5880 5880 5880 5798 5798 5798 5880 5880 5880 5879 5879 5879 5799 5799 5799 5800 5800 5800 5881 5881 5881 5799 5799 5799 5881 5881 5881 5880 5880 5880 5800 5800 5800 5801 5801 5801 5882 5882 5882 5800 5800 5800 5882 5882 5882 5881 5881 5881 5801 5801 5801 5802 5802 5802 5883 5883 5883 5801 5801 5801 5883 5883 5883 5882 5882 5882 5802 5802 5802 5803 5803 5803 5884 5884 5884 5802 5802 5802 5884 5884 5884 5883 5883 5883 5803 5803 5803 5804 5804 5804 5885 5885 5885 5803 5803 5803 5885 5885 5885 5884 5884 5884 5804 5804 5804 5805 5805 5805 5886 5886 5886 5804 5804 5804 5886 5886 5886 5885 5885 5885 5805 5805 5805 5806 5806 5806 5887 5887 5887 5805 5805 5805 5887 5887 5887 5886 5886 5886 5806 5806 5806 5807 5807 5807 5888 5888 5888 5806 5806 5806 5888 5888 5888 5887 5887 5887 5807 5807 5807 5808 5808 5808 5889 5889 5889 5807 5807 5807 5889 5889 5889 5888 5888 5888 5808 5808 5808 5809 5809 5809 5890 5890 5890 5808 5808 5808 5890 5890 5890 5889 5889 5889 5809 5809 5809 5810 5810 5810 5891 5891 5891 5809 5809 5809 5891 5891 5891 5890 5890 5890 5810 5810 5810 5811 5811 5811 5892 5892 5892 5810 5810 5810 5892 5892 5892 5891 5891 5891 5811 5811 5811 5812 5812 5812 5893 5893 5893 5811 5811 5811 5893 5893 5893 5892 5892 5892 5812 5812 5812 5813 5813 5813 5894 5894 5894 5812 5812 5812 5894 5894 5894 5893 5893 5893 5813 5813 5813 5814 5814 5814 5895 5895 5895 5813 5813 5813 5895 5895 5895 5894 5894 5894 5814 5814 5814 5815 5815 5815 5896 5896 5896 5814 5814 5814 5896 5896 5896 5895 5895 5895 5815 5815 5815 5816 5816 5816 5897 5897 5897 5815 5815 5815 5897 5897 5897 5896 5896 5896 5816 5816 5816 5817 5817 5817 5898 5898 5898 5816 5816 5816 5898 5898 5898 5897 5897 5897 5817 5817 5817 5818 5818 5818 5899 5899 5899 5817 5817 5817 5899 5899 5899 5898 5898 5898 5818 5818 5818 5819 5819 5819 5900 5900 5900 5818 5818 5818 5900 5900 5900 5899 5899 5899 5819 5819 5819 5820 5820 5820 5901 5901 5901 5819 5819 5819 5901 5901 5901 5900 5900 5900 5820 5820 5820 5821 5821 5821 5902 5902 5902 5820 5820 5820 5902 5902 5902 5901 5901 5901 5821 5821 5821 5822 5822 5822 5903 5903 5903 5821 5821 5821 5903 5903 5903 5902 5902 5902 5822 5822 5822 5823 5823 5823 5904 5904 5904 5822 5822 5822 5904 5904 5904 5903 5903 5903 5823 5823 5823 5824 5824 5824 5905 5905 5905 5823 5823 5823 5905 5905 5905 5904 5904 5904 5824 5824 5824 5825 5825 5825 5906 5906 5906 5824 5824 5824 5906 5906 5906 5905 5905 5905 5825 5825 5825 5826 5826 5826 5907 5907 5907 5825 5825 5825 5907 5907 5907 5906 5906 5906 5826 5826 5826 5827 5827 5827 5908 5908 5908 5826 5826 5826 5908 5908 5908 5907 5907 5907 5827 5827 5827 5828 5828 5828 5909 5909 5909 5827 5827 5827 5909 5909 5909 5908 5908 5908 5828 5828 5828 5829 5829 5829 5910 5910 5910 5828 5828 5828 5910 5910 5910 5909 5909 5909 5829 5829 5829 5830 5830 5830 5911 5911 5911 5829 5829 5829 5911 5911 5911 5910 5910 5910 5830 5830 5830 5831 5831 5831 5912 5912 5912 5830 5830 5830 5912 5912 5912 5911 5911 5911 5832 5832 5832 5833 5833 5833 5914 5914 5914 5832 5832 5832 5914 5914 5914 5913 5913 5913 5833 5833 5833 5834 5834 5834 5915 5915 5915 5833 5833 5833 5915 5915 5915 5914 5914 5914 5834 5834 5834 5835 5835 5835 5916 5916 5916 5834 5834 5834 5916 5916 5916 5915 5915 5915 5835 5835 5835 5836 5836 5836 5917 5917 5917 5835 5835 5835 5917 5917 5917 5916 5916 5916 5836 5836 5836 5837 5837 5837 5918 5918 5918 5836 5836 5836 5918 5918 5918 5917 5917 5917 5837 5837 5837 5838 5838 5838 5919 5919 5919 5837 5837 5837 5919 5919 5919 5918 5918 5918 5838 5838 5838 5839 5839 5839 5920 5920 5920 5838 5838 5838 5920 5920 5920 5919 5919 5919 5839 5839 5839 5840 5840 5840 5921 5921 5921 5839 5839 5839 5921 5921 5921 5920 5920 5920 5840 5840 5840 5841 5841 5841 5922 5922 5922 5840 5840 5840 5922 5922 5922 5921 5921 5921 5841 5841 5841 5842 5842 5842 5923 5923 5923 5841 5841 5841 5923 5923 5923 5922 5922 5922 5842 5842 5842 5843 5843 5843 5924 5924 5924 5842 5842 5842 5924 5924 5924 5923 5923 5923 5843 5843 5843 5844 5844 5844 5925 5925 5925 5843 5843 5843 5925 5925 5925 5924 5924 5924 5844 5844 5844 5845 5845 5845 5926 5926 5926 5844 5844 5844 5926 5926 5926 5925 5925 5925 5845 5845 5845 5846 5846 5846 5927 5927 5927 5845 5845 5845 5927 5927 5927 5926 5926 5926 5846 5846 5846 5847 5847 5847 5928 5928 5928 5846 5846 5846 5928 5928 5928 5927 5927 5927 5847 5847 5847 5848 5848 5848 5929 5929 5929 5847 5847 5847 5929 5929 5929 5928 5928 5928 5848 5848 5848 5849 5849 5849 5930 5930 5930 5848 5848 5848 5930 5930 5930 5929 5929 5929 5849 5849 5849 5850 5850 5850 5931 5931 5931 5849 5849 5849 5931 5931 5931 5930 5930 5930 5850 5850 5850 5851 5851 5851 5932 5932 5932 5850 5850 5850 5932 5932 5932 5931 5931 5931 5851 5851 5851 5852 5852 5852 5933 5933 5933 5851 5851 5851 5933 5933 5933 5932 5932 5932 5852 5852 5852 5853 5853 5853 5934 5934 5934 5852 5852 5852 5934 5934 5934 5933 5933 5933 5853 5853 5853 5854 5854 5854 5935 5935 5935 5853 5853 5853 5935 5935 5935 5934 5934 5934 5854 5854 5854 5855 5855 5855 5936 5936 5936 5854 5854 5854 5936 5936 5936 5935 5935 5935 5855 5855 5855 5856 5856 5856 5937 5937 5937 5855 5855 5855 5937 5937 5937 5936 5936 5936 5856 5856 5856 5857 5857 5857 5938 5938 5938 5856 5856 5856 5938 5938 5938 5937 5937 5937 5857 5857 5857 5858 5858 5858 5939 5939 5939 5857 5857 5857 5939 5939 5939 5938 5938 5938 5858 5858 5858 5859 5859 5859 5940 5940 5940 5858 5858 5858 5940 5940 5940 5939 5939 5939 5859 5859 5859 5860 5860 5860 5941 5941 5941 5859 5859 5859 5941 5941 5941 5940 5940 5940 5860 5860 5860 5861 5861 5861 5942 5942 5942 5860 5860 5860 5942 5942 5942 5941 5941 5941 5861 5861 5861 5862 5862 5862 5943 5943 5943 5861 5861 5861 5943 5943 5943 5942 5942 5942 5862 5862 5862 5863 5863 5863 5944 5944 5944 5862 5862 5862 5944 5944 5944 5943 5943 5943 5863 5863 5863 5864 5864 5864 5945 5945 5945 5863 5863 5863 5945 5945 5945 5944 5944 5944 5864 5864 5864 5865 5865 5865 5946 5946 5946 5864 5864 5864 5946 5946 5946 5945 5945 5945 5865 5865 5865 5866 5866 5866 5947 5947 5947 5865 5865 5865 5947 5947 5947 5946 5946 5946 5866 5866 5866 5867 5867 5867 5948 5948 5948 5866 5866 5866 5948 5948 5948 5947 5947 5947 5867 5867 5867 5868 5868 5868 5949 5949 5949 5867 5867 5867 5949 5949 5949 5948 5948 5948 5868 5868 5868 5869 5869 5869 5950 5950 5950 5868 5868 5868 5950 5950 5950 5949 5949 5949 5869 5869 5869 5870 5870 5870 5951 5951 5951 5869 5869 5869 5951 5951 5951 5950 5950 5950 5870 5870 5870 5871 5871 5871 5952 5952 5952 5870 5870 5870 5952 5952 5952 5951 5951 5951 5871 5871 5871 5872 5872 5872 5953 5953 5953 5871 5871 5871 5953 5953 5953 5952 5952 5952 5872 5872 5872 5873 5873 5873 5954 5954 5954 5872 5872 5872 5954 5954 5954 5953 5953 5953 5873 5873 5873 5874 5874 5874 5955 5955 5955 5873 5873 5873 5955 5955 5955 5954 5954 5954 5874 5874 5874 5875 5875 5875 5956 5956 5956 5874 5874 5874 5956 5956 5956 5955 5955 5955 5875 5875 5875 5876 5876 5876 5957 5957 5957 5875 5875 5875 5957 5957 5957 5956 5956 5956 5876 5876 5876 5877 5877 5877 5958 5958 5958 5876 5876 5876 5958 5958 5958 5957 5957 5957 5877 5877 5877 5878 5878 5878 5959 5959 5959 5877 5877 5877 5959 5959 5959 5958 5958 5958 5878 5878 5878 5879 5879 5879 5960 5960 5960 5878 5878 5878 5960 5960 5960 5959 5959 5959 5879 5879 5879 5880 5880 5880 5961 5961 5961 5879 5879 5879 5961 5961 5961 5960 5960 5960 5880 5880 5880 5881 5881 5881 5962 5962 5962 5880 5880 5880 5962 5962 5962 5961 5961 5961 5881 5881 5881 5882 5882 5882 5963 5963 5963 5881 5881 5881 5963 5963 5963 5962 5962 5962 5882 5882 5882 5883 5883 5883 5964 5964 5964 5882 5882 5882 5964 5964 5964 5963 5963 5963 5883 5883 5883 5884 5884 5884 5965 5965 5965 5883 5883 5883 5965 5965 5965 5964 5964 5964 5884 5884 5884 5885 5885 5885 5966 5966 5966 5884 5884 5884 5966 5966 5966 5965 5965 5965 5885 5885 5885 5886 5886 5886 5967 5967 5967 5885 5885 5885 5967 5967 5967 5966 5966 5966 5886 5886 5886 5887 5887 5887 5968 5968 5968 5886 5886 5886 5968 5968 5968 5967 5967 5967 5887 5887 5887 5888 5888 5888 5969 5969 5969 5887 5887 5887 5969 5969 5969 5968 5968 5968 5888 5888 5888 5889 5889 5889 5970 5970 5970 5888 5888 5888 5970 5970 5970 5969 5969 5969 5889 5889 5889 5890 5890 5890 5971 5971 5971 5889 5889 5889 5971 5971 5971 5970 5970 5970 5890 5890 5890 5891 5891 5891 5972 5972 5972 5890 5890 5890 5972 5972 5972 5971 5971 5971 5891 5891 5891 5892 5892 5892 5973 5973 5973 5891 5891 5891 5973 5973 5973 5972 5972 5972 5892 5892 5892 5893 5893 5893 5974 5974 5974 5892 5892 5892 5974 5974 5974 5973 5973 5973 5893 5893 5893 5894 5894 5894 5975 5975 5975 5893 5893 5893 5975 5975 5975 5974 5974 5974 5894 5894 5894 5895 5895 5895 5976 5976 5976 5894 5894 5894 5976 5976 5976 5975 5975 5975 5895 5895 5895 5896 5896 5896 5977 5977 5977 5895 5895 5895 5977 5977 5977 5976 5976 5976 5896 5896 5896 5897 5897 5897 5978 5978 5978 5896 5896 5896 5978 5978 5978 5977 5977 5977 5897 5897 5897 5898 5898 5898 5979 5979 5979 5897 5897 5897 5979 5979 5979 5978 5978 5978 5898 5898 5898 5899 5899 5899 5980 5980 5980 5898 5898 5898 5980 5980 5980 5979 5979 5979 5899 5899 5899 5900 5900 5900 5981 5981 5981 5899 5899 5899 5981 5981 5981 5980 5980 5980 5900 5900 5900 5901 5901 5901 5982 5982 5982 5900 5900 5900 5982 5982 5982 5981 5981 5981 5901 5901 5901 5902 5902 5902 5983 5983 5983 5901 5901 5901 5983 5983 5983 5982 5982 5982 5902 5902 5902 5903 5903 5903 5984 5984 5984 5902 5902 5902 5984 5984 5984 5983 5983 5983 5903 5903 5903 5904 5904 5904 5985 5985 5985 5903 5903 5903 5985 5985 5985 5984 5984 5984 5904 5904 5904 5905 5905 5905 5986 5986 5986 5904 5904 5904 5986 5986 5986 5985 5985 5985 5905 5905 5905 5906 5906 5906 5987 5987 5987 5905 5905 5905 5987 5987 5987 5986 5986 5986 5906 5906 5906 5907 5907 5907 5988 5988 5988 5906 5906 5906 5988 5988 5988 5987 5987 5987 5907 5907 5907 5908 5908 5908 5989 5989 5989 5907 5907 5907 5989 5989 5989 5988 5988 5988 5908 5908 5908 5909 5909 5909 5990 5990 5990 5908 5908 5908 5990 5990 5990 5989 5989 5989 5909 5909 5909 5910 5910 5910 5991 5991 5991 5909 5909 5909 5991 5991 5991 5990 5990 5990 5910 5910 5910 5911 5911 5911 5992 5992 5992 5910 5910 5910 5992 5992 5992 5991 5991 5991 5911 5911 5911 5912 5912 5912 5993 5993 5993 5911 5911 5911 5993 5993 5993 5992 5992 5992 5913 5913 5913 5914 5914 5914 5995 5995 5995 5913 5913 5913 5995 5995 5995 5994 5994 5994 5914 5914 5914 5915 5915 5915 5996 5996 5996 5914 5914 5914 5996 5996 5996 5995 5995 5995 5915 5915 5915 5916 5916 5916 5997 5997 5997 5915 5915 5915 5997 5997 5997 5996 5996 5996 5916 5916 5916 5917 5917 5917 5998 5998 5998 5916 5916 5916 5998 5998 5998 5997 5997 5997 5917 5917 5917 5918 5918 5918 5999 5999 5999 5917 5917 5917 5999 5999 5999 5998 5998 5998 5918 5918 5918 5919 5919 5919 6000 6000 6000 5918 5918 5918 6000 6000 6000 5999 5999 5999 5919 5919 5919 5920 5920 5920 6001 6001 6001 5919 5919 5919 6001 6001 6001 6000 6000 6000 5920 5920 5920 5921 5921 5921 6002 6002 6002 5920 5920 5920 6002 6002 6002 6001 6001 6001 5921 5921 5921 5922 5922 5922 6003 6003 6003 5921 5921 5921 6003 6003 6003 6002 6002 6002 5922 5922 5922 5923 5923 5923 6004 6004 6004 5922 5922 5922 6004 6004 6004 6003 6003 6003 5923 5923 5923 5924 5924 5924 6005 6005 6005 5923 5923 5923 6005 6005 6005 6004 6004 6004 5924 5924 5924 5925 5925 5925 6006 6006 6006 5924 5924 5924 6006 6006 6006 6005 6005 6005 5925 5925 5925 5926 5926 5926 6007 6007 6007 5925 5925 5925 6007 6007 6007 6006 6006 6006 5926 5926 5926 5927 5927 5927 6008 6008 6008 5926 5926 5926 6008 6008 6008 6007 6007 6007 5927 5927 5927 5928 5928 5928 6009 6009 6009 5927 5927 5927 6009 6009 6009 6008 6008 6008 5928 5928 5928 5929 5929 5929 6010 6010 6010 5928 5928 5928 6010 6010 6010 6009 6009 6009 5929 5929 5929 5930 5930 5930 6011 6011 6011 5929 5929 5929 6011 6011 6011 6010 6010 6010 5930 5930 5930 5931 5931 5931 6012 6012 6012 5930 5930 5930 6012 6012 6012 6011 6011 6011 5931 5931 5931 5932 5932 5932 6013 6013 6013 5931 5931 5931 6013 6013 6013 6012 6012 6012 5932 5932 5932 5933 5933 5933 6014 6014 6014 5932 5932 5932 6014 6014 6014 6013 6013 6013 5933 5933 5933 5934 5934 5934 6015 6015 6015 5933 5933 5933 6015 6015 6015 6014 6014 6014 5934 5934 5934 5935 5935 5935 6016 6016 6016 5934 5934 5934 6016 6016 6016 6015 6015 6015 5935 5935 5935 5936 5936 5936 6017 6017 6017 5935 5935 5935 6017 6017 6017 6016 6016 6016 5936 5936 5936 5937 5937 5937 6018 6018 6018 5936 5936 5936 6018 6018 6018 6017 6017 6017 5937 5937 5937 5938 5938 5938 6019 6019 6019 5937 5937 5937 6019 6019 6019 6018 6018 6018 5938 5938 5938 5939 5939 5939 6020 6020 6020 5938 5938 5938 6020 6020 6020 6019 6019 6019 5939 5939 5939 5940 5940 5940 6021 6021 6021 5939 5939 5939 6021 6021 6021 6020 6020 6020 5940 5940 5940 5941 5941 5941 6022 6022 6022 5940 5940 5940 6022 6022 6022 6021 6021 6021 5941 5941 5941 5942 5942 5942 6023 6023 6023 5941 5941 5941 6023 6023 6023 6022 6022 6022 5942 5942 5942 5943 5943 5943 6024 6024 6024 5942 5942 5942 6024 6024 6024 6023 6023 6023 5943 5943 5943 5944 5944 5944 6025 6025 6025 5943 5943 5943 6025 6025 6025 6024 6024 6024 5944 5944 5944 5945 5945 5945 6026 6026 6026 5944 5944 5944 6026 6026 6026 6025 6025 6025 5945 5945 5945 5946 5946 5946 6027 6027 6027 5945 5945 5945 6027 6027 6027 6026 6026 6026 5946 5946 5946 5947 5947 5947 6028 6028 6028 5946 5946 5946 6028 6028 6028 6027 6027 6027 5947 5947 5947 5948 5948 5948 6029 6029 6029 5947 5947 5947 6029 6029 6029 6028 6028 6028 5948 5948 5948 5949 5949 5949 6030 6030 6030 5948 5948 5948 6030 6030 6030 6029 6029 6029 5949 5949 5949 5950 5950 5950 6031 6031 6031 5949 5949 5949 6031 6031 6031 6030 6030 6030 5950 5950 5950 5951 5951 5951 6032 6032 6032 5950 5950 5950 6032 6032 6032 6031 6031 6031 5951 5951 5951 5952 5952 5952 6033 6033 6033 5951 5951 5951 6033 6033 6033 6032 6032 6032 5952 5952 5952 5953 5953 5953 6034 6034 6034 5952 5952 5952 6034 6034 6034 6033 6033 6033 5953 5953 5953 5954 5954 5954 6035 6035 6035 5953 5953 5953 6035 6035 6035 6034 6034 6034 5954 5954 5954 5955 5955 5955 6036 6036 6036 5954 5954 5954 6036 6036 6036 6035 6035 6035 5955 5955 5955 5956 5956 5956 6037 6037 6037 5955 5955 5955 6037 6037 6037 6036 6036 6036 5956 5956 5956 5957 5957 5957 6038 6038 6038 5956 5956 5956 6038 6038 6038 6037 6037 6037 5957 5957 5957 5958 5958 5958 6039 6039 6039 5957 5957 5957 6039 6039 6039 6038 6038 6038 5958 5958 5958 5959 5959 5959 6040 6040 6040 5958 5958 5958 6040 6040 6040 6039 6039 6039 5959 5959 5959 5960 5960 5960 6041 6041 6041 5959 5959 5959 6041 6041 6041 6040 6040 6040 5960 5960 5960 5961 5961 5961 6042 6042 6042 5960 5960 5960 6042 6042 6042 6041 6041 6041 5961 5961 5961 5962 5962 5962 6043 6043 6043 5961 5961 5961 6043 6043 6043 6042 6042 6042 5962 5962 5962 5963 5963 5963 6044 6044 6044 5962 5962 5962 6044 6044 6044 6043 6043 6043 5963 5963 5963 5964 5964 5964 6045 6045 6045 5963 5963 5963 6045 6045 6045 6044 6044 6044 5964 5964 5964 5965 5965 5965 6046 6046 6046 5964 5964 5964 6046 6046 6046 6045 6045 6045 5965 5965 5965 5966 5966 5966 6047 6047 6047 5965 5965 5965 6047 6047 6047 6046 6046 6046 5966 5966 5966 5967 5967 5967 6048 6048 6048 5966 5966 5966 6048 6048 6048 6047 6047 6047 5967 5967 5967 5968 5968 5968 6049 6049 6049 5967 5967 5967 6049 6049 6049 6048 6048 6048 5968 5968 5968 5969 5969 5969 6050 6050 6050 5968 5968 5968 6050 6050 6050 6049 6049 6049 5969 5969 5969 5970 5970 5970 6051 6051 6051 5969 5969 5969 6051 6051 6051 6050 6050 6050 5970 5970 5970 5971 5971 5971 6052 6052 6052 5970 5970 5970 6052 6052 6052 6051 6051 6051 5971 5971 5971 5972 5972 5972 6053 6053 6053 5971 5971 5971 6053 6053 6053 6052 6052 6052 5972 5972 5972 5973 5973 5973 6054 6054 6054 5972 5972 5972 6054 6054 6054 6053 6053 6053 5973 5973 5973 5974 5974 5974 6055 6055 6055 5973 5973 5973 6055 6055 6055 6054 6054 6054 5974 5974 5974 5975 5975 5975 6056 6056 6056 5974 5974 5974 6056 6056 6056 6055 6055 6055 5975 5975 5975 5976 5976 5976 6057 6057 6057 5975 5975 5975 6057 6057 6057 6056 6056 6056 5976 5976 5976 5977 5977 5977 6058 6058 6058 5976 5976 5976 6058 6058 6058 6057 6057 6057 5977 5977 5977 5978 5978 5978 6059 6059 6059 5977 5977 5977 6059 6059 6059 6058 6058 6058 5978 5978 5978 5979 5979 5979 6060 6060 6060 5978 5978 5978 6060 6060 6060 6059 6059 6059 5979 5979 5979 5980 5980 5980 6061 6061 6061 5979 5979 5979 6061 6061 6061 6060 6060 6060 5980 5980 5980 5981 5981 5981 6062 6062 6062 5980 5980 5980 6062 6062 6062 6061 6061 6061 5981 5981 5981 5982 5982 5982 6063 6063 6063 5981 5981 5981 6063 6063 6063 6062 6062 6062 5982 5982 5982 5983 5983 5983 6064 6064 6064 5982 5982 5982 6064 6064 6064 6063 6063 6063 5983 5983 5983 5984 5984 5984 6065 6065 6065 5983 5983 5983 6065 6065 6065 6064 6064 6064 5984 5984 5984 5985 5985 5985 6066 6066 6066 5984 5984 5984 6066 6066 6066 6065 6065 6065 5985 5985 5985 5986 5986 5986 6067 6067 6067 5985 5985 5985 6067 6067 6067 6066 6066 6066 5986 5986 5986 5987 5987 5987 6068 6068 6068 5986 5986 5986 6068 6068 6068 6067 6067 6067 5987 5987 5987 5988 5988 5988 6069 6069 6069 5987 5987 5987 6069 6069 6069 6068 6068 6068 5988 5988 5988 5989 5989 5989 6070 6070 6070 5988 5988 5988 6070 6070 6070 6069 6069 6069 5989 5989 5989 5990 5990 5990 6071 6071 6071 5989 5989 5989 6071 6071 6071 6070 6070 6070 5990 5990 5990 5991 5991 5991 6072 6072 6072 5990 5990 5990 6072 6072 6072 6071 6071 6071 5991 5991 5991 5992 5992 5992 6073 6073 6073 5991 5991 5991 6073 6073 6073 6072 6072 6072 5992 5992 5992 5993 5993 5993 6074 6074 6074 5992 5992 5992 6074 6074 6074 6073 6073 6073 5994 5994 5994 5995 5995 5995 6076 6076 6076 5994 5994 5994 6076 6076 6076 6075 6075 6075 5995 5995 5995 5996 5996 5996 6077 6077 6077 5995 5995 5995 6077 6077 6077 6076 6076 6076 5996 5996 5996 5997 5997 5997 6078 6078 6078 5996 5996 5996 6078 6078 6078 6077 6077 6077 5997 5997 5997 5998 5998 5998 6079 6079 6079 5997 5997 5997 6079 6079 6079 6078 6078 6078 5998 5998 5998 5999 5999 5999 6080 6080 6080 5998 5998 5998 6080 6080 6080 6079 6079 6079 5999 5999 5999 6000 6000 6000 6081 6081 6081 5999 5999 5999 6081 6081 6081 6080 6080 6080 6000 6000 6000 6001 6001 6001 6082 6082 6082 6000 6000 6000 6082 6082 6082 6081 6081 6081 6001 6001 6001 6002 6002 6002 6083 6083 6083 6001 6001 6001 6083 6083 6083 6082 6082 6082 6002 6002 6002 6003 6003 6003 6084 6084 6084 6002 6002 6002 6084 6084 6084 6083 6083 6083 6003 6003 6003 6004 6004 6004 6085 6085 6085 6003 6003 6003 6085 6085 6085 6084 6084 6084 6004 6004 6004 6005 6005 6005 6086 6086 6086 6004 6004 6004 6086 6086 6086 6085 6085 6085 6005 6005 6005 6006 6006 6006 6087 6087 6087 6005 6005 6005 6087 6087 6087 6086 6086 6086 6006 6006 6006 6007 6007 6007 6088 6088 6088 6006 6006 6006 6088 6088 6088 6087 6087 6087 6007 6007 6007 6008 6008 6008 6089 6089 6089 6007 6007 6007 6089 6089 6089 6088 6088 6088 6008 6008 6008 6009 6009 6009 6090 6090 6090 6008 6008 6008 6090 6090 6090 6089 6089 6089 6009 6009 6009 6010 6010 6010 6091 6091 6091 6009 6009 6009 6091 6091 6091 6090 6090 6090 6010 6010 6010 6011 6011 6011 6092 6092 6092 6010 6010 6010 6092 6092 6092 6091 6091 6091 6011 6011 6011 6012 6012 6012 6093 6093 6093 6011 6011 6011 6093 6093 6093 6092 6092 6092 6012 6012 6012 6013 6013 6013 6094 6094 6094 6012 6012 6012 6094 6094 6094 6093 6093 6093 6013 6013 6013 6014 6014 6014 6095 6095 6095 6013 6013 6013 6095 6095 6095 6094 6094 6094 6014 6014 6014 6015 6015 6015 6096 6096 6096 6014 6014 6014 6096 6096 6096 6095 6095 6095 6015 6015 6015 6016 6016 6016 6097 6097 6097 6015 6015 6015 6097 6097 6097 6096 6096 6096 6016 6016 6016 6017 6017 6017 6098 6098 6098 6016 6016 6016 6098 6098 6098 6097 6097 6097 6017 6017 6017 6018 6018 6018 6099 6099 6099 6017 6017 6017 6099 6099 6099 6098 6098 6098 6018 6018 6018 6019 6019 6019 6100 6100 6100 6018 6018 6018 6100 6100 6100 6099 6099 6099 6019 6019 6019 6020 6020 6020 6101 6101 6101 6019 6019 6019 6101 6101 6101 6100 6100 6100 6020 6020 6020 6021 6021 6021 6102 6102 6102 6020 6020 6020 6102 6102 6102 6101 6101 6101 6021 6021 6021 6022 6022 6022 6103 6103 6103 6021 6021 6021 6103 6103 6103 6102 6102 6102 6022 6022 6022 6023 6023 6023 6104 6104 6104 6022 6022 6022 6104 6104 6104 6103 6103 6103 6023 6023 6023 6024 6024 6024 6105 6105 6105 6023 6023 6023 6105 6105 6105 6104 6104 6104 6024 6024 6024 6025 6025 6025 6106 6106 6106 6024 6024 6024 6106 6106 6106 6105 6105 6105 6025 6025 6025 6026 6026 6026 6107 6107 6107 6025 6025 6025 6107 6107 6107 6106 6106 6106 6026 6026 6026 6027 6027 6027 6108 6108 6108 6026 6026 6026 6108 6108 6108 6107 6107 6107 6027 6027 6027 6028 6028 6028 6109 6109 6109 6027 6027 6027 6109 6109 6109 6108 6108 6108 6028 6028 6028 6029 6029 6029 6110 6110 6110 6028 6028 6028 6110 6110 6110 6109 6109 6109 6029 6029 6029 6030 6030 6030 6111 6111 6111 6029 6029 6029 6111 6111 6111 6110 6110 6110 6030 6030 6030 6031 6031 6031 6112 6112 6112 6030 6030 6030 6112 6112 6112 6111 6111 6111 6031 6031 6031 6032 6032 6032 6113 6113 6113 6031 6031 6031 6113 6113 6113 6112 6112 6112 6032 6032 6032 6033 6033 6033 6114 6114 6114 6032 6032 6032 6114 6114 6114 6113 6113 6113 6033 6033 6033 6034 6034 6034 6115 6115 6115 6033 6033 6033 6115 6115 6115 6114 6114 6114 6034 6034 6034 6035 6035 6035 6116 6116 6116 6034 6034 6034 6116 6116 6116 6115 6115 6115 6035 6035 6035 6036 6036 6036 6117 6117 6117 6035 6035 6035 6117 6117 6117 6116 6116 6116 6036 6036 6036 6037 6037 6037 6118 6118 6118 6036 6036 6036 6118 6118 6118 6117 6117 6117 6037 6037 6037 6038 6038 6038 6119 6119 6119 6037 6037 6037 6119 6119 6119 6118 6118 6118 6038 6038 6038 6039 6039 6039 6120 6120 6120 6038 6038 6038 6120 6120 6120 6119 6119 6119 6039 6039 6039 6040 6040 6040 6121 6121 6121 6039 6039 6039 6121 6121 6121 6120 6120 6120 6040 6040 6040 6041 6041 6041 6122 6122 6122 6040 6040 6040 6122 6122 6122 6121 6121 6121 6041 6041 6041 6042 6042 6042 6123 6123 6123 6041 6041 6041 6123 6123 6123 6122 6122 6122 6042 6042 6042 6043 6043 6043 6124 6124 6124 6042 6042 6042 6124 6124 6124 6123 6123 6123 6043 6043 6043 6044 6044 6044 6125 6125 6125 6043 6043 6043 6125 6125 6125 6124 6124 6124 6044 6044 6044 6045 6045 6045 6126 6126 6126 6044 6044 6044 6126 6126 6126 6125 6125 6125 6045 6045 6045 6046 6046 6046 6127 6127 6127 6045 6045 6045 6127 6127 6127 6126 6126 6126 6046 6046 6046 6047 6047 6047 6128 6128 6128 6046 6046 6046 6128 6128 6128 6127 6127 6127 6047 6047 6047 6048 6048 6048 6129 6129 6129 6047 6047 6047 6129 6129 6129 6128 6128 6128 6048 6048 6048 6049 6049 6049 6130 6130 6130 6048 6048 6048 6130 6130 6130 6129 6129 6129 6049 6049 6049 6050 6050 6050 6131 6131 6131 6049 6049 6049 6131 6131 6131 6130 6130 6130 6050 6050 6050 6051 6051 6051 6132 6132 6132 6050 6050 6050 6132 6132 6132 6131 6131 6131 6051 6051 6051 6052 6052 6052 6133 6133 6133 6051 6051 6051 6133 6133 6133 6132 6132 6132 6052 6052 6052 6053 6053 6053 6134 6134 6134 6052 6052 6052 6134 6134 6134 6133 6133 6133 6053 6053 6053 6054 6054 6054 6135 6135 6135 6053 6053 6053 6135 6135 6135 6134 6134 6134 6054 6054 6054 6055 6055 6055 6136 6136 6136 6054 6054 6054 6136 6136 6136 6135 6135 6135 6055 6055 6055 6056 6056 6056 6137 6137 6137 6055 6055 6055 6137 6137 6137 6136 6136 6136 6056 6056 6056 6057 6057 6057 6138 6138 6138 6056 6056 6056 6138 6138 6138 6137 6137 6137 6057 6057 6057 6058 6058 6058 6139 6139 6139 6057 6057 6057 6139 6139 6139 6138 6138 6138 6058 6058 6058 6059 6059 6059 6140 6140 6140 6058 6058 6058 6140 6140 6140 6139 6139 6139 6059 6059 6059 6060 6060 6060 6141 6141 6141 6059 6059 6059 6141 6141 6141 6140 6140 6140 6060 6060 6060 6061 6061 6061 6142 6142 6142 6060 6060 6060 6142 6142 6142 6141 6141 6141 6061 6061 6061 6062 6062 6062 6143 6143 6143 6061 6061 6061 6143 6143 6143 6142 6142 6142 6062 6062 6062 6063 6063 6063 6144 6144 6144 6062 6062 6062 6144 6144 6144 6143 6143 6143 6063 6063 6063 6064 6064 6064 6145 6145 6145 6063 6063 6063 6145 6145 6145 6144 6144 6144 6064 6064 6064 6065 6065 6065 6146 6146 6146 6064 6064 6064 6146 6146 6146 6145 6145 6145 6065 6065 6065 6066 6066 6066 6147 6147 6147 6065 6065 6065 6147 6147 6147 6146 6146 6146 6066 6066 6066 6067 6067 6067 6148 6148 6148 6066 6066 6066 6148 6148 6148 6147 6147 6147 6067 6067 6067 6068 6068 6068 6149 6149 6149 6067 6067 6067 6149 6149 6149 6148 6148 6148 6068 6068 6068 6069 6069 6069 6150 6150 6150 6068 6068 6068 6150 6150 6150 6149 6149 6149 6069 6069 6069 6070 6070 6070 6151 6151 6151 6069 6069 6069 6151 6151 6151 6150 6150 6150 6070 6070 6070 6071 6071 6071 6152 6152 6152 6070 6070 6070 6152 6152 6152 6151 6151 6151 6071 6071 6071 6072 6072 6072 6153 6153 6153 6071 6071 6071 6153 6153 6153 6152 6152 6152 6072 6072 6072 6073 6073 6073 6154 6154 6154 6072 6072 6072 6154 6154 6154 6153 6153 6153 6073 6073 6073 6074 6074 6074 6155 6155 6155 6073 6073 6073 6155 6155 6155 6154 6154 6154 6075 6075 6075 6076 6076 6076 6157 6157 6157 6075 6075 6075 6157 6157 6157 6156 6156 6156 6076 6076 6076 6077 6077 6077 6158 6158 6158 6076 6076 6076 6158 6158 6158 6157 6157 6157 6077 6077 6077 6078 6078 6078 6159 6159 6159 6077 6077 6077 6159 6159 6159 6158 6158 6158 6078 6078 6078 6079 6079 6079 6160 6160 6160 6078 6078 6078 6160 6160 6160 6159 6159 6159 6079 6079 6079 6080 6080 6080 6161 6161 6161 6079 6079 6079 6161 6161 6161 6160 6160 6160 6080 6080 6080 6081 6081 6081 6162 6162 6162 6080 6080 6080 6162 6162 6162 6161 6161 6161 6081 6081 6081 6082 6082 6082 6163 6163 6163 6081 6081 6081 6163 6163 6163 6162 6162 6162 6082 6082 6082 6083 6083 6083 6164 6164 6164 6082 6082 6082 6164 6164 6164 6163 6163 6163 6083 6083 6083 6084 6084 6084 6165 6165 6165 6083 6083 6083 6165 6165 6165 6164 6164 6164 6084 6084 6084 6085 6085 6085 6166 6166 6166 6084 6084 6084 6166 6166 6166 6165 6165 6165 6085 6085 6085 6086 6086 6086 6167 6167 6167 6085 6085 6085 6167 6167 6167 6166 6166 6166 6086 6086 6086 6087 6087 6087 6168 6168 6168 6086 6086 6086 6168 6168 6168 6167 6167 6167 6087 6087 6087 6088 6088 6088 6169 6169 6169 6087 6087 6087 6169 6169 6169 6168 6168 6168 6088 6088 6088 6089 6089 6089 6170 6170 6170 6088 6088 6088 6170 6170 6170 6169 6169 6169 6089 6089 6089 6090 6090 6090 6171 6171 6171 6089 6089 6089 6171 6171 6171 6170 6170 6170 6090 6090 6090 6091 6091 6091 6172 6172 6172 6090 6090 6090 6172 6172 6172 6171 6171 6171 6091 6091 6091 6092 6092 6092 6173 6173 6173 6091 6091 6091 6173 6173 6173 6172 6172 6172 6092 6092 6092 6093 6093 6093 6174 6174 6174 6092 6092 6092 6174 6174 6174 6173 6173 6173 6093 6093 6093 6094 6094 6094 6175 6175 6175 6093 6093 6093 6175 6175 6175 6174 6174 6174 6094 6094 6094 6095 6095 6095 6176 6176 6176 6094 6094 6094 6176 6176 6176 6175 6175 6175 6095 6095 6095 6096 6096 6096 6177 6177 6177 6095 6095 6095 6177 6177 6177 6176 6176 6176 6096 6096 6096 6097 6097 6097 6178 6178 6178 6096 6096 6096 6178 6178 6178 6177 6177 6177 6097 6097 6097 6098 6098 6098 6179 6179 6179 6097 6097 6097 6179 6179 6179 6178 6178 6178 6098 6098 6098 6099 6099 6099 6180 6180 6180 6098 6098 6098 6180 6180 6180 6179 6179 6179 6099 6099 6099 6100 6100 6100 6181 6181 6181 6099 6099 6099 6181 6181 6181 6180 6180 6180 6100 6100 6100 6101 6101 6101 6182 6182 6182 6100 6100 6100 6182 6182 6182 6181 6181 6181 6101 6101 6101 6102 6102 6102 6183 6183 6183 6101 6101 6101 6183 6183 6183 6182 6182 6182 6102 6102 6102 6103 6103 6103 6184 6184 6184 6102 6102 6102 6184 6184 6184 6183 6183 6183 6103 6103 6103 6104 6104 6104 6185 6185 6185 6103 6103 6103 6185 6185 6185 6184 6184 6184 6104 6104 6104 6105 6105 6105 6186 6186 6186 6104 6104 6104 6186 6186 6186 6185 6185 6185 6105 6105 6105 6106 6106 6106 6187 6187 6187 6105 6105 6105 6187 6187 6187 6186 6186 6186 6106 6106 6106 6107 6107 6107 6188 6188 6188 6106 6106 6106 6188 6188 6188 6187 6187 6187 6107 6107 6107 6108 6108 6108 6189 6189 6189 6107 6107 6107 6189 6189 6189 6188 6188 6188 6108 6108 6108 6109 6109 6109 6190 6190 6190 6108 6108 6108 6190 6190 6190 6189 6189 6189 6109 6109 6109 6110 6110 6110 6191 6191 6191 6109 6109 6109 6191 6191 6191 6190 6190 6190 6110 6110 6110 6111 6111 6111 6192 6192 6192 6110 6110 6110 6192 6192 6192 6191 6191 6191 6111 6111 6111 6112 6112 6112 6193 6193 6193 6111 6111 6111 6193 6193 6193 6192 6192 6192 6112 6112 6112 6113 6113 6113 6194 6194 6194 6112 6112 6112 6194 6194 6194 6193 6193 6193 6113 6113 6113 6114 6114 6114 6195 6195 6195 6113 6113 6113 6195 6195 6195 6194 6194 6194 6114 6114 6114 6115 6115 6115 6196 6196 6196 6114 6114 6114 6196 6196 6196 6195 6195 6195 6115 6115 6115 6116 6116 6116 6197 6197 6197 6115 6115 6115 6197 6197 6197 6196 6196 6196 6116 6116 6116 6117 6117 6117 6198 6198 6198 6116 6116 6116 6198 6198 6198 6197 6197 6197 6117 6117 6117 6118 6118 6118 6199 6199 6199 6117 6117 6117 6199 6199 6199 6198 6198 6198 6118 6118 6118 6119 6119 6119 6200 6200 6200 6118 6118 6118 6200 6200 6200 6199 6199 6199 6119 6119 6119 6120 6120 6120 6201 6201 6201 6119 6119 6119 6201 6201 6201 6200 6200 6200 6120 6120 6120 6121 6121 6121 6202 6202 6202 6120 6120 6120 6202 6202 6202 6201 6201 6201 6121 6121 6121 6122 6122 6122 6203 6203 6203 6121 6121 6121 6203 6203 6203 6202 6202 6202 6122 6122 6122 6123 6123 6123 6204 6204 6204 6122 6122 6122 6204 6204 6204 6203 6203 6203 6123 6123 6123 6124 6124 6124 6205 6205 6205 6123 6123 6123 6205 6205 6205 6204 6204 6204 6124 6124 6124 6125 6125 6125 6206 6206 6206 6124 6124 6124 6206 6206 6206 6205 6205 6205 6125 6125 6125 6126 6126 6126 6207 6207 6207 6125 6125 6125 6207 6207 6207 6206 6206 6206 6126 6126 6126 6127 6127 6127 6208 6208 6208 6126 6126 6126 6208 6208 6208 6207 6207 6207 6127 6127 6127 6128 6128 6128 6209 6209 6209 6127 6127 6127 6209 6209 6209 6208 6208 6208 6128 6128 6128 6129 6129 6129 6210 6210 6210 6128 6128 6128 6210 6210 6210 6209 6209 6209 6129 6129 6129 6130 6130 6130 6211 6211 6211 6129 6129 6129 6211 6211 6211 6210 6210 6210 6130 6130 6130 6131 6131 6131 6212 6212 6212 6130 6130 6130 6212 6212 6212 6211 6211 6211 6131 6131 6131 6132 6132 6132 6213 6213 6213 6131 6131 6131 6213 6213 6213 6212 6212 6212 6132 6132 6132 6133 6133 6133 6214 6214 6214 6132 6132 6132 6214 6214 6214 6213 6213 6213 6133 6133 6133 6134 6134 6134 6215 6215 6215 6133 6133 6133 6215 6215 6215 6214 6214 6214 6134 6134 6134 6135 6135 6135 6216 6216 6216 6134 6134 6134 6216 6216 6216 6215 6215 6215 6135 6135 6135 6136 6136 6136 6217 6217 6217 6135 6135 6135 6217 6217 6217 6216 6216 6216 6136 6136 6136 6137 6137 6137 6218 6218 6218 6136 6136 6136 6218 6218 6218 6217 6217 6217 6137 6137 6137 6138 6138 6138 6219 6219 6219 6137 6137 6137 6219 6219 6219 6218 6218 6218 6138 6138 6138 6139 6139 6139 6220 6220 6220 6138 6138 6138 6220 6220 6220 6219 6219 6219 6139 6139 6139 6140 6140 6140 6221 6221 6221 6139 6139 6139 6221 6221 6221 6220 6220 6220 6140 6140 6140 6141 6141 6141 6222 6222 6222 6140 6140 6140 6222 6222 6222 6221 6221 6221 6141 6141 6141 6142 6142 6142 6223 6223 6223 6141 6141 6141 6223 6223 6223 6222 6222 6222 6142 6142 6142 6143 6143 6143 6224 6224 6224 6142 6142 6142 6224 6224 6224 6223 6223 6223 6143 6143 6143 6144 6144 6144 6225 6225 6225 6143 6143 6143 6225 6225 6225 6224 6224 6224 6144 6144 6144 6145 6145 6145 6226 6226 6226 6144 6144 6144 6226 6226 6226 6225 6225 6225 6145 6145 6145 6146 6146 6146 6227 6227 6227 6145 6145 6145 6227 6227 6227 6226 6226 6226 6146 6146 6146 6147 6147 6147 6228 6228 6228 6146 6146 6146 6228 6228 6228 6227 6227 6227 6147 6147 6147 6148 6148 6148 6229 6229 6229 6147 6147 6147 6229 6229 6229 6228 6228 6228 6148 6148 6148 6149 6149 6149 6230 6230 6230 6148 6148 6148 6230 6230 6230 6229 6229 6229 6149 6149 6149 6150 6150 6150 6231 6231 6231 6149 6149 6149 6231 6231 6231 6230 6230 6230 6150 6150 6150 6151 6151 6151 6232 6232 6232 6150 6150 6150 6232 6232 6232 6231 6231 6231 6151 6151 6151 6152 6152 6152 6233 6233 6233 6151 6151 6151 6233 6233 6233 6232 6232 6232 6152 6152 6152 6153 6153 6153 6234 6234 6234 6152 6152 6152 6234 6234 6234 6233 6233 6233 6153 6153 6153 6154 6154 6154 6235 6235 6235 6153 6153 6153 6235 6235 6235 6234 6234 6234 6154 6154 6154 6155 6155 6155 6236 6236 6236 6154 6154 6154 6236 6236 6236 6235 6235 6235 6156 6156 6156 6157 6157 6157 6238 6238 6238 6156 6156 6156 6238 6238 6238 6237 6237 6237 6157 6157 6157 6158 6158 6158 6239 6239 6239 6157 6157 6157 6239 6239 6239 6238 6238 6238 6158 6158 6158 6159 6159 6159 6240 6240 6240 6158 6158 6158 6240 6240 6240 6239 6239 6239 6159 6159 6159 6160 6160 6160 6241 6241 6241 6159 6159 6159 6241 6241 6241 6240 6240 6240 6160 6160 6160 6161 6161 6161 6242 6242 6242 6160 6160 6160 6242 6242 6242 6241 6241 6241 6161 6161 6161 6162 6162 6162 6243 6243 6243 6161 6161 6161 6243 6243 6243 6242 6242 6242 6162 6162 6162 6163 6163 6163 6244 6244 6244 6162 6162 6162 6244 6244 6244 6243 6243 6243 6163 6163 6163 6164 6164 6164 6245 6245 6245 6163 6163 6163 6245 6245 6245 6244 6244 6244 6164 6164 6164 6165 6165 6165 6246 6246 6246 6164 6164 6164 6246 6246 6246 6245 6245 6245 6165 6165 6165 6166 6166 6166 6247 6247 6247 6165 6165 6165 6247 6247 6247 6246 6246 6246 6166 6166 6166 6167 6167 6167 6248 6248 6248 6166 6166 6166 6248 6248 6248 6247 6247 6247 6167 6167 6167 6168 6168 6168 6249 6249 6249 6167 6167 6167 6249 6249 6249 6248 6248 6248 6168 6168 6168 6169 6169 6169 6250 6250 6250 6168 6168 6168 6250 6250 6250 6249 6249 6249 6169 6169 6169 6170 6170 6170 6251 6251 6251 6169 6169 6169 6251 6251 6251 6250 6250 6250 6170 6170 6170 6171 6171 6171 6252 6252 6252 6170 6170 6170 6252 6252 6252 6251 6251 6251 6171 6171 6171 6172 6172 6172 6253 6253 6253 6171 6171 6171 6253 6253 6253 6252 6252 6252 6172 6172 6172 6173 6173 6173 6254 6254 6254 6172 6172 6172 6254 6254 6254 6253 6253 6253 6173 6173 6173 6174 6174 6174 6255 6255 6255 6173 6173 6173 6255 6255 6255 6254 6254 6254 6174 6174 6174 6175 6175 6175 6256 6256 6256 6174 6174 6174 6256 6256 6256 6255 6255 6255 6175 6175 6175 6176 6176 6176 6257 6257 6257 6175 6175 6175 6257 6257 6257 6256 6256 6256 6176 6176 6176 6177 6177 6177 6258 6258 6258 6176 6176 6176 6258 6258 6258 6257 6257 6257 6177 6177 6177 6178 6178 6178 6259 6259 6259 6177 6177 6177 6259 6259 6259 6258 6258 6258 6178 6178 6178 6179 6179 6179 6260 6260 6260 6178 6178 6178 6260 6260 6260 6259 6259 6259 6179 6179 6179 6180 6180 6180 6261 6261 6261 6179 6179 6179 6261 6261 6261 6260 6260 6260 6180 6180 6180 6181 6181 6181 6262 6262 6262 6180 6180 6180 6262 6262 6262 6261 6261 6261 6181 6181 6181 6182 6182 6182 6263 6263 6263 6181 6181 6181 6263 6263 6263 6262 6262 6262 6182 6182 6182 6183 6183 6183 6264 6264 6264 6182 6182 6182 6264 6264 6264 6263 6263 6263 6183 6183 6183 6184 6184 6184 6265 6265 6265 6183 6183 6183 6265 6265 6265 6264 6264 6264 6184 6184 6184 6185 6185 6185 6266 6266 6266 6184 6184 6184 6266 6266 6266 6265 6265 6265 6185 6185 6185 6186 6186 6186 6267 6267 6267 6185 6185 6185 6267 6267 6267 6266 6266 6266 6186 6186 6186 6187 6187 6187 6268 6268 6268 6186 6186 6186 6268 6268 6268 6267 6267 6267 6187 6187 6187 6188 6188 6188 6269 6269 6269 6187 6187 6187 6269 6269 6269 6268 6268 6268 6188 6188 6188 6189 6189 6189 6270 6270 6270 6188 6188 6188 6270 6270 6270 6269 6269 6269 6189 6189 6189 6190 6190 6190 6271 6271 6271 6189 6189 6189 6271 6271 6271 6270 6270 6270 6190 6190 6190 6191 6191 6191 6272 6272 6272 6190 6190 6190 6272 6272 6272 6271 6271 6271 6191 6191 6191 6192 6192 6192 6273 6273 6273 6191 6191 6191 6273 6273 6273 6272 6272 6272 6192 6192 6192 6193 6193 6193 6274 6274 6274 6192 6192 6192 6274 6274 6274 6273 6273 6273 6193 6193 6193 6194 6194 6194 6275 6275 6275 6193 6193 6193 6275 6275 6275 6274 6274 6274 6194 6194 6194 6195 6195 6195 6276 6276 6276 6194 6194 6194 6276 6276 6276 6275 6275 6275 6195 6195 6195 6196 6196 6196 6277 6277 6277 6195 6195 6195 6277 6277 6277 6276 6276 6276 6196 6196 6196 6197 6197 6197 6278 6278 6278 6196 6196 6196 6278 6278 6278 6277 6277 6277 6197 6197 6197 6198 6198 6198 6279 6279 6279 6197 6197 6197 6279 6279 6279 6278 6278 6278 6198 6198 6198 6199 6199 6199 6280 6280 6280 6198 6198 6198 6280 6280 6280 6279 6279 6279 6199 6199 6199 6200 6200 6200 6281 6281 6281 6199 6199 6199 6281 6281 6281 6280 6280 6280 6200 6200 6200 6201 6201 6201 6282 6282 6282 6200 6200 6200 6282 6282 6282 6281 6281 6281 6201 6201 6201 6202 6202 6202 6283 6283 6283 6201 6201 6201 6283 6283 6283 6282 6282 6282 6202 6202 6202 6203 6203 6203 6284 6284 6284 6202 6202 6202 6284 6284 6284 6283 6283 6283 6203 6203 6203 6204 6204 6204 6285 6285 6285 6203 6203 6203 6285 6285 6285 6284 6284 6284 6204 6204 6204 6205 6205 6205 6286 6286 6286 6204 6204 6204 6286 6286 6286 6285 6285 6285 6205 6205 6205 6206 6206 6206 6287 6287 6287 6205 6205 6205 6287 6287 6287 6286 6286 6286 6206 6206 6206 6207 6207 6207 6288 6288 6288 6206 6206 6206 6288 6288 6288 6287 6287 6287 6207 6207 6207 6208 6208 6208 6289 6289 6289 6207 6207 6207 6289 6289 6289 6288 6288 6288 6208 6208 6208 6209 6209 6209 6290 6290 6290 6208 6208 6208 6290 6290 6290 6289 6289 6289 6209 6209 6209 6210 6210 6210 6291 6291 6291 6209 6209 6209 6291 6291 6291 6290 6290 6290 6210 6210 6210 6211 6211 6211 6292 6292 6292 6210 6210 6210 6292 6292 6292 6291 6291 6291 6211 6211 6211 6212 6212 6212 6293 6293 6293 6211 6211 6211 6293 6293 6293 6292 6292 6292 6212 6212 6212 6213 6213 6213 6294 6294 6294 6212 6212 6212 6294 6294 6294 6293 6293 6293 6213 6213 6213 6214 6214 6214 6295 6295 6295 6213 6213 6213 6295 6295 6295 6294 6294 6294 6214 6214 6214 6215 6215 6215 6296 6296 6296 6214 6214 6214 6296 6296 6296 6295 6295 6295 6215 6215 6215 6216 6216 6216 6297 6297 6297 6215 6215 6215 6297 6297 6297 6296 6296 6296 6216 6216 6216 6217 6217 6217 6298 6298 6298 6216 6216 6216 6298 6298 6298 6297 6297 6297 6217 6217 6217 6218 6218 6218 6299 6299 6299 6217 6217 6217 6299 6299 6299 6298 6298 6298 6218 6218 6218 6219 6219 6219 6300 6300 6300 6218 6218 6218 6300 6300 6300 6299 6299 6299 6219 6219 6219 6220 6220 6220 6301 6301 6301 6219 6219 6219 6301 6301 6301 6300 6300 6300 6220 6220 6220 6221 6221 6221 6302 6302 6302 6220 6220 6220 6302 6302 6302 6301 6301 6301 6221 6221 6221 6222 6222 6222 6303 6303 6303 6221 6221 6221 6303 6303 6303 6302 6302 6302 6222 6222 6222 6223 6223 6223 6304 6304 6304 6222 6222 6222 6304 6304 6304 6303 6303 6303 6223 6223 6223 6224 6224 6224 6305 6305 6305 6223 6223 6223 6305 6305 6305 6304 6304 6304 6224 6224 6224 6225 6225 6225 6306 6306 6306 6224 6224 6224 6306 6306 6306 6305 6305 6305 6225 6225 6225 6226 6226 6226 6307 6307 6307 6225 6225 6225 6307 6307 6307 6306 6306 6306 6226 6226 6226 6227 6227 6227 6308 6308 6308 6226 6226 6226 6308 6308 6308 6307 6307 6307 6227 6227 6227 6228 6228 6228 6309 6309 6309 6227 6227 6227 6309 6309 6309 6308 6308 6308 6228 6228 6228 6229 6229 6229 6310 6310 6310 6228 6228 6228 6310 6310 6310 6309 6309 6309 6229 6229 6229 6230 6230 6230 6311 6311 6311 6229 6229 6229 6311 6311 6311 6310 6310 6310 6230 6230 6230 6231 6231 6231 6312 6312 6312 6230 6230 6230 6312 6312 6312 6311 6311 6311 6231 6231 6231 6232 6232 6232 6313 6313 6313 6231 6231 6231 6313 6313 6313 6312 6312 6312 6232 6232 6232 6233 6233 6233 6314 6314 6314 6232 6232 6232 6314 6314 6314 6313 6313 6313 6233 6233 6233 6234 6234 6234 6315 6315 6315 6233 6233 6233 6315 6315 6315 6314 6314 6314 6234 6234 6234 6235 6235 6235 6316 6316 6316 6234 6234 6234 6316 6316 6316 6315 6315 6315 6235 6235 6235 6236 6236 6236 6317 6317 6317 6235 6235 6235 6317 6317 6317 6316 6316 6316 6237 6237 6237 6238 6238 6238 6319 6319 6319 6237 6237 6237 6319 6319 6319 6318 6318 6318 6238 6238 6238 6239 6239 6239 6320 6320 6320 6238 6238 6238 6320 6320 6320 6319 6319 6319 6239 6239 6239 6240 6240 6240 6321 6321 6321 6239 6239 6239 6321 6321 6321 6320 6320 6320 6240 6240 6240 6241 6241 6241 6322 6322 6322 6240 6240 6240 6322 6322 6322 6321 6321 6321 6241 6241 6241 6242 6242 6242 6323 6323 6323 6241 6241 6241 6323 6323 6323 6322 6322 6322 6242 6242 6242 6243 6243 6243 6324 6324 6324 6242 6242 6242 6324 6324 6324 6323 6323 6323 6243 6243 6243 6244 6244 6244 6325 6325 6325 6243 6243 6243 6325 6325 6325 6324 6324 6324 6244 6244 6244 6245 6245 6245 6326 6326 6326 6244 6244 6244 6326 6326 6326 6325 6325 6325 6245 6245 6245 6246 6246 6246 6327 6327 6327 6245 6245 6245 6327 6327 6327 6326 6326 6326 6246 6246 6246 6247 6247 6247 6328 6328 6328 6246 6246 6246 6328 6328 6328 6327 6327 6327 6247 6247 6247 6248 6248 6248 6329 6329 6329 6247 6247 6247 6329 6329 6329 6328 6328 6328 6248 6248 6248 6249 6249 6249 6330 6330 6330 6248 6248 6248 6330 6330 6330 6329 6329 6329 6249 6249 6249 6250 6250 6250 6331 6331 6331 6249 6249 6249 6331 6331 6331 6330 6330 6330 6250 6250 6250 6251 6251 6251 6332 6332 6332 6250 6250 6250 6332 6332 6332 6331 6331 6331 6251 6251 6251 6252 6252 6252 6333 6333 6333 6251 6251 6251 6333 6333 6333 6332 6332 6332 6252 6252 6252 6253 6253 6253 6334 6334 6334 6252 6252 6252 6334 6334 6334 6333 6333 6333 6253 6253 6253 6254 6254 6254 6335 6335 6335 6253 6253 6253 6335 6335 6335 6334 6334 6334 6254 6254 6254 6255 6255 6255 6336 6336 6336 6254 6254 6254 6336 6336 6336 6335 6335 6335 6255 6255 6255 6256 6256 6256 6337 6337 6337 6255 6255 6255 6337 6337 6337 6336 6336 6336 6256 6256 6256 6257 6257 6257 6338 6338 6338 6256 6256 6256 6338 6338 6338 6337 6337 6337 6257 6257 6257 6258 6258 6258 6339 6339 6339 6257 6257 6257 6339 6339 6339 6338 6338 6338 6258 6258 6258 6259 6259 6259 6340 6340 6340 6258 6258 6258 6340 6340 6340 6339 6339 6339 6259 6259 6259 6260 6260 6260 6341 6341 6341 6259 6259 6259 6341 6341 6341 6340 6340 6340 6260 6260 6260 6261 6261 6261 6342 6342 6342 6260 6260 6260 6342 6342 6342 6341 6341 6341 6261 6261 6261 6262 6262 6262 6343 6343 6343 6261 6261 6261 6343 6343 6343 6342 6342 6342 6262 6262 6262 6263 6263 6263 6344 6344 6344 6262 6262 6262 6344 6344 6344 6343 6343 6343 6263 6263 6263 6264 6264 6264 6345 6345 6345 6263 6263 6263 6345 6345 6345 6344 6344 6344 6264 6264 6264 6265 6265 6265 6346 6346 6346 6264 6264 6264 6346 6346 6346 6345 6345 6345 6265 6265 6265 6266 6266 6266 6347 6347 6347 6265 6265 6265 6347 6347 6347 6346 6346 6346 6266 6266 6266 6267 6267 6267 6348 6348 6348 6266 6266 6266 6348 6348 6348 6347 6347 6347 6267 6267 6267 6268 6268 6268 6349 6349 6349 6267 6267 6267 6349 6349 6349 6348 6348 6348 6268 6268 6268 6269 6269 6269 6350 6350 6350 6268 6268 6268 6350 6350 6350 6349 6349 6349 6269 6269 6269 6270 6270 6270 6351 6351 6351 6269 6269 6269 6351 6351 6351 6350 6350 6350 6270 6270 6270 6271 6271 6271 6352 6352 6352 6270 6270 6270 6352 6352 6352 6351 6351 6351 6271 6271 6271 6272 6272 6272 6353 6353 6353 6271 6271 6271 6353 6353 6353 6352 6352 6352 6272 6272 6272 6273 6273 6273 6354 6354 6354 6272 6272 6272 6354 6354 6354 6353 6353 6353 6273 6273 6273 6274 6274 6274 6355 6355 6355 6273 6273 6273 6355 6355 6355 6354 6354 6354 6274 6274 6274 6275 6275 6275 6356 6356 6356 6274 6274 6274 6356 6356 6356 6355 6355 6355 6275 6275 6275 6276 6276 6276 6357 6357 6357 6275 6275 6275 6357 6357 6357 6356 6356 6356 6276 6276 6276 6277 6277 6277 6358 6358 6358 6276 6276 6276 6358 6358 6358 6357 6357 6357 6277 6277 6277 6278 6278 6278 6359 6359 6359 6277 6277 6277 6359 6359 6359 6358 6358 6358 6278 6278 6278 6279 6279 6279 6360 6360 6360 6278 6278 6278 6360 6360 6360 6359 6359 6359 6279 6279 6279 6280 6280 6280 6361 6361 6361 6279 6279 6279 6361 6361 6361 6360 6360 6360 6280 6280 6280 6281 6281 6281 6362 6362 6362 6280 6280 6280 6362 6362 6362 6361 6361 6361 6281 6281 6281 6282 6282 6282 6363 6363 6363 6281 6281 6281 6363 6363 6363 6362 6362 6362 6282 6282 6282 6283 6283 6283 6364 6364 6364 6282 6282 6282 6364 6364 6364 6363 6363 6363 6283 6283 6283 6284 6284 6284 6365 6365 6365 6283 6283 6283 6365 6365 6365 6364 6364 6364 6284 6284 6284 6285 6285 6285 6366 6366 6366 6284 6284 6284 6366 6366 6366 6365 6365 6365 6285 6285 6285 6286 6286 6286 6367 6367 6367 6285 6285 6285 6367 6367 6367 6366 6366 6366 6286 6286 6286 6287 6287 6287 6368 6368 6368 6286 6286 6286 6368 6368 6368 6367 6367 6367 6287 6287 6287 6288 6288 6288 6369 6369 6369 6287 6287 6287 6369 6369 6369 6368 6368 6368 6288 6288 6288 6289 6289 6289 6370 6370 6370 6288 6288 6288 6370 6370 6370 6369 6369 6369 6289 6289 6289 6290 6290 6290 6371 6371 6371 6289 6289 6289 6371 6371 6371 6370 6370 6370 6290 6290 6290 6291 6291 6291 6372 6372 6372 6290 6290 6290 6372 6372 6372 6371 6371 6371 6291 6291 6291 6292 6292 6292 6373 6373 6373 6291 6291 6291 6373 6373 6373 6372 6372 6372 6292 6292 6292 6293 6293 6293 6374 6374 6374 6292 6292 6292 6374 6374 6374 6373 6373 6373 6293 6293 6293 6294 6294 6294 6375 6375 6375 6293 6293 6293 6375 6375 6375 6374 6374 6374 6294 6294 6294 6295 6295 6295 6376 6376 6376 6294 6294 6294 6376 6376 6376 6375 6375 6375 6295 6295 6295 6296 6296 6296 6377 6377 6377 6295 6295 6295 6377 6377 6377 6376 6376 6376 6296 6296 6296 6297 6297 6297 6378 6378 6378 6296 6296 6296 6378 6378 6378 6377 6377 6377 6297 6297 6297 6298 6298 6298 6379 6379 6379 6297 6297 6297 6379 6379 6379 6378 6378 6378 6298 6298 6298 6299 6299 6299 6380 6380 6380 6298 6298 6298 6380 6380 6380 6379 6379 6379 6299 6299 6299 6300 6300 6300 6381 6381 6381 6299 6299 6299 6381 6381 6381 6380 6380 6380 6300 6300 6300 6301 6301 6301 6382 6382 6382 6300 6300 6300 6382 6382 6382 6381 6381 6381 6301 6301 6301 6302 6302 6302 6383 6383 6383 6301 6301 6301 6383 6383 6383 6382 6382 6382 6302 6302 6302 6303 6303 6303 6384 6384 6384 6302 6302 6302 6384 6384 6384 6383 6383 6383 6303 6303 6303 6304 6304 6304 6385 6385 6385 6303 6303 6303 6385 6385 6385 6384 6384 6384 6304 6304 6304 6305 6305 6305 6386 6386 6386 6304 6304 6304 6386 6386 6386 6385 6385 6385 6305 6305 6305 6306 6306 6306 6387 6387 6387 6305 6305 6305 6387 6387 6387 6386 6386 6386 6306 6306 6306 6307 6307 6307 6388 6388 6388 6306 6306 6306 6388 6388 6388 6387 6387 6387 6307 6307 6307 6308 6308 6308 6389 6389 6389 6307 6307 6307 6389 6389 6389 6388 6388 6388 6308 6308 6308 6309 6309 6309 6390 6390 6390 6308 6308 6308 6390 6390 6390 6389 6389 6389 6309 6309 6309 6310 6310 6310 6391 6391 6391 6309 6309 6309 6391 6391 6391 6390 6390 6390 6310 6310 6310 6311 6311 6311 6392 6392 6392 6310 6310 6310 6392 6392 6392 6391 6391 6391 6311 6311 6311 6312 6312 6312 6393 6393 6393 6311 6311 6311 6393 6393 6393 6392 6392 6392 6312 6312 6312 6313 6313 6313 6394 6394 6394 6312 6312 6312 6394 6394 6394 6393 6393 6393 6313 6313 6313 6314 6314 6314 6395 6395 6395 6313 6313 6313 6395 6395 6395 6394 6394 6394 6314 6314 6314 6315 6315 6315 6396 6396 6396 6314 6314 6314 6396 6396 6396 6395 6395 6395 6315 6315 6315 6316 6316 6316 6397 6397 6397 6315 6315 6315 6397 6397 6397 6396 6396 6396 6316 6316 6316 6317 6317 6317 6398 6398 6398 6316 6316 6316 6398 6398 6398 6397 6397 6397 6318 6318 6318 6319 6319 6319 6400 6400 6400 6318 6318 6318 6400 6400 6400 6399 6399 6399 6319 6319 6319 6320 6320 6320 6401 6401 6401 6319 6319 6319 6401 6401 6401 6400 6400 6400 6320 6320 6320 6321 6321 6321 6402 6402 6402 6320 6320 6320 6402 6402 6402 6401 6401 6401 6321 6321 6321 6322 6322 6322 6403 6403 6403 6321 6321 6321 6403 6403 6403 6402 6402 6402 6322 6322 6322 6323 6323 6323 6404 6404 6404 6322 6322 6322 6404 6404 6404 6403 6403 6403 6323 6323 6323 6324 6324 6324 6405 6405 6405 6323 6323 6323 6405 6405 6405 6404 6404 6404 6324 6324 6324 6325 6325 6325 6406 6406 6406 6324 6324 6324 6406 6406 6406 6405 6405 6405 6325 6325 6325 6326 6326 6326 6407 6407 6407 6325 6325 6325 6407 6407 6407 6406 6406 6406 6326 6326 6326 6327 6327 6327 6408 6408 6408 6326 6326 6326 6408 6408 6408 6407 6407 6407 6327 6327 6327 6328 6328 6328 6409 6409 6409 6327 6327 6327 6409 6409 6409 6408 6408 6408 6328 6328 6328 6329 6329 6329 6410 6410 6410 6328 6328 6328 6410 6410 6410 6409 6409 6409 6329 6329 6329 6330 6330 6330 6411 6411 6411 6329 6329 6329 6411 6411 6411 6410 6410 6410 6330 6330 6330 6331 6331 6331 6412 6412 6412 6330 6330 6330 6412 6412 6412 6411 6411 6411 6331 6331 6331 6332 6332 6332 6413 6413 6413 6331 6331 6331 6413 6413 6413 6412 6412 6412 6332 6332 6332 6333 6333 6333 6414 6414 6414 6332 6332 6332 6414 6414 6414 6413 6413 6413 6333 6333 6333 6334 6334 6334 6415 6415 6415 6333 6333 6333 6415 6415 6415 6414 6414 6414 6334 6334 6334 6335 6335 6335 6416 6416 6416 6334 6334 6334 6416 6416 6416 6415 6415 6415 6335 6335 6335 6336 6336 6336 6417 6417 6417 6335 6335 6335 6417 6417 6417 6416 6416 6416 6336 6336 6336 6337 6337 6337 6418 6418 6418 6336 6336 6336 6418 6418 6418 6417 6417 6417 6337 6337 6337 6338 6338 6338 6419 6419 6419 6337 6337 6337 6419 6419 6419 6418 6418 6418 6338 6338 6338 6339 6339 6339 6420 6420 6420 6338 6338 6338 6420 6420 6420 6419 6419 6419 6339 6339 6339 6340 6340 6340 6421 6421 6421 6339 6339 6339 6421 6421 6421 6420 6420 6420 6340 6340 6340 6341 6341 6341 6422 6422 6422 6340 6340 6340 6422 6422 6422 6421 6421 6421 6341 6341 6341 6342 6342 6342 6423 6423 6423 6341 6341 6341 6423 6423 6423 6422 6422 6422 6342 6342 6342 6343 6343 6343 6424 6424 6424 6342 6342 6342 6424 6424 6424 6423 6423 6423 6343 6343 6343 6344 6344 6344 6425 6425 6425 6343 6343 6343 6425 6425 6425 6424 6424 6424 6344 6344 6344 6345 6345 6345 6426 6426 6426 6344 6344 6344 6426 6426 6426 6425 6425 6425 6345 6345 6345 6346 6346 6346 6427 6427 6427 6345 6345 6345 6427 6427 6427 6426 6426 6426 6346 6346 6346 6347 6347 6347 6428 6428 6428 6346 6346 6346 6428 6428 6428 6427 6427 6427 6347 6347 6347 6348 6348 6348 6429 6429 6429 6347 6347 6347 6429 6429 6429 6428 6428 6428 6348 6348 6348 6349 6349 6349 6430 6430 6430 6348 6348 6348 6430 6430 6430 6429 6429 6429 6349 6349 6349 6350 6350 6350 6431 6431 6431 6349 6349 6349 6431 6431 6431 6430 6430 6430 6350 6350 6350 6351 6351 6351 6432 6432 6432 6350 6350 6350 6432 6432 6432 6431 6431 6431 6351 6351 6351 6352 6352 6352 6433 6433 6433 6351 6351 6351 6433 6433 6433 6432 6432 6432 6352 6352 6352 6353 6353 6353 6434 6434 6434 6352 6352 6352 6434 6434 6434 6433 6433 6433 6353 6353 6353 6354 6354 6354 6435 6435 6435 6353 6353 6353 6435 6435 6435 6434 6434 6434 6354 6354 6354 6355 6355 6355 6436 6436 6436 6354 6354 6354 6436 6436 6436 6435 6435 6435 6355 6355 6355 6356 6356 6356 6437 6437 6437 6355 6355 6355 6437 6437 6437 6436 6436 6436 6356 6356 6356 6357 6357 6357 6438 6438 6438 6356 6356 6356 6438 6438 6438 6437 6437 6437 6357 6357 6357 6358 6358 6358 6439 6439 6439 6357 6357 6357 6439 6439 6439 6438 6438 6438 6358 6358 6358 6359 6359 6359 6440 6440 6440 6358 6358 6358 6440 6440 6440 6439 6439 6439 6359 6359 6359 6360 6360 6360 6441 6441 6441 6359 6359 6359 6441 6441 6441 6440 6440 6440 6360 6360 6360 6361 6361 6361 6442 6442 6442 6360 6360 6360 6442 6442 6442 6441 6441 6441 6361 6361 6361 6362 6362 6362 6443 6443 6443 6361 6361 6361 6443 6443 6443 6442 6442 6442 6362 6362 6362 6363 6363 6363 6444 6444 6444 6362 6362 6362 6444 6444 6444 6443 6443 6443 6363 6363 6363 6364 6364 6364 6445 6445 6445 6363 6363 6363 6445 6445 6445 6444 6444 6444 6364 6364 6364 6365 6365 6365 6446 6446 6446 6364 6364 6364 6446 6446 6446 6445 6445 6445 6365 6365 6365 6366 6366 6366 6447 6447 6447 6365 6365 6365 6447 6447 6447 6446 6446 6446 6366 6366 6366 6367 6367 6367 6448 6448 6448 6366 6366 6366 6448 6448 6448 6447 6447 6447 6367 6367 6367 6368 6368 6368 6449 6449 6449 6367 6367 6367 6449 6449 6449 6448 6448 6448 6368 6368 6368 6369 6369 6369 6450 6450 6450 6368 6368 6368 6450 6450 6450 6449 6449 6449 6369 6369 6369 6370 6370 6370 6451 6451 6451 6369 6369 6369 6451 6451 6451 6450 6450 6450 6370 6370 6370 6371 6371 6371 6452 6452 6452 6370 6370 6370 6452 6452 6452 6451 6451 6451 6371 6371 6371 6372 6372 6372 6453 6453 6453 6371 6371 6371 6453 6453 6453 6452 6452 6452 6372 6372 6372 6373 6373 6373 6454 6454 6454 6372 6372 6372 6454 6454 6454 6453 6453 6453 6373 6373 6373 6374 6374 6374 6455 6455 6455 6373 6373 6373 6455 6455 6455 6454 6454 6454 6374 6374 6374 6375 6375 6375 6456 6456 6456 6374 6374 6374 6456 6456 6456 6455 6455 6455 6375 6375 6375 6376 6376 6376 6457 6457 6457 6375 6375 6375 6457 6457 6457 6456 6456 6456 6376 6376 6376 6377 6377 6377 6458 6458 6458 6376 6376 6376 6458 6458 6458 6457 6457 6457 6377 6377 6377 6378 6378 6378 6459 6459 6459 6377 6377 6377 6459 6459 6459 6458 6458 6458 6378 6378 6378 6379 6379 6379 6460 6460 6460 6378 6378 6378 6460 6460 6460 6459 6459 6459 6379 6379 6379 6380 6380 6380 6461 6461 6461 6379 6379 6379 6461 6461 6461 6460 6460 6460 6380 6380 6380 6381 6381 6381 6462 6462 6462 6380 6380 6380 6462 6462 6462 6461 6461 6461 6381 6381 6381 6382 6382 6382 6463 6463 6463 6381 6381 6381 6463 6463 6463 6462 6462 6462 6382 6382 6382 6383 6383 6383 6464 6464 6464 6382 6382 6382 6464 6464 6464 6463 6463 6463 6383 6383 6383 6384 6384 6384 6465 6465 6465 6383 6383 6383 6465 6465 6465 6464 6464 6464 6384 6384 6384 6385 6385 6385 6466 6466 6466 6384 6384 6384 6466 6466 6466 6465 6465 6465 6385 6385 6385 6386 6386 6386 6467 6467 6467 6385 6385 6385 6467 6467 6467 6466 6466 6466 6386 6386 6386 6387 6387 6387 6468 6468 6468 6386 6386 6386 6468 6468 6468 6467 6467 6467 6387 6387 6387 6388 6388 6388 6469 6469 6469 6387 6387 6387 6469 6469 6469 6468 6468 6468 6388 6388 6388 6389 6389 6389 6470 6470 6470 6388 6388 6388 6470 6470 6470 6469 6469 6469 6389 6389 6389 6390 6390 6390 6471 6471 6471 6389 6389 6389 6471 6471 6471 6470 6470 6470 6390 6390 6390 6391 6391 6391 6472 6472 6472 6390 6390 6390 6472 6472 6472 6471 6471 6471 6391 6391 6391 6392 6392 6392 6473 6473 6473 6391 6391 6391 6473 6473 6473 6472 6472 6472 6392 6392 6392 6393 6393 6393 6474 6474 6474 6392 6392 6392 6474 6474 6474 6473 6473 6473 6393 6393 6393 6394 6394 6394 6475 6475 6475 6393 6393 6393 6475 6475 6475 6474 6474 6474 6394 6394 6394 6395 6395 6395 6476 6476 6476 6394 6394 6394 6476 6476 6476 6475 6475 6475 6395 6395 6395 6396 6396 6396 6477 6477 6477 6395 6395 6395 6477 6477 6477 6476 6476 6476 6396 6396 6396 6397 6397 6397 6478 6478 6478 6396 6396 6396 6478 6478 6478 6477 6477 6477 6397 6397 6397 6398 6398 6398 6479 6479 6479 6397 6397 6397 6479 6479 6479 6478 6478 6478 6399 6399 6399 6400 6400 6400 6481 6481 6481 6399 6399 6399 6481 6481 6481 6480 6480 6480 6400 6400 6400 6401 6401 6401 6482 6482 6482 6400 6400 6400 6482 6482 6482 6481 6481 6481 6401 6401 6401 6402 6402 6402 6483 6483 6483 6401 6401 6401 6483 6483 6483 6482 6482 6482 6402 6402 6402 6403 6403 6403 6484 6484 6484 6402 6402 6402 6484 6484 6484 6483 6483 6483 6403 6403 6403 6404 6404 6404 6485 6485 6485 6403 6403 6403 6485 6485 6485 6484 6484 6484 6404 6404 6404 6405 6405 6405 6486 6486 6486 6404 6404 6404 6486 6486 6486 6485 6485 6485 6405 6405 6405 6406 6406 6406 6487 6487 6487 6405 6405 6405 6487 6487 6487 6486 6486 6486 6406 6406 6406 6407 6407 6407 6488 6488 6488 6406 6406 6406 6488 6488 6488 6487 6487 6487 6407 6407 6407 6408 6408 6408 6489 6489 6489 6407 6407 6407 6489 6489 6489 6488 6488 6488 6408 6408 6408 6409 6409 6409 6490 6490 6490 6408 6408 6408 6490 6490 6490 6489 6489 6489 6409 6409 6409 6410 6410 6410 6491 6491 6491 6409 6409 6409 6491 6491 6491 6490 6490 6490 6410 6410 6410 6411 6411 6411 6492 6492 6492 6410 6410 6410 6492 6492 6492 6491 6491 6491 6411 6411 6411 6412 6412 6412 6493 6493 6493 6411 6411 6411 6493 6493 6493 6492 6492 6492 6412 6412 6412 6413 6413 6413 6494 6494 6494 6412 6412 6412 6494 6494 6494 6493 6493 6493 6413 6413 6413 6414 6414 6414 6495 6495 6495 6413 6413 6413 6495 6495 6495 6494 6494 6494 6414 6414 6414 6415 6415 6415 6496 6496 6496 6414 6414 6414 6496 6496 6496 6495 6495 6495 6415 6415 6415 6416 6416 6416 6497 6497 6497 6415 6415 6415 6497 6497 6497 6496 6496 6496 6416 6416 6416 6417 6417 6417 6498 6498 6498 6416 6416 6416 6498 6498 6498 6497 6497 6497 6417 6417 6417 6418 6418 6418 6499 6499 6499 6417 6417 6417 6499 6499 6499 6498 6498 6498 6418 6418 6418 6419 6419 6419 6500 6500 6500 6418 6418 6418 6500 6500 6500 6499 6499 6499 6419 6419 6419 6420 6420 6420 6501 6501 6501 6419 6419 6419 6501 6501 6501 6500 6500 6500 6420 6420 6420 6421 6421 6421 6502 6502 6502 6420 6420 6420 6502 6502 6502 6501 6501 6501 6421 6421 6421 6422 6422 6422 6503 6503 6503 6421 6421 6421 6503 6503 6503 6502 6502 6502 6422 6422 6422 6423 6423 6423 6504 6504 6504 6422 6422 6422 6504 6504 6504 6503 6503 6503 6423 6423 6423 6424 6424 6424 6505 6505 6505 6423 6423 6423 6505 6505 6505 6504 6504 6504 6424 6424 6424 6425 6425 6425 6506 6506 6506 6424 6424 6424 6506 6506 6506 6505 6505 6505 6425 6425 6425 6426 6426 6426 6507 6507 6507 6425 6425 6425 6507 6507 6507 6506 6506 6506 6426 6426 6426 6427 6427 6427 6508 6508 6508 6426 6426 6426 6508 6508 6508 6507 6507 6507 6427 6427 6427 6428 6428 6428 6509 6509 6509 6427 6427 6427 6509 6509 6509 6508 6508 6508 6428 6428 6428 6429 6429 6429 6510 6510 6510 6428 6428 6428 6510 6510 6510 6509 6509 6509 6429 6429 6429 6430 6430 6430 6511 6511 6511 6429 6429 6429 6511 6511 6511 6510 6510 6510 6430 6430 6430 6431 6431 6431 6512 6512 6512 6430 6430 6430 6512 6512 6512 6511 6511 6511 6431 6431 6431 6432 6432 6432 6513 6513 6513 6431 6431 6431 6513 6513 6513 6512 6512 6512 6432 6432 6432 6433 6433 6433 6514 6514 6514 6432 6432 6432 6514 6514 6514 6513 6513 6513 6433 6433 6433 6434 6434 6434 6515 6515 6515 6433 6433 6433 6515 6515 6515 6514 6514 6514 6434 6434 6434 6435 6435 6435 6516 6516 6516 6434 6434 6434 6516 6516 6516 6515 6515 6515 6435 6435 6435 6436 6436 6436 6517 6517 6517 6435 6435 6435 6517 6517 6517 6516 6516 6516 6436 6436 6436 6437 6437 6437 6518 6518 6518 6436 6436 6436 6518 6518 6518 6517 6517 6517 6437 6437 6437 6438 6438 6438 6519 6519 6519 6437 6437 6437 6519 6519 6519 6518 6518 6518 6438 6438 6438 6439 6439 6439 6520 6520 6520 6438 6438 6438 6520 6520 6520 6519 6519 6519 6439 6439 6439 6440 6440 6440 6521 6521 6521 6439 6439 6439 6521 6521 6521 6520 6520 6520 6440 6440 6440 6441 6441 6441 6522 6522 6522 6440 6440 6440 6522 6522 6522 6521 6521 6521 6441 6441 6441 6442 6442 6442 6523 6523 6523 6441 6441 6441 6523 6523 6523 6522 6522 6522 6442 6442 6442 6443 6443 6443 6524 6524 6524 6442 6442 6442 6524 6524 6524 6523 6523 6523 6443 6443 6443 6444 6444 6444 6525 6525 6525 6443 6443 6443 6525 6525 6525 6524 6524 6524 6444 6444 6444 6445 6445 6445 6526 6526 6526 6444 6444 6444 6526 6526 6526 6525 6525 6525 6445 6445 6445 6446 6446 6446 6527 6527 6527 6445 6445 6445 6527 6527 6527 6526 6526 6526 6446 6446 6446 6447 6447 6447 6528 6528 6528 6446 6446 6446 6528 6528 6528 6527 6527 6527 6447 6447 6447 6448 6448 6448 6529 6529 6529 6447 6447 6447 6529 6529 6529 6528 6528 6528 6448 6448 6448 6449 6449 6449 6530 6530 6530 6448 6448 6448 6530 6530 6530 6529 6529 6529 6449 6449 6449 6450 6450 6450 6531 6531 6531 6449 6449 6449 6531 6531 6531 6530 6530 6530 6450 6450 6450 6451 6451 6451 6532 6532 6532 6450 6450 6450 6532 6532 6532 6531 6531 6531 6451 6451 6451 6452 6452 6452 6533 6533 6533 6451 6451 6451 6533 6533 6533 6532 6532 6532 6452 6452 6452 6453 6453 6453 6534 6534 6534 6452 6452 6452 6534 6534 6534 6533 6533 6533 6453 6453 6453 6454 6454 6454 6535 6535 6535 6453 6453 6453 6535 6535 6535 6534 6534 6534 6454 6454 6454 6455 6455 6455 6536 6536 6536 6454 6454 6454 6536 6536 6536 6535 6535 6535 6455 6455 6455 6456 6456 6456 6537 6537 6537 6455 6455 6455 6537 6537 6537 6536 6536 6536 6456 6456 6456 6457 6457 6457 6538 6538 6538 6456 6456 6456 6538 6538 6538 6537 6537 6537 6457 6457 6457 6458 6458 6458 6539 6539 6539 6457 6457 6457 6539 6539 6539 6538 6538 6538 6458 6458 6458 6459 6459 6459 6540 6540 6540 6458 6458 6458 6540 6540 6540 6539 6539 6539 6459 6459 6459 6460 6460 6460 6541 6541 6541 6459 6459 6459 6541 6541 6541 6540 6540 6540 6460 6460 6460 6461 6461 6461 6542 6542 6542 6460 6460 6460 6542 6542 6542 6541 6541 6541 6461 6461 6461 6462 6462 6462 6543 6543 6543 6461 6461 6461 6543 6543 6543 6542 6542 6542 6462 6462 6462 6463 6463 6463 6544 6544 6544 6462 6462 6462 6544 6544 6544 6543 6543 6543 6463 6463 6463 6464 6464 6464 6545 6545 6545 6463 6463 6463 6545 6545 6545 6544 6544 6544 6464 6464 6464 6465 6465 6465 6546 6546 6546 6464 6464 6464 6546 6546 6546 6545 6545 6545 6465 6465 6465 6466 6466 6466 6547 6547 6547 6465 6465 6465 6547 6547 6547 6546 6546 6546 6466 6466 6466 6467 6467 6467 6548 6548 6548 6466 6466 6466 6548 6548 6548 6547 6547 6547 6467 6467 6467 6468 6468 6468 6549 6549 6549 6467 6467 6467 6549 6549 6549 6548 6548 6548 6468 6468 6468 6469 6469 6469 6550 6550 6550 6468 6468 6468 6550 6550 6550 6549 6549 6549 6469 6469 6469 6470 6470 6470 6551 6551 6551 6469 6469 6469 6551 6551 6551 6550 6550 6550 6470 6470 6470 6471 6471 6471 6552 6552 6552 6470 6470 6470 6552 6552 6552 6551 6551 6551 6471 6471 6471 6472 6472 6472 6553 6553 6553 6471 6471 6471 6553 6553 6553 6552 6552 6552 6472 6472 6472 6473 6473 6473 6554 6554 6554 6472 6472 6472 6554 6554 6554 6553 6553 6553 6473 6473 6473 6474 6474 6474 6555 6555 6555 6473 6473 6473 6555 6555 6555 6554 6554 6554 6474 6474 6474 6475 6475 6475 6556 6556 6556 6474 6474 6474 6556 6556 6556 6555 6555 6555 6475 6475 6475 6476 6476 6476 6557 6557 6557 6475 6475 6475 6557 6557 6557 6556 6556 6556 6476 6476 6476 6477 6477 6477 6558 6558 6558 6476 6476 6476 6558 6558 6558 6557 6557 6557 6477 6477 6477 6478 6478 6478 6559 6559 6559 6477 6477 6477 6559 6559 6559 6558 6558 6558 6478 6478 6478 6479 6479 6479 6560 6560 6560 6478 6478 6478 6560 6560 6560 6559 6559 6559</p>
        </triangles>
      </mesh>
    </geometry>
  </library_geometries>
  <library_visual_scenes>
    <visual_scene id="Scene" name="Scene">
      <node id="Terrain" name="Terrain" type="NODE">
        <matrix sid="transform">1 0 0 0 0 1 0 0 0 0 1 0 0 0 0 1</matrix>
        <instance_geometry url="#Terrain-mesh" name="Terrain">
          <bind_material>
            <technique_common>
              <instance_material symbol="Material_001-material" target="#Material_001-material">
                <bind_vertex_input semantic="UVMap" input_semantic="TEXCOORD" input_set="0"/>
              </instance_material>
            </technique_common>
          </bind_material>
        </instance_geometry>
      </node>
    </visual_scene>
  </library_visual_scenes>
  <scene>
    <instance_visual_scene url="#Scene"/>
  </scene>
</COLLADA>
